media_id,taken_at,username,follower_count,caption,media_product_type,media_type,like_count,comment_count,save_count,share_count,video_view_count,reach
639175920467511063,1787582911,anaya75,1329,"friday faves, 12 things i actually used this week #FridayFaves",STORY,VIDEO,0,0,0,0,732,327
300037549766934955,1787695084,zoya519_,558,"repair karana sasta hai, log samajhte nahi #RepairNotReplace",REELS,VIDEO,10,0,1,0,726,392
359406088923787287,1787657501,tanvir683,216,clip of that moment is everywhere now #WatchParty,REELS,VIDEO,6,0,1,0,205,175
175644776534295398,1787633700,shreya404_,766,still stuck on the loading screen #AppDown,REELS,VIDEO,11,0,0,3,788,822
822044578312726467,1787681587,tanvir811x,498,NOBODY saw that result coming #UnderdogWin,REELS,VIDEO,30,2,3,0,983,423
914104630593550997,1787701174,anaya371x,84,clip of that moment is everywhere now #WatchParty,REELS,VIDEO,2,0,0,0,182,95
484742230888033736,1787680373,vikram666_,647,clip of that moment is everywhere now #SingalongChallenge,REELS,VIDEO,37,0,8,4,943,846
964991854130257545,1787697365,bina1153_in,202,everyone using this audio as a template #WatchParty,FEED,IMAGE,6,0,1,0,,163
916880314899466570,1787683909,aisha570_in,100,"bhai ye wala stall best hai, 58 me itna khana #LateNightEats",REELS,VIDEO,3,0,0,0,231,64
243098378908438105,1787678508,omar73,538,queue was 40 min long and honestly worth it #StreetFoodFinds,STORY,IMAGE,0,0,0,0,,462
730086287412048020,1787642580,bina159_in,278,ei match ta bhulte parbo na #UnderdogWin,FEED,IMAGE,7,0,0,0,,326
436320308348008311,1787681101,vikram109607,275,biggest upset of the season easily #UnderdogWin,REELS,VIDEO,7,0,1,1,324,181
574932087381557534,1787696086,priya487official,187,"the whole crowd singing along, chills #SingalongChallenge",STORY,VIDEO,0,0,0,0,56,56
980579986607242988,1787696806,arjun774_,278,ei match ta bhulte parbo na #MatchNight,FEED,IMAGE,7,0,0,0,,245
263327765134649487,1787698608,rahul392official,135,"late night eats thread, adding this one to the list #LateNightEats",REELS,VIDEO,2,0,0,0,50,38
583535625869673690,1787659984,nadia860official,502,clip of that moment is everywhere now #SingalongChallenge,FEED,CAROUSEL_ALBUM,7,0,0,1,,252
206827200284767130,1787651305,zoya108x,491,watch party er environment ta osadharon chilo #WatchParty,STORY,VIDEO,0,0,0,0,761,235
738184899667986932,1787662901,shreya144_in,292,underdogs really did that tonight #MatchNight,FEED,CAROUSEL_ALBUM,5,0,0,1,,275
266529877669557019,1787553119,aisha11_in,907,underdogs really did that tonight #UnderdogWin,FEED,CAROUSEL_ALBUM,8,0,0,1,,277
730239031836755054,1787691135,sunny946x,341,clip of that moment is everywhere now #WatchParty,FEED,IMAGE,7,0,0,0,,220
227542562175571331,1787651215,vikram550official,789,everyone using this audio as a template #WatchParty,REELS,VIDEO,19,1,1,4,1249,664
765563542297588587,1787658082,kabir758_,8288,last over replay pe replay dekh raha hu #UnderdogWin,FEED,IMAGE,73,4,6,20,,9771
279075192812202869,1787647767,omar173677,510,queue was 40 min long and honestly worth it #LateNightEats,REELS,VIDEO,13,0,0,3,271,262
686012732696490116,1787697111,priya49,6005,"the whole crowd singing along, chills #SingalongChallenge",FEED,IMAGE,26,0,5,1,,633
520755639580233555,1787641656,priya49,6005,"the whole crowd singing along, chills #SingalongChallenge",REELS,VIDEO,88,6,1,23,5815,5041
115268921686399651,1787579932,zoya58official,3147,anyone know how long the update usually takes? #DeliveryStatus,STORY,IMAGE,0,0,0,0,,2214
813250551147910589,1787594033,farhan4107,647,honest review after two weeks of daily use #GadgetCheck,REELS,VIDEO,8,0,0,0,751,365
882503317347699769,1787642819,sana124_,163,"repair karana sasta hai, log samajhte nahi #RepairNotReplace",FEED,CAROUSEL_ALBUM,0,0,0,0,,156
104623457033561661,1787670330,neel477275,72,"bhai ye wala stall best hai, 103 me itna khana #StreetFoodFinds",REELS,VIDEO,2,0,0,0,54,44
462108953436443094,1787700156,sunny676,1293,"the whole crowd singing along, chills #SingalongChallenge",REELS,VIDEO,33,3,0,4,866,734
167355139652991208,1787699803,rahul677,251,this haul format is everywhere on my feed now #CampusHaul,FEED,CAROUSEL_ALBUM,6,0,1,1,,100
707390232063779973,1787688298,anaya583148,534,"late night eats thread, adding this one to the list #StreetFoodFinds",REELS,VIDEO,11,0,0,0,842,300
908625802399564764,1787692041,dipu627832,5716,is the app down for everyone or just me #ServerOutage,FEED,IMAGE,9,0,2,0,,
215392679830049608,1787685756,kabir778x,2994,everyone using this audio as a template #WatchParty,REELS,VIDEO,102,3,2,20,4562,2701
530578388708829849,1787691722,rahul936,398,"ei jaygar khabar ta darun, must try #LateNightEats",FEED,CAROUSEL_ALBUM,3,0,0,0,,242
252145942043209936,1787615414,farhan495x,23,"back to campus haul, everything under 4200 #BackToCampus",REELS,VIDEO,0,0,0,0,84,45
393632012489687308,1787688455,vikram76,413,ei match ta bhulte parbo na #MatchNight,FEED,CAROUSEL_ALBUM,17,0,0,3,,315
781283086128318884,1787641938,bina12807,80,"delivery took 3 days longer than promised, finally here #ShippingUpdate",FEED,IMAGE,0,0,0,0,,24
489991012877316498,1787604606,jay418905,3735,"ok it's a regional thing, not a full outage #AppDown",FEED,IMAGE,5,0,0,0,,284
736323326394883994,1787700878,zoya1084344,822,found this 42-rupee plate near the station and i'm never recovering #StreetFoodFinds,STORY,VIDEO,0,0,0,0,614,468
611507484686458265,1787666047,anaya75,1329,underdogs really did that tonight #MatchNight,REELS,VIDEO,5,0,0,0,1210,687
727590661849192537,1787697921,meera535_,650,ei match ta bhulte parbo na #UnderdogWin,FEED,CAROUSEL_ALBUM,10,0,1,1,,440
380227885591477595,1787653339,rahul270_in,596,everyone using this audio as a template #SingalongChallenge,STORY,IMAGE,0,0,0,0,,72
188614260370096138,1787679470,hasan618official,1318,found this 27-rupee plate near the station and i'm never recovering #LateNightEats,FEED,CAROUSEL_ALBUM,6,0,1,0,,611
586480204882945697,1787651537,shreya545official,195,"the whole crowd singing along, chills #SingalongChallenge",FEED,CAROUSEL_ALBUM,4,0,0,0,,90
337827689513207822,1787681109,meera690,466,ei match ta bhulte parbo na #UnderdogWin,REELS,VIDEO,14,0,2,2,702,
712161969809848915,1787610123,arjun223_,1076,"late night eats thread, adding this one to the list #LateNightEats",REELS,VIDEO,4,0,0,0,2369,681
841224532512721144,1787682686,arjun112007,519,"late night eats thread, adding this one to the list #StreetFoodFinds",REELS,VIDEO,6,0,1,1,230,
236834855666336528,1787663021,tanvir40,683,"friday faves, 27 things i actually used this week #WeeklyRoundup",REELS,VIDEO,16,0,3,2,666,574
710657974852904542,1787638317,anaya21807,223,"took it to a local shop, fixed for 10300. brand quoted 5x that #RightToRepair",FEED,CAROUSEL_ALBUM,2,0,0,0,,83
729887962538904557,1787646385,dipu268official,139,found this 42-rupee plate near the station and i'm never recovering #LateNightEats,REELS,VIDEO,2,0,0,0,104,53
486718442202630822,1787585859,bina31,347,"ok it's a regional thing, not a full outage #AppDown",REELS,VIDEO,7,0,0,0,895,454
654150878600834478,1787664049,dipu555675,88,"bhai ye wala stall best hai, 27 me itna khana #LateNightEats",FEED,CAROUSEL_ALBUM,2,0,0,0,,37
952198408030880722,1787685248,priya156official,123,clip of that moment is everywhere now #WatchParty,REELS,VIDEO,2,0,0,0,356,94
774633357471570151,1787689058,priya534official,125,"ei jaygar khabar ta darun, must try #StreetFoodFinds",FEED,CAROUSEL_ALBUM,4,0,0,1,,132
369785979557302223,1787679996,shreya162x,3036,is the app down for everyone or just me #AppDown,REELS,VIDEO,65,5,12,19,4593,3207
241233629131938214,1787674388,dipu77907,98,NOBODY saw that result coming #MatchNight,FEED,IMAGE,3,0,0,0,,55
122938278741526385,1787643941,meera479_,416,clip of that moment is everywhere now #WatchParty,STORY,IMAGE,0,0,0,0,,408
933443101104353767,1787677513,priya90307,467,queue was 40 min long and honestly worth it #LateNightEats,REELS,VIDEO,5,0,0,0,306,107
616358421553254699,1787691099,dipu1002,371,"parts pairing is the real problem, not the screws #RightToRepair",REELS,VIDEO,11,0,1,1,845,327
245272482023624232,1787700542,aisha190x,122,"bhai ye wala stall best hai, 34 me itna khana #LateNightEats",STORY,VIDEO,0,0,0,0,209,78
965495852270616104,1787698830,arjun1072_,1635,NOBODY saw that result coming #MatchNight,FEED,IMAGE,43,5,10,1,,1518
933814920764519039,1787700721,imran125_,913,"took it to a local shop, fixed for 5800. brand quoted 5x that #RepairNotReplace",FEED,IMAGE,18,0,2,3,,328
794485172459289664,1787661675,dipu798x,286,underdogs really did that tonight #UnderdogWin,FEED,CAROUSEL_ALBUM,11,1,0,1,,253
643842298769832741,1787600607,tanvir80_,367,"delivery took 3 days longer than promised, finally here #ShippingUpdate",REELS,VIDEO,6,0,1,1,571,267
753071811926475488,1787634479,omar265,1083,watch party er environment ta osadharon chilo #SingalongChallenge,REELS,VIDEO,48,2,10,13,2637,678
621404363130429653,1787666220,bina83official,523,queue was 40 min long and honestly worth it #LateNightEats,REELS,VIDEO,15,0,1,2,933,323
379159168931551315,1787694266,shreya370official,506,"bhai ye wala stall best hai, 58 me itna khana #LateNightEats",REELS,VIDEO,13,0,1,0,1018,570
194119988509385672,1787568814,meera91_in,1298,"this week's roundup is live, have a read #WeeklyRoundup",REELS,VIDEO,14,0,1,3,1677,726
375570286834233477,1787684144,imran743official,581,NOBODY saw that result coming #UnderdogWin,REELS,VIDEO,15,1,2,2,1452,437
111368087066882244,1787606709,omar4407,2871,clip of that moment is everywhere now #WatchParty,FEED,IMAGE,17,1,3,2,,474
565452364791192489,1787630528,sana33807,2087,"late night eats thread, adding this one to the list #StreetFoodFinds",REELS,VIDEO,76,5,3,0,3743,2028
977742499802045487,1787698419,sana578_,2600,hostel room setup part 2 #CampusHaul,REELS,VIDEO,52,6,8,15,2162,656
276618183528795640,1787683044,bina468_,164,biggest upset of the season easily #UnderdogWin,FEED,CAROUSEL_ALBUM,3,0,0,0,,92
962234348090044899,1787624381,rahul26207,1136,"college list banaya hai, kuch reh gaya? #CampusHaul",STORY,VIDEO,0,0,0,0,2902,1316
865663649463837088,1787676008,sunny471_,262,this haul format is everywhere on my feed now #BackToCampus,FEED,IMAGE,1,0,0,0,,67
599399818630049231,1787612652,vikram121x,305,honest review after two weeks of daily use #HonestReview,FEED,CAROUSEL_ALBUM,3,0,0,0,,123
271739183570902235,1787631743,imran25407,156,why is replacing the battery cheaper than the whole phone now #RepairNotReplace,REELS,VIDEO,2,0,0,0,92,40
241841303227635881,1787578525,omar82259,902,"bhai ye wala stall best hai, 42 me itna khana #LateNightEats",REELS,VIDEO,25,1,2,0,698,629
812201724406088204,1787658680,sunny471_,262,"the whole crowd singing along, chills #WatchParty",REELS,VIDEO,1,0,0,0,231,158
541120357410440425,1787667883,rizwan86,593,"friday faves, 42 things i actually used this week #FridayFaves",FEED,IMAGE,0,0,0,0,,79
684478727666611417,1787667759,arjun340official,810,this haul format is everywhere on my feed now #BackToCampus,FEED,IMAGE,32,2,4,6,,383
388314308891991503,1787579993,rizwan86,593,"friday faves, 58 things i actually used this week #FridayFaves",FEED,IMAGE,1,0,0,0,,221
690857902962531267,1787679929,zoya82407,1135,"the whole crowd singing along, chills #WatchParty",REELS,VIDEO,58,4,3,9,2992,864
961259867384523382,1787663764,dipu73207,659,last over replay pe replay dekh raha hu #UnderdogWin,FEED,CAROUSEL_ALBUM,1,0,0,0,,75
747025986413259799,1787664194,bina6807,131,"friday faves, 34 things i actually used this week #WeeklyRoundup",REELS,VIDEO,0,0,0,0,59,35
873625013916581247,1787701123,neel1130824,263,watch party er environment ta osadharon chilo #SingalongChallenge,REELS,VIDEO,8,0,0,1,405,161
764047880534842337,1787668308,shreya217_,629,"the whole crowd singing along, chills #SingalongChallenge",REELS,VIDEO,10,1,0,0,446,252
419210811229831491,1787676941,dipu762x,1358,ei match ta bhulte parbo na #UnderdogWin,FEED,CAROUSEL_ALBUM,57,0,11,10,,803
927915734449828893,1787657241,sunny235162,121,"the whole crowd singing along, chills #SingalongChallenge",STORY,IMAGE,0,0,0,0,,77
958947854212156049,1787681272,shreya105407,220,watch party er environment ta osadharon chilo #SingalongChallenge,STORY,VIDEO,0,0,0,0,372,
236590980679024076,1787674207,priya725644,2160,biggest upset of the season easily #UnderdogWin,STORY,VIDEO,0,0,0,0,4979,2644
303811352230623078,1787678035,zoya434official,184,NOBODY saw that result coming #MatchNight,REELS,VIDEO,7,0,1,0,235,109
494822017243716336,1787696816,arjun325995,750,found this 103-rupee plate near the station and i'm never recovering #LateNightEats,STORY,IMAGE,0,0,0,0,,384
802584074893412427,1787674496,tara282x,441,underdogs really did that tonight #UnderdogWin,FEED,IMAGE,11,0,2,2,,455
743036830611380572,1787652837,meera544official,391,biggest upset of the season easily #MatchNight,REELS,VIDEO,2,0,0,0,810,229
764154103016658871,1787566476,farhan96531,136,"delivery took 3 days longer than promised, finally here #ShippingUpdate",REELS,VIDEO,3,0,0,0,265,148
751330267242836317,1787655420,sana750_in,564,"parts pairing is the real problem, not the screws #RepairNotReplace",FEED,CAROUSEL_ALBUM,2,0,0,0,,250
442192501398166868,1787677841,kabir428,338,"late night eats thread, adding this one to the list #LateNightEats",FEED,CAROUSEL_ALBUM,9,0,0,1,,273
166807384461277791,1787671321,rahul936,398,"the whole crowd singing along, chills #SingalongChallenge",REELS,VIDEO,10,0,2,2,460,400
288287654036257711,1787665671,vikram697official,529,"the whole crowd singing along, chills #SingalongChallenge",FEED,CAROUSEL_ALBUM,6,0,0,0,,147
443210021706495118,1787687648,rahul437official,1661,"the whole crowd singing along, chills #SingalongChallenge",REELS,VIDEO,67,6,13,6,2047,1525
795051735049791896,1787684258,dipu77907,98,biggest upset of the season easily #UnderdogWin,REELS,VIDEO,1,0,0,0,60,67
389641350544792304,1787695246,omar74407,5025,everyone using this audio as a template #SingalongChallenge,REELS,VIDEO,97,2,11,10,8613,3208
546748640601267267,1787687631,tanvir242487,547,biggest upset of the season easily #MatchNight,STORY,IMAGE,0,0,0,0,,187
665385041581516782,1787701412,arjun223_,1076,found this 103-rupee plate near the station and i'm never recovering #LateNightEats,FEED,CAROUSEL_ALBUM,16,0,3,4,,1234
560012981491779103,1787691980,jay1008,387,clip of that moment is everywhere now #WatchParty,FEED,IMAGE,9,0,1,2,,243
420600554255132027,1787646544,neel492,121,ei match ta bhulte parbo na #UnderdogWin,FEED,IMAGE,2,0,0,0,,41
221847155086417473,1787664559,priya167official,1401,last over replay pe replay dekh raha hu #UnderdogWin,REELS,VIDEO,25,0,5,2,1596,1009
177999168187098073,1787670411,zoya11507,178,ei match ta bhulte parbo na #UnderdogWin,STORY,VIDEO,0,0,0,0,385,156
237248133707539026,1787691646,nadia1050x,690,everyone using this audio as a template #SingalongChallenge,FEED,CAROUSEL_ALBUM,7,0,0,0,,269
448967323896696379,1787666211,aisha394_,1500,"parts pairing is the real problem, not the screws #RightToRepair",REELS,VIDEO,30,1,5,0,979,515
316985975130546733,1787642091,zoya800,1341,ei match ta bhulte parbo na #MatchNight,STORY,VIDEO,0,0,0,0,1695,917
531241051719930904,1787683623,priya374x,1251,NOBODY saw that result coming #MatchNight,FEED,CAROUSEL_ALBUM,44,1,8,4,,575
343084918393493137,1787670680,nadia70307,1062,biggest upset of the season easily #MatchNight,REELS,VIDEO,36,1,5,9,1036,434
183881363406022439,1787636566,sunny533,598,everyone using this audio as a template #WatchParty,REELS,VIDEO,1,0,0,0,148,154
512181578253230214,1787695708,shreya1137,2034,watch party er environment ta osadharon chilo #WatchParty,REELS,VIDEO,60,1,10,16,2649,2807
310349920163019606,1787653517,dipu820704,542,why is replacing the battery cheaper than the whole phone now #RepairNotReplace,REELS,VIDEO,16,0,3,1,649,600
157280818544914068,1787650481,rahul711_,1253,"ok it's a regional thing, not a full outage #AppDown",STORY,VIDEO,0,0,0,0,1049,430
191883669163958739,1787675946,vikram942_in,286,found this 58-rupee plate near the station and i'm never recovering #StreetFoodFinds,STORY,IMAGE,0,0,0,0,,210
590663761431737414,1787672637,bina999_,232,"the whole crowd singing along, chills #WatchParty",STORY,IMAGE,0,0,0,0,,112
491101580800472966,1787658164,rizwan911_in,3040,underdogs really did that tonight #MatchNight,REELS,VIDEO,42,3,10,10,1442,449
536085002418715743,1787620716,tanvir35_in,237,ei match ta bhulte parbo na #MatchNight,REELS,VIDEO,6,0,0,1,508,164
310385826561542731,1787680126,tara232995,906,ei match ta bhulte parbo na #MatchNight,FEED,CAROUSEL_ALBUM,7,0,1,1,,204
339785827144424962,1787607832,aisha357511,574,"took it to a local shop, fixed for 4200. brand quoted 5x that #RightToRepair",REELS,VIDEO,4,0,0,0,811,319
266166114170950144,1787664439,shreya545official,195,ei match ta bhulte parbo na #MatchNight,REELS,VIDEO,1,0,0,0,95,46
988784240007888497,1787695799,farhan28607,598,"ei jaygar khabar ta darun, must try #LateNightEats",REELS,VIDEO,2,0,0,0,259,166
781662245411610981,1787683413,imran810x,112,underdogs really did that tonight #UnderdogWin,FEED,IMAGE,0,0,0,0,,42
281353888078393472,1787659854,neel16_in,128,"the whole crowd singing along, chills #SingalongChallenge",REELS,VIDEO,2,0,0,0,138,80
520528172082680650,1787684167,arjun978_in,925,"took it to a local shop, fixed for 2700. brand quoted 5x that #RepairNotReplace",REELS,VIDEO,14,0,3,1,1634,881
226377282007089867,1787680214,meera1079597,37,"late night eats thread, adding this one to the list #StreetFoodFinds",REELS,VIDEO,1,0,0,0,79,24
810481820031322761,1787660938,arjun636,479,biggest upset of the season easily #MatchNight,REELS,VIDEO,3,0,0,0,365,205
150877513450182119,1787604898,tanvir30207,562,"the whole crowd singing along, chills #SingalongChallenge",FEED,CAROUSEL_ALBUM,4,0,0,1,,214
623487058584420492,1787691365,anaya346929,631,watch party er environment ta osadharon chilo #WatchParty,REELS,VIDEO,7,0,0,0,664,425
611244140716026891,1787651929,priya755official,546,NOBODY saw that result coming #UnderdogWin,REELS,VIDEO,4,0,0,1,566,198
644556120403900114,1787641672,anaya74107,297,queue was 40 min long and honestly worth it #LateNightEats,REELS,VIDEO,4,0,0,0,479,229
296148338598363282,1787679301,sunny1013_,75,"late night eats thread, adding this one to the list #LateNightEats",STORY,VIDEO,0,0,0,0,175,45
361428148230335142,1787654927,farhan272official,4360,"college list banaya hai, kuch reh gaya? #BackToCampus",FEED,IMAGE,13,0,0,2,,2371
627782408768864822,1787702295,zoya517official,514,ei match ta bhulte parbo na #MatchNight,FEED,IMAGE,4,0,0,0,,192
197011160863620400,1787687811,farhan746x,2752,queue was 40 min long and honestly worth it #StreetFoodFinds,REELS,VIDEO,18,0,0,3,3749,1894
461099518583464160,1787672102,shreya79407,252,why is replacing the battery cheaper than the whole phone now #RepairNotReplace,FEED,IMAGE,7,0,1,0,,342
164313493147706115,1787580537,tanvir11607,811,"friday faves, 42 things i actually used this week #WeeklyRoundup",FEED,IMAGE,12,0,2,1,,373
953073393408040495,1787577684,aisha357511,574,last over replay pe replay dekh raha hu #UnderdogWin,FEED,IMAGE,18,1,3,1,,272
193057939624738620,1787683341,rizwan1028_,1272,last over replay pe replay dekh raha hu #UnderdogWin,REELS,VIDEO,11,0,2,2,899,571
635519753453341196,1787701667,omar25807,636,watch party er environment ta osadharon chilo #WatchParty,STORY,IMAGE,0,0,0,0,,296
785215200075420288,1787694527,kabir134_,2531,ei match ta bhulte parbo na #UnderdogWin,STORY,IMAGE,0,0,0,0,,3067
892275511610729850,1787675604,farhan55_,1319,clip of that moment is everywhere now #WatchParty,REELS,VIDEO,9,0,0,2,726,317
924885983828955039,1787701677,anaya184,505,"the whole crowd singing along, chills #SingalongChallenge",REELS,VIDEO,3,0,0,0,287,90
855558091547581752,1787569424,rizwan163_,113,hostel room setup part 2 #BackToCampus,REELS,VIDEO,2,0,0,0,194,73
431176831857945147,1787646618,farhan59707,421,NOBODY saw that result coming #MatchNight,REELS,VIDEO,3,0,0,0,238,170
558753577183783452,1787655567,sunny526,802,clip of that moment is everywhere now #SingalongChallenge,FEED,CAROUSEL_ALBUM,2,0,0,0,,87
105193511046048176,1787679582,meera84507,353,biggest upset of the season easily #UnderdogWin,FEED,IMAGE,4,0,0,0,,51
924284577566603353,1787689629,imran413official,387,biggest upset of the season easily #UnderdogWin,REELS,VIDEO,5,0,0,0,416,190
958808609643233901,1787698078,aisha536official,128,"back to campus haul, everything under 1200 #CampusHaul",FEED,CAROUSEL_ALBUM,0,0,0,0,,51
327012957133082991,1787676444,shreya979919,211,NOBODY saw that result coming #MatchNight,FEED,IMAGE,2,0,0,0,,70
228268300944135226,1787660203,sunny177x,335,NOBODY saw that result coming #MatchNight,STORY,IMAGE,0,0,0,0,,190
260484530485236585,1787643227,sunny235162,121,"bhai ye wala stall best hai, 27 me itna khana #StreetFoodFinds",STORY,VIDEO,0,0,0,0,114,71
979003193658147670,1787625253,rizwan345_,126,underdogs really did that tonight #UnderdogWin,REELS,VIDEO,1,0,0,0,52,47
439675517278231148,1787669991,tara271official,131,underdogs really did that tonight #MatchNight,FEED,CAROUSEL_ALBUM,1,0,0,0,,126
933471753417633212,1787533737,sana30460,103,"parts pairing is the real problem, not the screws #RightToRepair",REELS,VIDEO,1,0,0,0,95,81
437528175401871141,1787657639,shreya605260,395,"late night eats thread, adding this one to the list #LateNightEats",REELS,VIDEO,6,0,1,1,363,220
180658686059573206,1787637851,sunny540x,668,NOBODY saw that result coming #UnderdogWin,REELS,VIDEO,7,0,0,0,436,231
441741674988636276,1787674405,hasan130,227,honest review after two weeks of daily use #GadgetCheck,FEED,CAROUSEL_ALBUM,0,0,0,0,,96
684914428655582541,1787684448,arjun59,276,clip of that moment is everywhere now #WatchParty,STORY,VIDEO,0,0,0,0,59,56
844977562326058415,1787658250,dipu598x,912,watch party er environment ta osadharon chilo #SingalongChallenge,FEED,IMAGE,5,0,1,1,,439
596414807290949523,1787692262,meera479_,416,third time this week honestly #AppDown,REELS,VIDEO,11,1,0,0,907,535
720319365933620480,1787686969,meera982_,583,last over replay pe replay dekh raha hu #UnderdogWin,FEED,IMAGE,9,0,0,2,,380
651369938925925838,1787675130,omar21907,105,clip of that moment is everywhere now #WatchParty,REELS,VIDEO,1,0,0,0,108,54
633681392571389960,1787700150,hasan731_,337,found this 58-rupee plate near the station and i'm never recovering #LateNightEats,FEED,CAROUSEL_ALBUM,25,2,1,2,,366
315971363623049704,1787644034,tanvir72807,75,is the app down for everyone or just me #AppDown,FEED,IMAGE,1,0,0,0,,25
737098698055844396,1787686774,vikram1040_,1566,watch party er environment ta osadharon chilo #WatchParty,FEED,CAROUSEL_ALBUM,13,0,2,1,,561
676031025974152941,1787672426,shreya751_,556,"the whole crowd singing along, chills #WatchParty",REELS,VIDEO,16,0,1,0,424,534
417755117015882191,1787546319,zoya79,3470,honest review after two weeks of daily use #HonestReview,STORY,VIDEO,0,0,0,0,1419,
309558370582869178,1787666622,meera136_in,557,"this week's roundup is live, have a read #WeeklyRoundup",FEED,IMAGE,7,0,1,1,,556
810308005434438731,1787662434,imran25107,327,NOBODY saw that result coming #MatchNight,FEED,CAROUSEL_ALBUM,8,0,1,0,,149
213319339700585851,1787671743,priya883_,529,why is replacing the battery cheaper than the whole phone now #RightToRepair,STORY,VIDEO,0,0,0,0,311,252
591432122654459217,1787666813,zoya519_,558,"late night eats thread, adding this one to the list #StreetFoodFinds",FEED,IMAGE,38,1,3,8,,346
345391068257523301,1787653337,rahul146official,2554,underdogs really did that tonight #UnderdogWin,REELS,VIDEO,42,1,1,1,4597,2439
436736020452413277,1787686472,tara232995,906,"genuinely good thread on repairability scores, worth a read #RightToRepair",REELS,VIDEO,12,0,2,2,1255,410
869158252152068161,1787659297,jay31707,459,ei match ta bhulte parbo na #MatchNight,FEED,CAROUSEL_ALBUM,13,0,1,0,,316
859558744855742932,1787671405,omar249,62,underdogs really did that tonight #UnderdogWin,FEED,CAROUSEL_ALBUM,1,0,0,0,,30
618717663896865376,1787579639,tanvir95x,1177,"false alarm apparently, working again on my end #ServerOutage",STORY,IMAGE,0,0,0,0,,1206
663605728611632845,1787699617,bina89207,587,found this 42-rupee plate near the station and i'm never recovering #LateNightEats,REELS,VIDEO,5,0,0,1,109,156
212627070101664488,1787690688,anaya1005x,4644,watch party er environment ta osadharon chilo #SingalongChallenge,FEED,CAROUSEL_ALBUM,85,7,13,2,,3657
294656063328046733,1787696571,farhan997,379,"genuinely good thread on repairability scores, worth a read #RightToRepair",REELS,VIDEO,4,0,0,0,670,169
215033630306136619,1787679059,meera920_,1694,clip of that moment is everywhere now #WatchParty,FEED,CAROUSEL_ALBUM,65,3,9,2,,1056
413940289143372591,1787533269,zoya48_in,287,"bhai ye wala stall best hai, 58 me itna khana #LateNightEats",REELS,VIDEO,8,0,1,2,431,219
257872571005043154,1787658901,dipu555675,88,clip of that moment is everywhere now #WatchParty,REELS,VIDEO,1,0,0,0,71,46
587713099484557324,1787670214,farhan96531,136,underdogs really did that tonight #MatchNight,REELS,VIDEO,1,0,0,0,131,108
919170644487248455,1787696914,meera535_,650,last over replay pe replay dekh raha hu #MatchNight,REELS,VIDEO,5,0,0,0,429,129
967611118127980237,1787627466,arjun98_in,86,found this 12-rupee plate near the station and i'm never recovering #StreetFoodFinds,FEED,IMAGE,1,0,0,0,,73
730184432031842864,1787697932,omar1007,281,"back to campus haul, everything under 3400 #CampusHaul",REELS,VIDEO,18,0,2,2,323,325
275121664553826398,1787673080,anaya990,2032,"ei jaygar khabar ta darun, must try #StreetFoodFinds",REELS,VIDEO,77,2,1,21,2518,2246
761918358349439330,1787615438,anaya376_in,772,watch party er environment ta osadharon chilo #SingalongChallenge,FEED,IMAGE,32,2,5,7,,475
805520954377043324,1787688315,rizwan966_in,1403,"took it to a local shop, fixed for 10300. brand quoted 5x that #RightToRepair",FEED,CAROUSEL_ALBUM,10,0,2,2,,1138
701340494775340669,1787696263,dipu52x,655,is it actually worth 34k or nah #HonestReview,FEED,IMAGE,8,0,0,1,,307
313141778061627245,1787696640,shreya751_,556,ei match ta bhulte parbo na #MatchNight,FEED,IMAGE,2,0,0,0,,107
979977493943678542,1787636405,arjun7_in,2810,everyone using this audio as a template #WatchParty,FEED,CAROUSEL_ALBUM,93,6,20,24,,1974
468272785792861628,1787600777,anaya25371,485,found this 58-rupee plate near the station and i'm never recovering #StreetFoodFinds,FEED,IMAGE,5,0,0,1,,429
284105410722143269,1787668483,sana122official,525,clip of that moment is everywhere now #SingalongChallenge,REELS,VIDEO,1,0,0,0,120,89
940742294449419970,1787648019,meera430390,568,"late night eats thread, adding this one to the list #LateNightEats",FEED,IMAGE,4,0,0,0,,301
368625752636146701,1787689947,rahul782x,279,last over replay pe replay dekh raha hu #MatchNight,STORY,IMAGE,0,0,0,0,,233
411248834935282639,1787603223,rizwan345_,126,"the whole crowd singing along, chills #SingalongChallenge",REELS,VIDEO,2,0,0,0,145,154
448729407228699396,1787583576,tanvir80_,367,"the whole crowd singing along, chills #WatchParty",FEED,CAROUSEL_ALBUM,3,0,0,0,,102
897215110122438895,1787573027,aisha256x,2208,queue was 40 min long and honestly worth it #StreetFoodFinds,STORY,IMAGE,0,0,0,0,,1999
923211367386538137,1787610966,sana122official,525,"false alarm apparently, working again on my end #AppDown",STORY,VIDEO,0,0,0,0,485,468
569339963847820309,1787672022,farhan69822,1364,biggest upset of the season easily #MatchNight,REELS,VIDEO,6,0,1,0,172,126
144698763737444210,1787565805,farhan155x,426,"bhai ye wala stall best hai, 103 me itna khana #LateNightEats",STORY,VIDEO,0,0,0,0,526,473
791016429712776183,1787582838,shreya299official,640,third time this week honestly #AppDown,REELS,VIDEO,6,0,1,0,1377,587
689269777331944598,1787641613,priya49,6005,clip of that moment is everywhere now #SingalongChallenge,REELS,VIDEO,128,11,14,36,4853,1554
846484494876068775,1787696194,arjun774_,278,watch party er environment ta osadharon chilo #WatchParty,REELS,VIDEO,3,0,0,0,67,49
118742069686796000,1787693364,rizwan1194_in,2321,ei match ta bhulte parbo na #UnderdogWin,FEED,CAROUSEL_ALBUM,25,1,4,3,,504
278060948794122426,1787697467,priya883_,529,"late night eats thread, adding this one to the list #LateNightEats",STORY,VIDEO,0,0,0,0,550,443
921325627283649463,1787623146,tara193839,511,underdogs really did that tonight #MatchNight,FEED,CAROUSEL_ALBUM,3,0,0,0,,259
722839259489282721,1787571637,farhan205_,3317,"false alarm apparently, working again on my end #ServerOutage",STORY,IMAGE,0,0,0,0,,1009
743063161539432649,1787686833,priya156official,123,"bhai ye wala stall best hai, 103 me itna khana #LateNightEats",REELS,VIDEO,0,0,0,0,46,42
958240338869014501,1787700485,vikram204official,5223,"bhai ye wala stall best hai, 12 me itna khana #LateNightEats",REELS,VIDEO,27,0,5,7,1175,899
776273465842206815,1787685154,shreya370official,506,"bhai ye wala stall best hai, 34 me itna khana #LateNightEats",STORY,VIDEO,0,0,0,0,552,420
701890704960152293,1787699612,rizwan10407,231,"the whole crowd singing along, chills #SingalongChallenge",FEED,CAROUSEL_ALBUM,4,0,0,0,,
254236525797393891,1787697222,dipu1124official,2812,"late night eats thread, adding this one to the list #LateNightEats",STORY,VIDEO,0,0,0,0,2550,2313
848739244736347130,1787693496,imran738x,419,"the whole crowd singing along, chills #WatchParty",REELS,VIDEO,3,0,0,0,346,361
850616854643978706,1787679907,dipu627832,5716,"took it to a local shop, fixed for 1200. brand quoted 5x that #RightToRepair",FEED,IMAGE,110,8,23,9,,2049
582069158947375489,1787688194,vikram121x,305,"genuinely good thread on repairability scores, worth a read #RepairNotReplace",REELS,VIDEO,17,0,1,0,303,210
183041740729657904,1787688957,tanvir464,2146,hostel room setup part 2 #CampusHaul,FEED,IMAGE,31,0,5,8,,1005
352010488294100683,1787664789,bina31,347,"this week's roundup is live, have a read #FridayFaves",FEED,CAROUSEL_ALBUM,2,0,0,0,,80
321460896485033212,1787583589,vikram121x,305,made it into the roundup somehow #WeeklyRoundup,REELS,VIDEO,1,0,0,0,382,124
658492258475973508,1787653934,sunny147,504,found this 18-rupee plate near the station and i'm never recovering #LateNightEats,STORY,VIDEO,0,0,0,0,70,60
835901070464048790,1787677688,imran25107,327,underdogs really did that tonight #UnderdogWin,REELS,VIDEO,15,1,2,0,675,423
471708507117934187,1787619241,shreya9407,598,is it actually worth 103k or nah #GadgetCheck,REELS,VIDEO,11,0,0,0,1019,483
292045242629319086,1787684458,priya77_in,393,"genuinely good thread on repairability scores, worth a read #RepairNotReplace",REELS,VIDEO,3,0,0,0,140,55
995876535427117495,1787673369,shreya303269,309,underdogs really did that tonight #MatchNight,FEED,IMAGE,8,0,0,2,,326
879536872513830174,1787687994,jay654x,268,last over replay pe replay dekh raha hu #MatchNight,REELS,VIDEO,1,0,0,0,120,115
878483220619471630,1787684394,imran25107,327,watch party er environment ta osadharon chilo #SingalongChallenge,REELS,VIDEO,7,0,1,0,179,206
627695296729973626,1787647218,arjun43807,103,"bhai ye wala stall best hai, 58 me itna khana #LateNightEats",FEED,CAROUSEL_ALBUM,0,0,0,0,,24
750361946581326545,1787673599,bina285151,884,clip of that moment is everywhere now #WatchParty,REELS,VIDEO,16,0,1,3,1553,460
995365697760861577,1787670876,sana1014_,464,why is replacing the battery cheaper than the whole phone now #RepairNotReplace,STORY,IMAGE,0,0,0,0,,665
977375640250501518,1787696089,imran14official,581,everyone using this audio as a template #SingalongChallenge,FEED,CAROUSEL_ALBUM,2,0,0,0,,131
338672741146315654,1787670137,sunny622,851,underdogs really did that tonight #MatchNight,STORY,VIDEO,0,0,0,0,2069,1064
885073564562725645,1787696042,priya651_,210,"took it to a local shop, fixed for 3400. brand quoted 5x that #RightToRepair",REELS,VIDEO,7,0,1,1,253,155
866510423186824832,1787696830,anaya4507,101,"the whole crowd singing along, chills #SingalongChallenge",FEED,IMAGE,6,0,0,0,,86
793224001204652502,1787683925,tanvir35_in,237,ei match ta bhulte parbo na #UnderdogWin,FEED,CAROUSEL_ALBUM,11,1,1,2,,284
162908789914142616,1787690734,meera521,256,last over replay pe replay dekh raha hu #UnderdogWin,REELS,VIDEO,14,0,1,1,375,246
891885174347932449,1787687620,imran756x,172,biggest upset of the season easily #UnderdogWin,FEED,IMAGE,6,0,1,0,,128
935552984716303546,1787684727,omar82259,902,everyone using this audio as a template #SingalongChallenge,FEED,IMAGE,3,0,0,0,,147
679322712280800869,1787680989,priya1037official,196,"took it to a local shop, fixed for 10300. brand quoted 5x that #RepairNotReplace",STORY,VIDEO,0,0,0,0,33,25
425122144027590308,1787682435,imran613_,591,watch party er environment ta osadharon chilo #WatchParty,REELS,VIDEO,20,0,0,3,463,296
248652397044218793,1787697211,omar773_in,63,everyone using this audio as a template #WatchParty,FEED,CAROUSEL_ALBUM,0,0,0,0,,35
904515694945020822,1787580356,vikram16807,585,is the app down for everyone or just me #ServerOutage,FEED,IMAGE,3,0,0,0,,125
307996628394009108,1787688291,dipu12_,679,biggest upset of the season easily #UnderdogWin,REELS,VIDEO,1,0,0,0,291,157
377352071176285913,1787559705,meera5,192,"false alarm apparently, working again on my end #ServerOutage",FEED,CAROUSEL_ALBUM,0,0,0,0,,29
606171283503470356,1787696223,rizwan53_,1168,"bhai ye wala stall best hai, 34 me itna khana #StreetFoodFinds",REELS,VIDEO,36,0,7,4,2789,912
157560101446039895,1787662193,omar127_in,1593,"late night eats thread, adding this one to the list #LateNightEats",REELS,VIDEO,21,1,4,3,1319,1237
162139020834320964,1787640852,zoya685x,185,biggest upset of the season easily #MatchNight,REELS,VIDEO,1,0,0,0,361,175
919578631407438826,1787627246,neel21_in,459,anyone know how long the update usually takes? #DeliveryStatus,REELS,VIDEO,1,0,0,0,225,124
498982887341315234,1787679882,rizwan465_in,104,biggest upset of the season easily #MatchNight,REELS,VIDEO,2,0,0,0,77,49
564407459672002634,1787666717,tanvir529_in,202,"late night eats thread, adding this one to the list #LateNightEats",FEED,IMAGE,8,0,0,0,,229
321693231414588697,1787573510,tara232995,906,"repair karana sasta hai, log samajhte nahi #RightToRepair",STORY,IMAGE,0,0,0,0,,441
900025281129080324,1787693018,tara17,355,"bhai ye wala stall best hai, 12 me itna khana #LateNightEats",STORY,IMAGE,0,0,0,0,,366
149780690789158517,1787634367,sunny719x,411,clip of that moment is everywhere now #SingalongChallenge,REELS,VIDEO,2,0,0,0,408,141
530578388708829849,1787691722,rahul936,398,"ei jaygar khabar ta darun, must try #LateNightEats",FEED,CAROUSEL_ALBUM,3,0,0,0,,242
267127007041674891,1787663939,rahul661174,290,NOBODY saw that result coming #UnderdogWin,REELS,VIDEO,13,0,1,3,506,171
534663023435217610,1787691513,imran125_,913,clip of that moment is everywhere now #WatchParty,REELS,VIDEO,26,0,2,3,543,459
870119763440145435,1787668204,arjun768x,3594,queue was 40 min long and honestly worth it #StreetFoodFinds,FEED,IMAGE,26,1,0,5,,3153
780396949173345571,1787687371,tanvir93207,169,this haul format is everywhere on my feed now #BackToCampus,REELS,VIDEO,4,0,0,0,149,118
276646127750057556,1787556903,tanvir110,1349,"spec sheet looks great, real world is mid imo #HonestReview",REELS,VIDEO,7,0,0,0,484,260
252135466291956233,1787628708,jay688official,257,watch party er environment ta osadharon chilo #SingalongChallenge,FEED,IMAGE,10,0,1,0,,273
229707327935339018,1787647448,neel358991,763,underdogs really did that tonight #MatchNight,REELS,VIDEO,17,1,3,3,1327,492
429370187733536570,1787605017,shreya299official,640,"college list banaya hai, kuch reh gaya? #BackToCampus",REELS,VIDEO,5,0,0,1,313,192
438511367406501619,1787672459,neel949342,314,"late night eats thread, adding this one to the list #LateNightEats",STORY,VIDEO,0,0,0,0,275,91
940252320382007962,1787694458,shreya261x,1519,"bhai ye wala stall best hai, 18 me itna khana #LateNightEats",REELS,VIDEO,34,3,1,6,3370,874
118419354757070499,1787659352,neel949342,314,NOBODY saw that result coming #UnderdogWin,REELS,VIDEO,2,0,0,0,341,168
864337538477021214,1787678477,nadia403x,1965,biggest upset of the season easily #MatchNight,FEED,IMAGE,10,0,0,0,,1302
235999008715426162,1787692303,priya153_in,607,"ei jaygar khabar ta darun, must try #LateNightEats",STORY,IMAGE,0,0,0,0,,186
889822218629446870,1787675438,dipu513713,557,clip of that moment is everywhere now #SingalongChallenge,REELS,VIDEO,3,0,0,0,145,119
721798149321307224,1787537643,hasan20,72,NOBODY saw that result coming #MatchNight,STORY,IMAGE,0,0,0,0,,
484884394148891268,1787555890,tanvir40,683,"college list banaya hai, kuch reh gaya? #BackToCampus",STORY,IMAGE,0,0,0,0,,
944962125024200702,1787680491,bina89507,456,"repair karana sasta hai, log samajhte nahi #RightToRepair",STORY,VIDEO,0,0,0,0,716,323
522497548937285170,1787635335,sana182,1242,watch party er environment ta osadharon chilo #SingalongChallenge,FEED,CAROUSEL_ALBUM,21,1,4,3,,345
646789030934369933,1787681771,anaya376_in,772,"ok it's a regional thing, not a full outage #AppDown",REELS,VIDEO,18,0,3,0,787,488
771432697274267513,1787687591,anaya761,1110,"ei jaygar khabar ta darun, must try #StreetFoodFinds",FEED,CAROUSEL_ALBUM,8,0,1,0,,153
941274004130162555,1787653778,rahul64official,309,clip of that moment is everywhere now #SingalongChallenge,REELS,VIDEO,6,0,0,0,155,123
538253332050352249,1787654066,neel21_in,459,everyone using this audio as a template #SingalongChallenge,REELS,VIDEO,13,0,1,1,1105,485
488662299291141409,1787653069,aisha908,132,last over replay pe replay dekh raha hu #MatchNight,REELS,VIDEO,7,0,1,0,278,106
104970844505017090,1787626008,nadia334,143,"ei jaygar khabar ta darun, must try #StreetFoodFinds",FEED,IMAGE,2,0,0,0,,40
472387201302829511,1787668627,shreya261x,1519,"late night eats thread, adding this one to the list #StreetFoodFinds",FEED,IMAGE,11,0,1,0,,391
926588468116495758,1787693760,arjun956official,8196,NOBODY saw that result coming #UnderdogWin,FEED,IMAGE,122,11,26,11,,4877
478230799262464798,1787691329,nadia1061_,391,"bhai ye wala stall best hai, 58 me itna khana #StreetFoodFinds",FEED,CAROUSEL_ALBUM,3,0,0,0,,135
358166981213079828,1787699566,aisha1015965,46,"genuinely good thread on repairability scores, worth a read #RepairNotReplace",FEED,IMAGE,0,0,0,0,,47
837592029452309842,1787694829,bina999_,232,"ei jaygar khabar ta darun, must try #LateNightEats",FEED,IMAGE,2,0,0,0,,82
146286537080822378,1787696692,rahul1221,2700,"ei jaygar khabar ta darun, must try #StreetFoodFinds",STORY,VIDEO,0,0,0,0,4143,2349
133727031574243370,1787567796,kabir6,644,"bhai ye wala stall best hai, 42 me itna khana #StreetFoodFinds",STORY,IMAGE,0,0,0,0,,862
842807467214090272,1787692088,hasan618official,1318,"ei jaygar khabar ta darun, must try #StreetFoodFinds",STORY,VIDEO,0,0,0,0,1664,708
224252717315350054,1787572576,neel9_,294,"spec sheet looks great, real world is mid imo #HonestReview",FEED,CAROUSEL_ALBUM,3,0,0,0,,358
905573751961288789,1787581800,tanvir2_in,439,"this week's roundup is live, have a read #WeeklyRoundup",FEED,IMAGE,1,0,0,0,,58
165529914675049528,1787654742,omar329_in,6110,found this 42-rupee plate near the station and i'm never recovering #StreetFoodFinds,REELS,VIDEO,71,8,3,7,11867,5938
965292162450631236,1787640526,anaya650_,2123,"the whole crowd singing along, chills #SingalongChallenge",FEED,CAROUSEL_ALBUM,6,0,1,0,,596
131513786552302427,1787588781,omar4407,2871,shipping status change hone me kitna time lagta hai #ShippingUpdate,STORY,VIDEO,0,0,0,0,6201,1857
279358856561029740,1787662132,omar10_in,1057,"the whole crowd singing along, chills #WatchParty",STORY,IMAGE,0,0,0,0,,319
623384177902862207,1787673938,anaya25371,485,clip of that moment is everywhere now #WatchParty,FEED,IMAGE,4,0,0,1,,161
530255897305308314,1787605320,dipu308_,404,"back to campus haul, everything under 10300 #CampusHaul",REELS,VIDEO,1,0,0,0,486,173
418284578955433776,1787654555,dipu510_in,546,"the whole crowd singing along, chills #SingalongChallenge",FEED,IMAGE,7,0,0,0,,283
268909657056631090,1787615471,meera585607,141,"parts pairing is the real problem, not the screws #RepairNotReplace",FEED,IMAGE,4,0,0,1,,104
894107327543450847,1787565039,sana124_,163,is the app down for everyone or just me #ServerOutage,REELS,VIDEO,3,0,0,0,358,168
322062503716855200,1787691224,rahul1107,319,last over replay pe replay dekh raha hu #MatchNight,FEED,IMAGE,5,0,0,0,,331
715380047320942781,1787671555,neel9_,294,ei match ta bhulte parbo na #MatchNight,FEED,IMAGE,1,0,0,0,,188
602512771789227691,1787604124,vikram76,413,"friday faves, 12 things i actually used this week #WeeklyRoundup",REELS,VIDEO,5,0,0,0,479,228
997766536124502929,1787544424,shreya9407,598,watch party er environment ta osadharon chilo #WatchParty,FEED,CAROUSEL_ALBUM,5,0,1,1,,525
474304332871889603,1787672393,anaya294official,1298,"parts pairing is the real problem, not the screws #RepairNotReplace",STORY,VIDEO,0,0,0,0,392,333
718240074200711689,1787680163,priya45107,1204,watch party er environment ta osadharon chilo #WatchParty,REELS,VIDEO,8,0,0,0,1207,1179
120706163726413730,1787672693,rahul392official,135,ei match ta bhulte parbo na #MatchNight,FEED,IMAGE,0,0,0,0,,56
174701357870052188,1787570516,aisha154_,390,is the app down for everyone or just me #AppDown,REELS,VIDEO,9,1,1,1,886,302
813109934452080574,1787554827,tara70_in,1266,"the whole crowd singing along, chills #WatchParty",REELS,VIDEO,21,1,3,4,2463,1152
748633760972293279,1787663904,omar780161,1426,watch party er environment ta osadharon chilo #SingalongChallenge,FEED,IMAGE,51,5,7,14,,1644
561453046883770552,1787702319,zoya600_,91,NOBODY saw that result coming #UnderdogWin,FEED,IMAGE,4,0,0,1,,125
743495423840376717,1787682531,tanvir1086official,2224,biggest upset of the season easily #MatchNight,FEED,CAROUSEL_ALBUM,95,1,15,4,,2841
200366821434029016,1787665227,arjun390_in,384,"ei jaygar khabar ta darun, must try #StreetFoodFinds",STORY,VIDEO,0,0,0,0,924,285
717326992925530944,1787693623,omar267,2117,clip of that moment is everywhere now #SingalongChallenge,REELS,VIDEO,23,1,4,5,1657,1617
982707798054807962,1787698761,imran481_in,580,"late night eats thread, adding this one to the list #StreetFoodFinds",REELS,VIDEO,35,1,4,9,607,608
414227723691696917,1787532695,vikram24_in,720,"late night eats thread, adding this one to the list #StreetFoodFinds",FEED,IMAGE,2,0,0,0,,283
892216893204810403,1787573862,anaya298x,476,still stuck on the loading screen #AppDown,FEED,IMAGE,4,0,0,0,,306
724067602567508757,1787695548,nadia1205_in,216,queue was 40 min long and honestly worth it #StreetFoodFinds,FEED,IMAGE,7,0,0,0,,153
772488319148618881,1787649299,anaya54_in,484,shipping status change hone me kitna time lagta hai #DeliveryStatus,REELS,VIDEO,2,0,0,0,546,414
155140773888412199,1787636743,sunny420_,726,NOBODY saw that result coming #MatchNight,STORY,VIDEO,0,0,0,0,974,597
374820601194350156,1787661905,priya46774,256,NOBODY saw that result coming #MatchNight,REELS,VIDEO,3,0,0,0,263,122
949192122797308602,1787660994,shreya612,301,NOBODY saw that result coming #UnderdogWin,REELS,VIDEO,1,0,0,0,107,61
574406302244662427,1787697104,rizwan465_in,104,everyone using this audio as a template #SingalongChallenge,REELS,VIDEO,0,0,0,0,62,31
934309409423270283,1787673625,nadia1061_,391,why is replacing the battery cheaper than the whole phone now #RepairNotReplace,FEED,CAROUSEL_ALBUM,5,0,1,0,,254
568163763108776806,1787686700,dipu12_,679,"took it to a local shop, fixed for 1800. brand quoted 5x that #RepairNotReplace",STORY,VIDEO,0,0,0,0,179,110
445199023125422952,1787618733,priya534official,125,watch party er environment ta osadharon chilo #WatchParty,REELS,VIDEO,2,0,0,0,250,62
789734804014969503,1787696106,bina252x,2789,"late night eats thread, adding this one to the list #LateNightEats",REELS,VIDEO,109,4,2,20,4247,2125
134759834641219094,1787546243,meera19,136,this haul format is everywhere on my feed now #CampusHaul,STORY,IMAGE,0,0,0,0,,65
505231840743404366,1787604892,kabir134_,2531,"late night eats thread, adding this one to the list #StreetFoodFinds",STORY,IMAGE,0,0,0,0,,2907
988470597464222401,1787701411,omar486,100,"late night eats thread, adding this one to the list #LateNightEats",REELS,VIDEO,5,0,0,1,106,107
439551870938317749,1787663109,dipu12_,679,"friday faves, 27 things i actually used this week #FridayFaves",FEED,IMAGE,4,0,0,0,,179
924965985817551925,1787696911,rahul13107,1474,"ei jaygar khabar ta darun, must try #LateNightEats",FEED,CAROUSEL_ALBUM,34,0,7,4,,562
878706228348841422,1787691422,rahul661174,290,found this 42-rupee plate near the station and i'm never recovering #StreetFoodFinds,REELS,VIDEO,2,0,0,0,468,242
420387332922922003,1787656883,dipu829,188,clip of that moment is everywhere now #WatchParty,REELS,VIDEO,7,0,0,1,235,91
907601809548118436,1787692326,zoya181,335,last over replay pe replay dekh raha hu #UnderdogWin,REELS,VIDEO,16,1,2,0,437,279
267992851120235494,1787652002,imran17207,323,ei match ta bhulte parbo na #MatchNight,REELS,VIDEO,7,0,1,1,370,125
703418414890119678,1787652663,shreya212_,90,last over replay pe replay dekh raha hu #UnderdogWin,REELS,VIDEO,0,0,0,0,170,62
384493611584723742,1787695266,tara70_in,1266,"the whole crowd singing along, chills #WatchParty",REELS,VIDEO,45,3,9,8,1717,878
697683164350645733,1787682230,arjun244x,430,watch party er environment ta osadharon chilo #WatchParty,STORY,VIDEO,0,0,0,0,632,217
967286479985748974,1787676257,anaya2364,1670,clip of that moment is everywhere now #WatchParty,REELS,VIDEO,4,0,0,0,482,223
324176995957340158,1787683957,dipu77907,98,watch party er environment ta osadharon chilo #SingalongChallenge,FEED,IMAGE,1,0,0,0,,40
160902102644283795,1787674008,nadia324_,301,still stuck on the loading screen #AppDown,REELS,VIDEO,4,0,0,0,250,126
786920243349627339,1787696580,aisha37907,564,is the app down for everyone or just me #AppDown,REELS,VIDEO,8,0,0,0,245,149
924063245716798317,1787687812,arjun17807,841,"repair karana sasta hai, log samajhte nahi #RepairNotReplace",REELS,VIDEO,41,4,5,10,2278,627
302980155756626422,1787666838,bina678_,511,everyone using this audio as a template #SingalongChallenge,REELS,VIDEO,17,0,0,4,441,462
886613411813229383,1787678093,aisha190x,122,biggest upset of the season easily #MatchNight,STORY,IMAGE,0,0,0,0,,75
160420421410055314,1787696052,dipu1202664,326,"took it to a local shop, fixed for 10300. brand quoted 5x that #RepairNotReplace",REELS,VIDEO,4,0,0,0,422,265
616549580760976582,1787570970,imran14official,581,"delivery took 3 days longer than promised, finally here #ShippingUpdate",REELS,VIDEO,0,0,0,0,68,51
398012162112729226,1787543137,imran78,451,"ei jaygar khabar ta darun, must try #StreetFoodFinds",STORY,VIDEO,0,0,0,0,190,124
837653724848440365,1787676342,rahul1064x,269,"ei jaygar khabar ta darun, must try #LateNightEats",STORY,VIDEO,0,0,0,0,149,170
560061636535769026,1787693440,anaya853_,239,found this 18-rupee plate near the station and i'm never recovering #StreetFoodFinds,FEED,IMAGE,4,0,0,1,,108
167376196798346712,1787653600,kabir3407,2038,biggest upset of the season easily #MatchNight,STORY,IMAGE,0,0,0,0,,1342
589899611996232884,1787558017,tara61,353,"ok it's a regional thing, not a full outage #AppDown",STORY,IMAGE,0,0,0,0,,158
988426674368954540,1787599122,kabir51407,575,"took it to a local shop, fixed for 1800. brand quoted 5x that #RightToRepair",REELS,VIDEO,3,0,0,0,214,311
345816421952505332,1787651149,zoya237985,542,NOBODY saw that result coming #UnderdogWin,FEED,CAROUSEL_ALBUM,2,0,0,0,,458
866128968158028549,1787659330,tara47307,252,why is replacing the battery cheaper than the whole phone now #RightToRepair,REELS,VIDEO,10,1,0,1,473,255
451465569860680890,1787615438,sunny591x,247,underdogs really did that tonight #UnderdogWin,REELS,VIDEO,0,0,0,0,167,87
667189069180361456,1787586418,shreya243_,660,"the whole crowd singing along, chills #SingalongChallenge",REELS,VIDEO,3,0,0,0,913,409
512254442551581239,1787620870,bina285151,884,found this 12-rupee plate near the station and i'm never recovering #StreetFoodFinds,STORY,IMAGE,0,0,0,0,,753
733592275049891687,1787699506,tara47307,252,"late night eats thread, adding this one to the list #LateNightEats",REELS,VIDEO,7,0,0,1,486,164
152113634212004809,1787701182,tara17,355,"back to campus haul, everything under 4200 #CampusHaul",REELS,VIDEO,1,0,0,0,223,116
465273726822137584,1787681709,sunny209207,187,watch party er environment ta osadharon chilo #WatchParty,STORY,VIDEO,0,0,0,0,441,180
872962116137097561,1787678685,meera72007,300,"the whole crowd singing along, chills #WatchParty",STORY,IMAGE,0,0,0,0,,321
525794895626604984,1787641922,tanvir709x,1322,"parts pairing is the real problem, not the screws #RightToRepair",FEED,CAROUSEL_ALBUM,20,2,2,2,,1507
490297603057229480,1787643230,arjun137_in,439,made it into the roundup somehow #FridayFaves,STORY,VIDEO,0,0,0,0,468,290
698635501755938014,1787689854,farhan801official,529,"the whole crowd singing along, chills #SingalongChallenge",REELS,VIDEO,4,0,0,0,231,88
170124911403423686,1787544679,kabir6,644,is it actually worth 42k or nah #GadgetCheck,REELS,VIDEO,7,0,0,1,941,462
486610874623376714,1787674295,aisha929x,122,underdogs really did that tonight #MatchNight,FEED,IMAGE,1,0,0,0,,25
370312919543205884,1787629863,tanvir72807,75,NOBODY saw that result coming #MatchNight,REELS,VIDEO,0,0,0,0,69,34
217795419822699368,1787682081,kabir564,763,biggest upset of the season easily #UnderdogWin,FEED,CAROUSEL_ALBUM,4,0,0,1,,353
426787473044916593,1787582522,tanvir28589,569,"spec sheet looks great, real world is mid imo #GadgetCheck",FEED,CAROUSEL_ALBUM,14,0,2,1,,372
852079077000854207,1787664294,omar74407,5025,"parts pairing is the real problem, not the screws #RightToRepair",STORY,VIDEO,0,0,0,0,4684,5175
641392996132658470,1787681757,shreya261x,1519,biggest upset of the season easily #MatchNight,REELS,VIDEO,28,2,4,1,2670,1162
927428898768584962,1787691392,zoya795535,209,everyone using this audio as a template #SingalongChallenge,STORY,IMAGE,0,0,0,0,,201
277689754007301899,1787701948,sana866954,2421,biggest upset of the season easily #MatchNight,FEED,CAROUSEL_ALBUM,51,3,5,8,,1650
452878730033529249,1787672999,neel737_in,530,watch party er environment ta osadharon chilo #WatchParty,REELS,VIDEO,9,1,0,0,227,174
266210293594763108,1787682217,tanvir230x,753,found this 18-rupee plate near the station and i'm never recovering #StreetFoodFinds,REELS,VIDEO,5,0,1,0,584,201
160296393104690321,1787548193,sunny97x,896,hostel room setup part 2 #BackToCampus,REELS,VIDEO,7,0,1,0,862,955
741486543383358902,1787696350,imran756x,172,queue was 40 min long and honestly worth it #LateNightEats,STORY,VIDEO,0,0,0,0,409,165
287853265502374109,1787671526,hasan789_,922,NOBODY saw that result coming #MatchNight,REELS,VIDEO,13,0,1,2,786,909
641652201562470173,1787700603,kabir642_in,282,"took it to a local shop, fixed for 2700. brand quoted 5x that #RightToRepair",FEED,IMAGE,4,0,0,1,,51
387219985630034697,1787630302,meera13529,3158,"the whole crowd singing along, chills #WatchParty",REELS,VIDEO,9,0,1,1,857,269
244327061593108001,1787662682,aisha536official,128,queue was 40 min long and honestly worth it #StreetFoodFinds,REELS,VIDEO,6,0,0,1,172,
530882130603110850,1787699561,nadia380_,491,clip of that moment is everywhere now #SingalongChallenge,STORY,VIDEO,0,0,0,0,122,43
931179905940570533,1787696209,aisha527_,487,clip of that moment is everywhere now #WatchParty,FEED,CAROUSEL_ALBUM,15,1,2,2,,311
265970571142023826,1787682037,tanvir529_in,202,ei match ta bhulte parbo na #MatchNight,FEED,IMAGE,1,0,0,0,,45
559558426535830672,1787692236,priya295_in,683,clip of that moment is everywhere now #SingalongChallenge,STORY,IMAGE,0,0,0,0,,245
811439141602161994,1787644715,sunny235162,121,underdogs really did that tonight #MatchNight,FEED,CAROUSEL_ALBUM,0,0,0,0,,36
667532609928999975,1787665919,rahul365,940,"bhai ye wala stall best hai, 34 me itna khana #StreetFoodFinds",FEED,CAROUSEL_ALBUM,2,0,0,0,,135
138469703749497721,1787530076,dipu12_,679,why is replacing the battery cheaper than the whole phone now #RightToRepair,FEED,CAROUSEL_ALBUM,1,0,0,0,,82
970055752002537593,1787648934,imran125_,913,last over replay pe replay dekh raha hu #UnderdogWin,FEED,IMAGE,6,0,1,1,,266
648961249232523742,1787701218,dipu72official,353,"bhai ye wala stall best hai, 58 me itna khana #LateNightEats",STORY,VIDEO,0,0,0,0,670,338
809957969345806607,1787674509,rahul270_in,596,watch party er environment ta osadharon chilo #WatchParty,FEED,CAROUSEL_ALBUM,5,0,1,0,,206
892894502402444319,1787681706,shreya545official,195,this haul format is everywhere on my feed now #CampusHaul,REELS,VIDEO,9,0,2,2,400,99
881137109860094834,1787692893,zoya594x,1178,underdogs really did that tonight #MatchNight,FEED,IMAGE,11,1,1,1,,198
694339931418084489,1787670645,omar10_in,1057,last over replay pe replay dekh raha hu #UnderdogWin,REELS,VIDEO,7,0,0,0,348,234
779571420677530125,1787691736,tara862_,1454,third time this week honestly #AppDown,FEED,CAROUSEL_ALBUM,75,1,10,20,,809
283850154647420625,1787584770,arjun188,934,"false alarm apparently, working again on my end #ServerOutage",STORY,VIDEO,0,0,0,0,1277,545
633506034003719598,1787674741,meera1032,561,underdogs really did that tonight #MatchNight,FEED,CAROUSEL_ALBUM,15,1,2,2,,415
379983311504002241,1787685883,arjun399,244,"the whole crowd singing along, chills #SingalongChallenge",FEED,IMAGE,2,0,0,0,,39
172884820914754261,1787681417,priya49,6005,watch party er environment ta osadharon chilo #SingalongChallenge,REELS,VIDEO,36,1,3,2,1978,1769
602162766289118919,1787666924,kabir3407,2038,biggest upset of the season easily #MatchNight,FEED,IMAGE,74,2,2,12,,1543
895866544466500501,1787700114,priya3_in,216,why is replacing the battery cheaper than the whole phone now #RepairNotReplace,REELS,VIDEO,0,0,0,0,33,41
596058765335834107,1787664529,omar82259,902,watch party er environment ta osadharon chilo #SingalongChallenge,REELS,VIDEO,1,0,0,0,197,83
812034090461342303,1787677996,bina630_in,756,still stuck on the loading screen #ServerOutage,REELS,VIDEO,5,0,0,0,910,437
124694067376244052,1787537238,vikram24_in,720,"genuinely good thread on repairability scores, worth a read #RepairNotReplace",STORY,VIDEO,0,0,0,0,1688,836
203076693940161629,1787695633,tanvir199,3436,ei match ta bhulte parbo na #UnderdogWin,FEED,CAROUSEL_ALBUM,30,1,0,2,,642
223909519329461397,1787694335,sunny1033x,1157,"the whole crowd singing along, chills #SingalongChallenge",STORY,IMAGE,0,0,0,0,,476
350183822733032011,1787693572,rizwan562,1252,ei match ta bhulte parbo na #MatchNight,FEED,CAROUSEL_ALBUM,5,0,0,1,,241
899693353984939249,1787674534,rahul857x,346,last over replay pe replay dekh raha hu #UnderdogWin,REELS,VIDEO,6,0,0,1,699,329
389795231621192825,1787676382,shreya27507,1461,why is replacing the battery cheaper than the whole phone now #RightToRepair,REELS,VIDEO,8,0,0,1,498,331
584036600711958466,1787643554,shreya27507,1461,everyone using this audio as a template #WatchParty,FEED,CAROUSEL_ALBUM,32,2,5,6,,571
734149381711000300,1787647503,zoya47official,690,"spec sheet looks great, real world is mid imo #GadgetCheck",FEED,IMAGE,12,0,2,0,,893
907690086240891466,1787683925,aisha86907,436,queue was 40 min long and honestly worth it #LateNightEats,STORY,VIDEO,0,0,0,0,448,356
972828010489858638,1787673967,neel949342,314,found this 58-rupee plate near the station and i'm never recovering #LateNightEats,REELS,VIDEO,7,0,1,1,401,175
401318419746547811,1787684020,dipu483_,637,ei match ta bhulte parbo na #MatchNight,FEED,IMAGE,2,0,0,0,,80
883746905063120523,1787669028,sana30460,103,"friday faves, 18 things i actually used this week #WeeklyRoundup",STORY,VIDEO,0,0,0,0,87,35
866960452509523265,1787669748,nadia971,1961,NOBODY saw that result coming #MatchNight,FEED,CAROUSEL_ALBUM,32,0,3,5,,1782
392564427680862244,1787686906,arjun1048,443,found this 103-rupee plate near the station and i'm never recovering #StreetFoodFinds,FEED,CAROUSEL_ALBUM,10,0,1,0,,288
205868298491441351,1787666849,rahul146official,2554,"the whole crowd singing along, chills #SingalongChallenge",REELS,VIDEO,102,2,16,23,2364,2340
558101550030197868,1787542954,hasan23x,822,shipping status change hone me kitna time lagta hai #DeliveryStatus,STORY,VIDEO,0,0,0,0,370,283
803862938827357319,1787676903,rahul22707,282,everyone using this audio as a template #WatchParty,REELS,VIDEO,0,0,0,0,38,42
782434707745157796,1787686918,sana632_,581,"late night eats thread, adding this one to the list #LateNightEats",FEED,CAROUSEL_ALBUM,2,0,0,0,,357
845608339736226441,1787668852,nadia506_,221,underdogs really did that tonight #UnderdogWin,STORY,VIDEO,0,0,0,0,260,111
193297056458814783,1787549357,kabir139_,196,everyone using this audio as a template #WatchParty,STORY,IMAGE,0,0,0,0,,59
616450932663620994,1787679817,omar882x,207,clip of that moment is everywhere now #SingalongChallenge,FEED,IMAGE,1,0,0,0,,26
983777222772971953,1787667850,tara142x,567,clip of that moment is everywhere now #SingalongChallenge,STORY,IMAGE,0,0,0,0,,247
893901933137115998,1787684817,dipu268official,139,"the whole crowd singing along, chills #WatchParty",REELS,VIDEO,4,0,0,1,163,133
250357475902608970,1787696515,vikram697official,529,clip of that moment is everywhere now #WatchParty,REELS,VIDEO,9,0,1,2,222,205
157144106656605019,1787585423,sunny60_,760,"spec sheet looks great, real world is mid imo #GadgetCheck",REELS,VIDEO,13,0,1,3,628,345
358061262371197324,1787628876,dipu424860,142,third time this week honestly #AppDown,REELS,VIDEO,0,0,0,0,52,58
458977638517235497,1787678077,shreya299official,640,NOBODY saw that result coming #UnderdogWin,REELS,VIDEO,9,0,2,1,526,336
545255398793630726,1787675936,rizwan968official,1015,ei match ta bhulte parbo na #UnderdogWin,REELS,VIDEO,27,2,4,0,1223,901
266054519671832973,1787689426,jay287_in,3492,"bhai ye wala stall best hai, 103 me itna khana #StreetFoodFinds",REELS,VIDEO,40,1,7,10,1683,1255
105966687847569307,1787641782,priya153_in,607,watch party er environment ta osadharon chilo #WatchParty,REELS,VIDEO,10,1,0,0,633,558
199759970183695049,1787670541,dipu439official,604,"late night eats thread, adding this one to the list #StreetFoodFinds",FEED,IMAGE,16,0,1,4,,508
265083160521410762,1787701596,farhan29007,74,"bhai ye wala stall best hai, 103 me itna khana #StreetFoodFinds",REELS,VIDEO,1,0,0,0,37,45
997970246921768736,1787687983,jay1081_in,441,"the whole crowd singing along, chills #SingalongChallenge",REELS,VIDEO,3,0,0,0,67,55
180275328693588236,1787660208,vikram389x,517,NOBODY saw that result coming #MatchNight,FEED,CAROUSEL_ALBUM,5,0,1,0,,150
980940766966988216,1787664120,aisha86907,436,"the whole crowd singing along, chills #SingalongChallenge",REELS,VIDEO,3,0,0,0,193,123
523417063050534541,1787612447,rahul241official,1414,NOBODY saw that result coming #MatchNight,FEED,IMAGE,8,0,0,1,,1025
282199099156695860,1787600878,rahul13107,1474,is it actually worth 27k or nah #GadgetCheck,STORY,IMAGE,0,0,0,0,,966
657902048611400161,1787584114,omar127_in,1593,third time this week honestly #ServerOutage,REELS,VIDEO,8,0,0,1,662,208
262646425225939934,1787643884,sana30460,103,biggest upset of the season easily #MatchNight,FEED,CAROUSEL_ALBUM,2,0,0,0,,58
187426502479740071,1787661064,bina31,347,"the whole crowd singing along, chills #SingalongChallenge",REELS,VIDEO,4,0,0,0,398,262
418663088869456672,1787689345,tanvir709x,1322,queue was 40 min long and honestly worth it #StreetFoodFinds,STORY,IMAGE,0,0,0,0,,148
103522587313379653,1787674736,zoya38official,307,shipping status change hone me kitna time lagta hai #DeliveryStatus,STORY,IMAGE,0,0,0,0,,
381600271743116602,1787696592,omar1142x,868,found this 42-rupee plate near the station and i'm never recovering #StreetFoodFinds,REELS,VIDEO,0,0,0,0,211,115
904467380711396016,1787687499,jay790_,861,"ei jaygar khabar ta darun, must try #LateNightEats",FEED,CAROUSEL_ALBUM,5,0,0,0,,107
639873893251728918,1787700981,sunny1105106,322,clip of that moment is everywhere now #SingalongChallenge,FEED,CAROUSEL_ALBUM,7,0,1,1,,233
903128702265604435,1787651197,zoya237985,542,ei match ta bhulte parbo na #UnderdogWin,FEED,IMAGE,10,0,0,2,,303
128605448137530966,1787688674,shreya484_,5401,hostel room setup part 2 #BackToCampus,FEED,CAROUSEL_ALBUM,70,7,14,0,,1193
828006668458552524,1787696338,dipu439official,604,clip of that moment is everywhere now #SingalongChallenge,REELS,VIDEO,5,0,0,1,861,350
987275015529638181,1787680277,jay715x,406,"bhai ye wala stall best hai, 103 me itna khana #LateNightEats",REELS,VIDEO,7,0,1,0,324,218
338900801833778804,1787573993,sana69official,241,biggest upset of the season easily #UnderdogWin,STORY,VIDEO,0,0,0,0,211,119
366606427821594472,1787675783,bina89707,175,NOBODY saw that result coming #UnderdogWin,FEED,IMAGE,6,0,1,0,,125
970682483122916650,1787679532,neel352,842,"ei jaygar khabar ta darun, must try #StreetFoodFinds",REELS,VIDEO,23,2,2,1,1086,628
464063297159395676,1787590396,shreya143x,241,third time this week honestly #ServerOutage,REELS,VIDEO,4,0,0,0,116,66
285197470552239155,1787700477,sana442_in,1605,"genuinely good thread on repairability scores, worth a read #RightToRepair",STORY,IMAGE,0,0,0,0,,507
778607448899699145,1787664678,hasan23x,822,biggest upset of the season easily #UnderdogWin,FEED,CAROUSEL_ALBUM,12,0,0,1,,971
468609767589023163,1787632040,bina678_,511,"parts pairing is the real problem, not the screws #RepairNotReplace",REELS,VIDEO,13,1,2,0,513,308
802969896154408207,1787684341,priya98907,1163,underdogs really did that tonight #UnderdogWin,STORY,VIDEO,0,0,0,0,2401,1614
231599228143891698,1787696834,rizwan289official,384,"took it to a local shop, fixed for 5800. brand quoted 5x that #RightToRepair",REELS,VIDEO,2,0,0,0,102,30
572304611772578930,1787579933,arjun26_,33,"ok it's a regional thing, not a full outage #ServerOutage",FEED,IMAGE,1,0,0,0,,28
140652994350484765,1787700725,zoya108x,491,underdogs really did that tonight #UnderdogWin,STORY,IMAGE,0,0,0,0,,271
210115362999748355,1787559370,zoya9207,407,ei match ta bhulte parbo na #MatchNight,REELS,VIDEO,3,0,0,0,677,540
639620290913443904,1787658878,sunny420_,726,"parts pairing is the real problem, not the screws #RightToRepair",REELS,VIDEO,8,0,0,1,1020,497
859455209717353870,1787628318,neel288,317,found this 12-rupee plate near the station and i'm never recovering #StreetFoodFinds,FEED,CAROUSEL_ALBUM,1,0,0,0,,167
182757524371755673,1787697845,dipu986_in,2008,"repair karana sasta hai, log samajhte nahi #RightToRepair",FEED,IMAGE,60,5,4,17,,2015
211895292020279422,1787570677,vikram138_in,500,NOBODY saw that result coming #UnderdogWin,FEED,CAROUSEL_ALBUM,2,0,0,0,,78
537100982226928783,1787673590,sunny417official,491,underdogs really did that tonight #UnderdogWin,REELS,VIDEO,11,0,0,2,572,303
586632562795975575,1787620469,vikram138_in,500,anyone know how long the update usually takes? #DeliveryStatus,FEED,IMAGE,3,0,0,0,,473
399307076947060792,1787683070,imran359_in,546,"false alarm apparently, working again on my end #ServerOutage",STORY,VIDEO,0,0,0,0,987,510
787767430494610182,1787689386,arjun774_,278,clip of that moment is everywhere now #SingalongChallenge,REELS,VIDEO,4,0,0,0,520,369
446059343006527203,1787608827,rizwan62_in,696,shipping status change hone me kitna time lagta hai #ShippingUpdate,REELS,VIDEO,24,2,5,2,1760,706
900626181372242905,1787674597,arjun541official,715,"late night eats thread, adding this one to the list #StreetFoodFinds",FEED,CAROUSEL_ALBUM,5,0,1,0,,191
135947895802510531,1787687240,imran743official,581,"bhai ye wala stall best hai, 103 me itna khana #StreetFoodFinds",REELS,VIDEO,5,0,0,0,513,413
393499128527637884,1787547118,aisha13x,206,"parts pairing is the real problem, not the screws #RightToRepair",FEED,CAROUSEL_ALBUM,3,0,0,0,,128
921540200260912253,1787620144,farhan495x,23,"repair karana sasta hai, log samajhte nahi #RightToRepair",REELS,VIDEO,0,0,0,0,58,30
940610940553747426,1787623865,rizwan10407,231,everyone using this audio as a template #WatchParty,FEED,IMAGE,2,0,0,0,,32
953940077760243806,1787698278,neel36x,579,watch party er environment ta osadharon chilo #WatchParty,FEED,CAROUSEL_ALBUM,18,0,3,2,,527
128657192963769586,1787684306,bina252x,2789,clip of that moment is everywhere now #SingalongChallenge,FEED,CAROUSEL_ALBUM,91,5,4,13,,1546
981450895970045487,1787661626,tara54907,150,watch party er environment ta osadharon chilo #WatchParty,FEED,IMAGE,3,0,0,0,,50
676627732134234819,1787696385,zoya832_in,1483,everyone using this audio as a template #WatchParty,FEED,CAROUSEL_ALBUM,71,2,3,3,,638
713890243422593386,1787685157,sunny1033x,1157,"late night eats thread, adding this one to the list #StreetFoodFinds",REELS,VIDEO,12,1,0,2,622,236
512693739270915988,1787667973,rizwan8907,1275,made it into the roundup somehow #WeeklyRoundup,REELS,VIDEO,14,1,1,0,844,553
734795112689990946,1787604186,zoya79,3470,"spec sheet looks great, real world is mid imo #GadgetCheck",REELS,VIDEO,70,6,2,11,4017,2419
323150999593010680,1787564977,imran78,451,shipping status change hone me kitna time lagta hai #DeliveryStatus,FEED,IMAGE,2,0,0,0,,84
302910795406845577,1787683627,jay1091_in,775,"late night eats thread, adding this one to the list #StreetFoodFinds",STORY,IMAGE,0,0,0,0,,482
734307562818087728,1787698109,imran455official,638,clip of that moment is everywhere now #WatchParty,STORY,IMAGE,0,0,0,0,,571
901510378366712696,1787690409,aisha64507,1062,NOBODY saw that result coming #UnderdogWin,STORY,VIDEO,0,0,0,0,770,1151
157325225261864355,1787654578,jay747x,1355,everyone using this audio as a template #WatchParty,STORY,IMAGE,0,0,0,0,,164
523629878396473513,1787669027,bina12807,80,"the whole crowd singing along, chills #SingalongChallenge",REELS,VIDEO,4,0,0,0,158,40
328618215390480367,1787673831,rizwan818x,84,watch party er environment ta osadharon chilo #SingalongChallenge,FEED,CAROUSEL_ALBUM,0,0,0,0,,41
832035855840488609,1787687140,priya167official,1401,watch party er environment ta osadharon chilo #WatchParty,STORY,IMAGE,0,0,0,0,,460
889383812346362728,1787617919,tara26407,181,watch party er environment ta osadharon chilo #SingalongChallenge,REELS,VIDEO,5,0,0,0,347,149
637069840715347916,1787653877,hasan618official,1318,"repair karana sasta hai, log samajhte nahi #RightToRepair",STORY,VIDEO,0,0,0,0,1009,352
945259563403793093,1787666181,priya806230,2493,"ok it's a regional thing, not a full outage #AppDown",FEED,IMAGE,52,5,4,4,,2311
603533464615266656,1787695973,arjun278x,802,"the whole crowd singing along, chills #WatchParty",FEED,CAROUSEL_ALBUM,16,1,2,1,,413
598633393173676513,1787680558,jay293529,1727,biggest upset of the season easily #MatchNight,FEED,IMAGE,54,2,11,2,,1231
808121596102298092,1787590774,shreya27507,1461,"back to campus haul, everything under 5800 #BackToCampus",REELS,VIDEO,25,2,0,1,1499,1430
974183478157213629,1787698283,sana740_,323,"the whole crowd singing along, chills #SingalongChallenge",REELS,VIDEO,6,0,1,1,244,107
252354232770821346,1787642598,neel737_in,530,"late night eats thread, adding this one to the list #StreetFoodFinds",STORY,VIDEO,0,0,0,0,998,536
672641590163696667,1787573125,arjun111_,1094,still stuck on the loading screen #ServerOutage,REELS,VIDEO,3,0,0,0,777,289
822726897105272878,1787696899,dipu1131_in,2238,everyone using this audio as a template #SingalongChallenge,STORY,VIDEO,0,0,0,0,850,356
352131426511551537,1787676406,tara944_,580,NOBODY saw that result coming #MatchNight,REELS,VIDEO,23,2,1,6,1544,536
360277955154911026,1787701687,omar81307,764,found this 58-rupee plate near the station and i'm never recovering #LateNightEats,REELS,VIDEO,21,0,3,1,1269,474
922145661314414272,1787680858,jay287_in,3492,watch party er environment ta osadharon chilo #WatchParty,REELS,VIDEO,37,1,3,9,2907,2134
710532139402777166,1787702143,omar812official,446,"late night eats thread, adding this one to the list #StreetFoodFinds",FEED,IMAGE,4,0,0,0,,149
893203394648976707,1787654905,arjun390_in,384,underdogs really did that tonight #MatchNight,FEED,CAROUSEL_ALBUM,2,0,0,0,,31
505209590618604407,1787692749,tara899official,177,everyone using this audio as a template #SingalongChallenge,FEED,IMAGE,1,0,0,0,,38
601537463743832293,1787671612,zoya519_,558,everyone using this audio as a template #SingalongChallenge,STORY,IMAGE,0,0,0,0,,315
605233316948261633,1787666357,omar305521,3801,last over replay pe replay dekh raha hu #UnderdogWin,REELS,VIDEO,53,1,11,12,7206,5006
850080686408567538,1787661311,zoya546_,441,underdogs really did that tonight #UnderdogWin,FEED,IMAGE,9,0,1,1,,216
552298301046421642,1787657091,imran756x,172,"bhai ye wala stall best hai, 42 me itna khana #StreetFoodFinds",REELS,VIDEO,3,0,0,0,178,55
934552394717913919,1787597177,rahul105x,293,queue was 40 min long and honestly worth it #LateNightEats,STORY,VIDEO,0,0,0,0,432,219
125737521501539982,1787669328,omar73,538,shipping status change hone me kitna time lagta hai #DeliveryStatus,REELS,VIDEO,3,0,0,0,934,410
229937128785003118,1787649900,nadia388472,1087,"ei jaygar khabar ta darun, must try #StreetFoodFinds",FEED,IMAGE,19,0,1,0,,746
788497155216091430,1787685647,rahul24594,2270,"ei jaygar khabar ta darun, must try #LateNightEats",FEED,CAROUSEL_ALBUM,51,1,10,5,,818
750516712889510068,1787567947,dipu268official,139,"parts pairing is the real problem, not the screws #RightToRepair",REELS,VIDEO,1,0,0,0,68,33
440240901580728014,1787700132,omar86307,338,queue was 40 min long and honestly worth it #LateNightEats,FEED,IMAGE,18,0,3,0,,332
258874402032405162,1787687696,meera585607,141,biggest upset of the season easily #UnderdogWin,REELS,VIDEO,1,0,0,0,351,115
954846685611924134,1787674118,sana740_,323,clip of that moment is everywhere now #WatchParty,FEED,IMAGE,12,0,1,3,,373
810212356853876914,1787665532,sana69official,241,watch party er environment ta osadharon chilo #WatchParty,REELS,VIDEO,9,1,1,0,299,163
670336365610762901,1787656080,aisha414,428,"genuinely good thread on repairability scores, worth a read #RepairNotReplace",FEED,IMAGE,2,0,0,0,,94
300007082766504497,1787638770,shreya299official,640,"took it to a local shop, fixed for 5800. brand quoted 5x that #RepairNotReplace",REELS,VIDEO,32,2,5,7,1090,502
600158111459747450,1787694263,aisha86907,436,biggest upset of the season easily #UnderdogWin,FEED,CAROUSEL_ALBUM,1,0,0,0,,47
632687401952577047,1787692432,arjun623_,1487,"took it to a local shop, fixed for 3400. brand quoted 5x that #RightToRepair",REELS,VIDEO,10,0,2,0,749,298
638269115379542728,1787587008,sana122official,525,is it actually worth 18k or nah #GadgetCheck,REELS,VIDEO,11,1,0,0,771,664
395466677106041457,1787696275,rizwan29718,450,everyone using this audio as a template #WatchParty,FEED,CAROUSEL_ALBUM,1,0,0,0,,40
527012813214636786,1787689763,tanvir1074_in,255,NOBODY saw that result coming #MatchNight,STORY,VIDEO,0,0,0,0,659,258
146340456576060107,1787700580,sana609_,409,everyone using this audio as a template #SingalongChallenge,FEED,CAROUSEL_ALBUM,12,0,1,1,,350
875563726581559109,1787693896,rizwan855_in,775,"back to campus haul, everything under 4200 #CampusHaul",REELS,VIDEO,37,2,2,9,855,577
769473548329917686,1787666355,tara54907,150,biggest upset of the season easily #MatchNight,FEED,IMAGE,5,0,0,0,,87
113466612393539273,1787606806,sunny147,504,biggest upset of the season easily #MatchNight,REELS,VIDEO,5,0,0,0,337,368
892509414009291469,1787688391,sana807_in,981,"the whole crowd singing along, chills #WatchParty",REELS,VIDEO,8,0,0,1,562,327
193025022094754962,1787687642,zoya701933,394,ei match ta bhulte parbo na #MatchNight,REELS,VIDEO,6,0,0,0,159,130
856928645683281353,1787664395,meera548_in,668,last over replay pe replay dekh raha hu #UnderdogWin,STORY,IMAGE,0,0,0,0,,542
533425990189894430,1787693858,priya695x,11071,watch party er environment ta osadharon chilo #SingalongChallenge,FEED,CAROUSEL_ALBUM,402,15,98,35,,9325
809480192222249994,1787671458,imran756x,172,found this 34-rupee plate near the station and i'm never recovering #LateNightEats,FEED,IMAGE,4,0,0,1,,79
609061591742814804,1787677098,imran991_in,406,everyone using this audio as a template #SingalongChallenge,REELS,VIDEO,7,0,0,0,812,546
670198156201064596,1787697217,farhan1106x,471,biggest upset of the season easily #MatchNight,FEED,CAROUSEL_ALBUM,38,0,2,9,,497
809977144882151499,1787666293,rizwan941,1368,underdogs really did that tonight #UnderdogWin,FEED,IMAGE,3,0,0,0,,103
686889240750667951,1787701981,sunny1012x,433,found this 27-rupee plate near the station and i'm never recovering #LateNightEats,REELS,VIDEO,22,0,1,3,816,443
191630223048286017,1787594362,hasan93,2018,anyone know how long the update usually takes? #DeliveryStatus,FEED,CAROUSEL_ALBUM,16,0,0,2,,1168
682569006927909942,1787697464,aisha20607,161,everyone using this audio as a template #WatchParty,REELS,VIDEO,2,0,0,0,125,64
937197592663304000,1787565154,arjun20269,1062,"ok it's a regional thing, not a full outage #AppDown",FEED,CAROUSEL_ALBUM,6,0,0,0,,305
564681908054855285,1787675658,priya759,555,"repair karana sasta hai, log samajhte nahi #RepairNotReplace",FEED,IMAGE,3,0,0,0,,104
785629077324549452,1787568925,jay67_in,2246,is it actually worth 12k or nah #GadgetCheck,REELS,VIDEO,13,1,2,3,535,614
977765541165130322,1787697420,dipu76707,692,NOBODY saw that result coming #UnderdogWin,REELS,VIDEO,49,2,4,2,1358,735
135890266730506556,1787653613,imran14official,581,made it into the roundup somehow #WeeklyRoundup,FEED,CAROUSEL_ALBUM,5,0,0,0,,354
249120290283381243,1787605693,imran413official,387,"ok it's a regional thing, not a full outage #AppDown",FEED,IMAGE,0,0,0,0,,43
453156202120562223,1787692744,hasan817_,149,"the whole crowd singing along, chills #WatchParty",FEED,IMAGE,3,0,0,0,,170
538587573306675976,1787696997,priya167official,1401,"the whole crowd singing along, chills #SingalongChallenge",FEED,CAROUSEL_ALBUM,22,1,4,4,,1333
467888654971250656,1787688101,priya46774,256,queue was 40 min long and honestly worth it #StreetFoodFinds,REELS,VIDEO,6,0,1,1,410,
453847366026534230,1787680334,bina952x,769,"genuinely good thread on repairability scores, worth a read #RightToRepair",FEED,CAROUSEL_ALBUM,8,0,1,1,,73
831080263053977987,1787682709,sana569,787,watch party er environment ta osadharon chilo #SingalongChallenge,REELS,VIDEO,4,0,0,0,336,224
759642425512835890,1787634628,priya203,1643,"the whole crowd singing along, chills #SingalongChallenge",REELS,VIDEO,16,0,3,3,1355,425
892143476450867869,1787534591,priya49,6005,clip of that moment is everywhere now #WatchParty,FEED,CAROUSEL_ALBUM,159,15,16,5,,8239
392442489096164170,1787683748,arjun112007,519,queue was 40 min long and honestly worth it #LateNightEats,FEED,CAROUSEL_ALBUM,24,0,3,6,,506
328352666597351766,1787661629,imran68107,409,"parts pairing is the real problem, not the screws #RightToRepair",STORY,VIDEO,0,0,0,0,169,172
608302288131589964,1787660548,neel910,568,everyone using this audio as a template #SingalongChallenge,FEED,IMAGE,15,0,0,0,,460
192187534354166606,1787699079,arjun7_in,2810,last over replay pe replay dekh raha hu #MatchNight,REELS,VIDEO,85,8,16,7,4077,2361
756603061503018034,1787665152,kabir139_,196,clip of that moment is everywhere now #SingalongChallenge,FEED,IMAGE,7,0,0,1,,
842927051433363387,1787698350,rizwan86,593,found this 34-rupee plate near the station and i'm never recovering #StreetFoodFinds,STORY,IMAGE,0,0,0,0,,129
386900660214712819,1787680989,meera301_in,1140,"late night eats thread, adding this one to the list #StreetFoodFinds",STORY,IMAGE,0,0,0,0,,390
882560304031216624,1787670696,vikram550official,789,ei match ta bhulte parbo na #MatchNight,REELS,VIDEO,7,0,1,1,365,185
855602239947925349,1787661643,aisha13x,206,biggest upset of the season easily #UnderdogWin,STORY,VIDEO,0,0,0,0,77,88
803293689775328747,1787633043,omar173677,510,clip of that moment is everywhere now #SingalongChallenge,REELS,VIDEO,25,2,5,5,1396,561
628145119692104307,1787695279,tara1145639,10103,"bhai ye wala stall best hai, 12 me itna khana #LateNightEats",FEED,CAROUSEL_ALBUM,79,2,9,14,,1384
235315647576729743,1787657693,sana276486,930,why is replacing the battery cheaper than the whole phone now #RightToRepair,REELS,VIDEO,11,0,1,1,1250,419
432331844635735638,1787660526,tara17,355,"delivery took 3 days longer than promised, finally here #DeliveryStatus",REELS,VIDEO,5,0,0,1,881,317
314291870796043838,1787683633,arjun733official,60,biggest upset of the season easily #UnderdogWin,REELS,VIDEO,3,0,0,0,73,57
483413111354632060,1787694268,kabir771_,330,found this 27-rupee plate near the station and i'm never recovering #StreetFoodFinds,REELS,VIDEO,0,0,0,0,123,56
385208078448318535,1787647967,meera690,466,ei match ta bhulte parbo na #MatchNight,REELS,VIDEO,2,0,0,0,104,46
835889107848015063,1787571779,omar127_in,1593,is the app down for everyone or just me #AppDown,REELS,VIDEO,29,2,1,6,2156,
699337825092477189,1787643580,farhan33907,3473,"the whole crowd singing along, chills #SingalongChallenge",FEED,IMAGE,19,0,3,0,,
891508618782601974,1787684825,priya291_,3657,biggest upset of the season easily #MatchNight,REELS,VIDEO,19,0,0,3,990,457
472183580175270069,1787677704,sunny191x,1793,underdogs really did that tonight #UnderdogWin,REELS,VIDEO,43,3,6,10,2720,1579
614832124689790891,1787700004,zoya47official,690,everyone using this audio as a template #WatchParty,STORY,IMAGE,0,0,0,0,,800
632010671125562283,1787676765,hasan27407,353,watch party er environment ta osadharon chilo #SingalongChallenge,REELS,VIDEO,4,0,0,0,288,118
473995882184519992,1787649866,tara292502,1824,NOBODY saw that result coming #UnderdogWin,REELS,VIDEO,46,5,6,3,1532,1087
446946967382826908,1787688286,vikram1129official,723,"ok it's a regional thing, not a full outage #ServerOutage",REELS,VIDEO,2,0,0,0,360,245
107328280848230800,1787658026,rizwan694_,389,"took it to a local shop, fixed for 1800. brand quoted 5x that #RepairNotReplace",FEED,IMAGE,3,0,0,0,,117
176601075669279142,1787616222,zoya141official,322,why is replacing the battery cheaper than the whole phone now #RepairNotReplace,REELS,VIDEO,9,0,0,2,512,345
204142794558697411,1787644709,hasan35094,225,"back to campus haul, everything under 1200 #CampusHaul",FEED,CAROUSEL_ALBUM,3,0,0,0,,258
156203527464922644,1787676117,vikram443372,331,underdogs really did that tonight #UnderdogWin,STORY,IMAGE,0,0,0,0,,148
576552054372018993,1787695775,sunny1071x,160,watch party er environment ta osadharon chilo #SingalongChallenge,REELS,VIDEO,0,0,0,0,147,45
508509244166182945,1787684722,shreya344x,304,NOBODY saw that result coming #MatchNight,STORY,IMAGE,0,0,0,0,,60
170055439232834113,1787681526,zoya38official,307,queue was 40 min long and honestly worth it #LateNightEats,STORY,IMAGE,0,0,0,0,,35
215477896853834415,1787657558,dipu35407,770,underdogs really did that tonight #UnderdogWin,FEED,IMAGE,55,3,3,10,,638
204119070302821193,1787694848,neel288,317,"late night eats thread, adding this one to the list #LateNightEats",FEED,CAROUSEL_ALBUM,5,0,0,1,,169
657747317250082486,1787693434,priya651_,210,"bhai ye wala stall best hai, 103 me itna khana #LateNightEats",STORY,IMAGE,0,0,0,0,,188
113407551842753307,1787670590,sana93007,2369,"bhai ye wala stall best hai, 103 me itna khana #StreetFoodFinds",FEED,CAROUSEL_ALBUM,41,1,7,1,,1622
682432144049789661,1787667365,zoya48_in,287,underdogs really did that tonight #UnderdogWin,FEED,IMAGE,21,1,3,5,,369
725298840393821959,1787662996,tanvir199,3436,"bhai ye wala stall best hai, 12 me itna khana #LateNightEats",FEED,IMAGE,67,7,11,13,,2617
764952358550450232,1787561185,meera50787,1446,"spec sheet looks great, real world is mid imo #HonestReview",REELS,VIDEO,2,0,0,0,868,535
509054563282580120,1787694277,meera49939,174,last over replay pe replay dekh raha hu #MatchNight,REELS,VIDEO,10,1,1,1,160,172
843615258001467883,1787699561,anaya118007,391,everyone using this audio as a template #SingalongChallenge,FEED,IMAGE,8,0,1,1,,190
761181141124652816,1787690262,kabir642_in,282,"ei jaygar khabar ta darun, must try #StreetFoodFinds",FEED,CAROUSEL_ALBUM,17,1,3,4,,305
681413820175800828,1787650155,vikram786,393,found this 27-rupee plate near the station and i'm never recovering #LateNightEats,STORY,IMAGE,0,0,0,0,,49
660944003420565992,1787658871,vikram183official,425,"bhai ye wala stall best hai, 18 me itna khana #StreetFoodFinds",REELS,VIDEO,1,0,0,0,116,57
516238802548799045,1787676104,dipu71official,60,underdogs really did that tonight #UnderdogWin,REELS,VIDEO,0,0,0,0,56,49
443560874306010985,1787682105,rahul1101x,10778,last over replay pe replay dekh raha hu #MatchNight,FEED,IMAGE,479,47,89,14,,6548
259948216427014715,1787540928,zoya9207,407,"college list banaya hai, kuch reh gaya? #CampusHaul",FEED,CAROUSEL_ALBUM,1,0,0,0,,195
273171896901321875,1787690752,tanvir319official,1664,watch party er environment ta osadharon chilo #SingalongChallenge,REELS,VIDEO,91,3,9,3,3301,1300
706138862249168103,1787701023,sana93007,2369,clip of that moment is everywhere now #WatchParty,REELS,VIDEO,15,1,1,2,1372,882
924052984871944984,1787699516,rahul437official,1661,last over replay pe replay dekh raha hu #MatchNight,REELS,VIDEO,10,0,0,0,2824,1283
508436571124361756,1787532754,aisha4_in,356,biggest upset of the season easily #MatchNight,FEED,IMAGE,5,0,0,0,,
323039506038918359,1787692704,tanvir687x,583,"ei jaygar khabar ta darun, must try #StreetFoodFinds",STORY,VIDEO,0,0,0,0,1536,620
414447103657804406,1787676163,farhan42783,181,"the whole crowd singing along, chills #SingalongChallenge",STORY,IMAGE,0,0,0,0,,96
334004222697754866,1787694083,omar528official,260,queue was 40 min long and honestly worth it #LateNightEats,FEED,CAROUSEL_ALBUM,4,0,0,0,,199
426400546921303229,1787667200,shreya881_,4699,"genuinely good thread on repairability scores, worth a read #RepairNotReplace",FEED,IMAGE,39,4,8,1,,684
640069697376483184,1787672107,rizwan966_in,1403,underdogs really did that tonight #UnderdogWin,FEED,IMAGE,36,2,7,3,,735
887949324017503530,1787627489,zoya434official,184,watch party er environment ta osadharon chilo #SingalongChallenge,REELS,VIDEO,3,0,0,0,183,181
370602325189588586,1787675530,farhan801official,529,last over replay pe replay dekh raha hu #UnderdogWin,REELS,VIDEO,7,0,1,0,153,127
939422087965795202,1787693807,bina50207,195,underdogs really did that tonight #UnderdogWin,REELS,VIDEO,9,0,2,1,267,150
398578558205035784,1787694212,omar1007,281,"parts pairing is the real problem, not the screws #RepairNotReplace",FEED,CAROUSEL_ALBUM,12,1,0,3,,243
150466814878544933,1787690208,priya1118_,906,"bhai ye wala stall best hai, 18 me itna khana #StreetFoodFinds",FEED,CAROUSEL_ALBUM,15,1,0,3,,254
437510404789421650,1787672105,omar25807,636,"ok it's a regional thing, not a full outage #ServerOutage",STORY,IMAGE,0,0,0,0,,847
424934336494295190,1787637097,rahul13107,1474,"late night eats thread, adding this one to the list #LateNightEats",REELS,VIDEO,7,0,1,0,1535,638
322950855112197115,1787695778,nadia1214_in,1208,"took it to a local shop, fixed for 5800. brand quoted 5x that #RepairNotReplace",REELS,VIDEO,3,0,0,0,739,328
149273041285632437,1787686068,tanvir110,1349,NOBODY saw that result coming #UnderdogWin,REELS,VIDEO,59,3,8,3,849,890
675113693393408090,1787664063,farhan197x,1736,NOBODY saw that result coming #UnderdogWin,FEED,CAROUSEL_ALBUM,75,2,10,16,,1089
886481814623441640,1787621655,meera5,192,is it actually worth 18k or nah #HonestReview,FEED,IMAGE,0,0,0,0,,24
533967140562318775,1787672050,priya695x,11071,"ei jaygar khabar ta darun, must try #StreetFoodFinds",REELS,VIDEO,51,1,10,2,14426,6941
475242210236304482,1787696209,meera240_,354,"ok it's a regional thing, not a full outage #ServerOutage",FEED,IMAGE,3,0,0,0,,
286570119532956901,1787679512,priya117official,224,"repair karana sasta hai, log samajhte nahi #RightToRepair",REELS,VIDEO,2,0,0,0,268,152
640428322379898060,1787679060,imran15,1338,watch party er environment ta osadharon chilo #WatchParty,FEED,IMAGE,57,0,6,2,,1839
530644512276268215,1787584758,hasan23x,822,found this 58-rupee plate near the station and i'm never recovering #LateNightEats,FEED,CAROUSEL_ALBUM,9,1,1,2,,601
658464983028171219,1787655488,omar812official,446,"parts pairing is the real problem, not the screws #RepairNotReplace",STORY,VIDEO,0,0,0,0,374,403
447856084157510991,1787671487,hasan731_,337,"bhai ye wala stall best hai, 27 me itna khana #LateNightEats",REELS,VIDEO,6,0,1,0,400,317
378082221955604871,1787535098,farhan4107,647,"bhai ye wala stall best hai, 34 me itna khana #StreetFoodFinds",FEED,CAROUSEL_ALBUM,2,0,0,0,,143
334201115315704954,1787695291,omar835301,581,"bhai ye wala stall best hai, 12 me itna khana #StreetFoodFinds",FEED,IMAGE,1,0,0,0,,98
370676281628837920,1787690526,priya75407,364,"ei jaygar khabar ta darun, must try #StreetFoodFinds",FEED,IMAGE,1,0,0,0,,204
769611345957238178,1787685091,neel39official,529,"spec sheet looks great, real world is mid imo #GadgetCheck",REELS,VIDEO,2,0,0,0,307,209
411125609173571870,1787688539,neel964151,1292,"late night eats thread, adding this one to the list #StreetFoodFinds",REELS,VIDEO,15,0,0,2,664,
176900828738557870,1787699477,rizwan966_in,1403,everyone using this audio as a template #WatchParty,FEED,IMAGE,20,0,1,5,,1658
100552479455551838,1787701990,vikram587,981,this haul format is everywhere on my feed now #BackToCampus,FEED,IMAGE,7,0,0,1,,383
959128717963507564,1787699639,vikram50407,1546,ei match ta bhulte parbo na #UnderdogWin,FEED,CAROUSEL_ALBUM,26,1,5,2,,1024
246342686238627731,1787538216,zoya58official,3147,"spec sheet looks great, real world is mid imo #GadgetCheck",FEED,CAROUSEL_ALBUM,15,0,0,4,,626
327269515600343861,1787681696,jay854_,3183,underdogs really did that tonight #UnderdogWin,REELS,VIDEO,6,0,0,1,274,424
327325801408616827,1787702346,nadia971,1961,"back to campus haul, everything under 5800 #BackToCampus",FEED,CAROUSEL_ALBUM,91,7,15,13,,1301
902408572380669252,1787683875,rahul711_,1253,NOBODY saw that result coming #MatchNight,FEED,CAROUSEL_ALBUM,4,0,0,0,,430
626278928268794977,1787667741,vikram3707,1664,"the whole crowd singing along, chills #WatchParty",FEED,CAROUSEL_ALBUM,13,0,1,3,,1187
484554673758390055,1787648606,priya295_in,683,"college list banaya hai, kuch reh gaya? #BackToCampus",FEED,IMAGE,27,2,3,4,,809
801232136978307146,1787698294,omar775official,327,everyone using this audio as a template #SingalongChallenge,FEED,CAROUSEL_ALBUM,10,0,1,1,,
910448228641640057,1787688906,zoya525x,534,ei match ta bhulte parbo na #UnderdogWin,REELS,VIDEO,0,0,0,0,157,98
797006185489404265,1787662106,farhan300_,3424,everyone using this audio as a template #WatchParty,REELS,VIDEO,63,5,15,8,3583,3449
981741811693377712,1787590706,arjun137_in,439,NOBODY saw that result coming #MatchNight,REELS,VIDEO,5,0,0,0,804,220
837662870031343950,1787597317,tara42,147,"false alarm apparently, working again on my end #ServerOutage",REELS,VIDEO,4,0,0,0,100,92
393276970897238652,1787669297,neel32079,248,watch party er environment ta osadharon chilo #WatchParty,REELS,VIDEO,13,0,1,3,473,236
983277514017259174,1787697590,priya153_in,607,found this 34-rupee plate near the station and i'm never recovering #LateNightEats,REELS,VIDEO,41,4,2,5,1159,639
730869112792672402,1787696899,rahul21507,633,why is replacing the battery cheaper than the whole phone now #RightToRepair,REELS,VIDEO,14,1,2,3,574,227
578798105207368745,1787550516,meera2207,140,NOBODY saw that result coming #MatchNight,REELS,VIDEO,2,0,0,0,123,143
452140913581639548,1787676377,zoya519_,558,why is replacing the battery cheaper than the whole phone now #RightToRepair,REELS,VIDEO,6,0,0,1,752,390
212447040499583536,1787658861,arjun559x,935,last over replay pe replay dekh raha hu #UnderdogWin,REELS,VIDEO,16,0,1,1,1085,528
519788701185284765,1787682805,arjun1060official,1626,"genuinely good thread on repairability scores, worth a read #RepairNotReplace",REELS,VIDEO,6,0,1,1,495,523
728579080351281556,1787694906,aisha14007,2128,everyone using this audio as a template #WatchParty,FEED,IMAGE,59,3,9,15,,556
936818803361996839,1787577009,tara70_in,1266,why is replacing the battery cheaper than the whole phone now #RightToRepair,REELS,VIDEO,18,0,0,1,1047,524
515721792134735499,1787653719,tanvir72807,75,last over replay pe replay dekh raha hu #UnderdogWin,FEED,CAROUSEL_ALBUM,2,0,0,0,,56
868998269827958937,1787697347,sunny1152,639,found this 42-rupee plate near the station and i'm never recovering #StreetFoodFinds,REELS,VIDEO,8,0,1,1,450,201
312826376158326881,1787701680,meera1079597,37,last over replay pe replay dekh raha hu #UnderdogWin,REELS,VIDEO,0,0,0,0,65,25
979263504656959295,1787684234,bina12807,80,"delivery took 3 days longer than promised, finally here #DeliveryStatus",FEED,CAROUSEL_ALBUM,0,0,0,0,,70
602350663120475094,1787691224,priya534official,125,queue was 40 min long and honestly worth it #LateNightEats,STORY,VIDEO,0,0,0,0,88,77
285969342772173927,1787691119,rahul711_,1253,"ok it's a regional thing, not a full outage #ServerOutage",FEED,IMAGE,18,1,4,5,,732
587941296452831626,1787675848,farhan205_,3317,"parts pairing is the real problem, not the screws #RepairNotReplace",FEED,IMAGE,61,6,9,3,,2285
618975762586839587,1787678690,kabir796official,148,underdogs really did that tonight #MatchNight,FEED,CAROUSEL_ALBUM,1,0,0,0,,
141168650879039230,1787678365,zoya805595,628,last over replay pe replay dekh raha hu #UnderdogWin,REELS,VIDEO,12,1,1,3,433,229
550322957457746257,1787567891,rizwan62_in,696,everyone using this audio as a template #SingalongChallenge,REELS,VIDEO,15,0,0,3,1774,747
745242327184577968,1787684229,shreya1065_in,46,NOBODY saw that result coming #UnderdogWin,REELS,VIDEO,0,0,0,0,64,22
642425065848040521,1787695559,rizwan911_in,3040,biggest upset of the season easily #MatchNight,REELS,VIDEO,43,3,10,2,5755,4020
620960771899593031,1787651598,imran455official,638,watch party er environment ta osadharon chilo #WatchParty,FEED,IMAGE,3,0,0,0,,223
747025986413259799,1787664194,bina6807,131,"friday faves, 34 things i actually used this week #WeeklyRoundup",REELS,VIDEO,0,0,0,0,59,35
217188007426535056,1787668028,zoya795535,209,underdogs really did that tonight #UnderdogWin,REELS,VIDEO,0,0,0,0,101,63
577012176320405551,1787688249,arjun1010,645,everyone using this audio as a template #SingalongChallenge,REELS,VIDEO,9,0,0,1,431,513
335325804871423028,1787691728,zoya11507,178,"delivery took 3 days longer than promised, finally here #DeliveryStatus",STORY,IMAGE,0,0,0,0,,84
437196653608531737,1787698017,hasan618official,1318,last over replay pe replay dekh raha hu #MatchNight,REELS,VIDEO,7,0,1,1,330,111
517467417068375454,1787687866,shreya217_,629,underdogs really did that tonight #MatchNight,REELS,VIDEO,4,0,0,0,860,461
221725765474578729,1787669984,shreya9907,57,watch party er environment ta osadharon chilo #SingalongChallenge,STORY,VIDEO,0,0,0,0,62,36
859951337925597141,1787701437,meera491x,199,queue was 40 min long and honestly worth it #LateNightEats,FEED,IMAGE,1,0,0,0,,69
351282732077828628,1787698950,arjun768x,3594,last over replay pe replay dekh raha hu #UnderdogWin,FEED,CAROUSEL_ALBUM,195,3,6,8,,2752
723536547369429162,1787682587,aisha527_,487,clip of that moment is everywhere now #WatchParty,STORY,IMAGE,0,0,0,0,,324
297346056475453612,1787690050,zoya1016_in,922,biggest upset of the season easily #MatchNight,FEED,IMAGE,8,0,1,0,,660
799037657280493581,1787634169,tanvir273_in,3227,queue was 40 min long and honestly worth it #LateNightEats,FEED,IMAGE,56,1,2,10,,2748
195661206216091834,1787702182,shreya152official,315,"college list banaya hai, kuch reh gaya? #BackToCampus",STORY,VIDEO,0,0,0,0,503,365
152413951724586665,1787700640,priya806230,2493,"back to campus haul, everything under 10300 #BackToCampus",REELS,VIDEO,8,0,1,0,429,317
589153826936393937,1787697394,priya156official,123,"took it to a local shop, fixed for 3400. brand quoted 5x that #RightToRepair",REELS,VIDEO,0,0,0,0,89,48
855049115642640601,1787690325,zoya861official,10501,ei match ta bhulte parbo na #UnderdogWin,REELS,VIDEO,492,37,87,107,17828,11028
523818750852050347,1787690302,anaya75,1329,underdogs really did that tonight #UnderdogWin,FEED,CAROUSEL_ALBUM,19,1,0,5,,1557
417694416360307914,1787701908,hasan508,382,third time this week honestly #ServerOutage,FEED,IMAGE,5,0,0,0,,119
437134468697800834,1787589850,sana124_,163,everyone using this audio as a template #WatchParty,STORY,IMAGE,0,0,0,0,,49
298262638883391678,1787694273,zoya828157,11584,queue was 40 min long and honestly worth it #StreetFoodFinds,REELS,VIDEO,177,5,17,52,6784,3020
451220445124546798,1787701173,zoya600_,91,clip of that moment is everywhere now #SingalongChallenge,STORY,IMAGE,0,0,0,0,,42
922575366899921090,1787560968,meera74_,2554,clip of that moment is everywhere now #SingalongChallenge,STORY,IMAGE,0,0,0,0,,1651
397422703667149296,1787685584,sunny78507,55,"ei jaygar khabar ta darun, must try #StreetFoodFinds",REELS,VIDEO,0,0,0,0,77,33
517889159966451463,1787677156,aisha414,428,NOBODY saw that result coming #UnderdogWin,REELS,VIDEO,1,0,0,0,126,155
145939531341172145,1787585629,anaya376_in,772,NOBODY saw that result coming #UnderdogWin,FEED,IMAGE,12,0,0,2,,840
916726247025822979,1787689044,hasan1119_,644,"college list banaya hai, kuch reh gaya? #BackToCampus",REELS,VIDEO,5,0,1,0,526,246
664574527414451037,1787697263,nadia1166official,1115,underdogs really did that tonight #MatchNight,REELS,VIDEO,14,0,0,1,866,529
762249656826130531,1787688889,zoya48942,1420,clip of that moment is everywhere now #SingalongChallenge,FEED,IMAGE,88,2,13,22,,1300
865854083007155282,1787663143,dipu369x,1355,biggest upset of the season easily #UnderdogWin,FEED,CAROUSEL_ALBUM,41,1,1,0,,
536099692207445438,1787698000,priya295_in,683,watch party er environment ta osadharon chilo #SingalongChallenge,FEED,CAROUSEL_ALBUM,10,0,1,1,,334
637958242553317377,1787646062,jay53907,55,NOBODY saw that result coming #UnderdogWin,FEED,IMAGE,0,0,0,0,,32
987527677406178660,1787672062,neel9_,294,queue was 40 min long and honestly worth it #LateNightEats,FEED,IMAGE,13,1,1,1,,190
244397867823627373,1787673459,rahul11407,626,found this 103-rupee plate near the station and i'm never recovering #StreetFoodFinds,STORY,VIDEO,0,0,0,0,962,703
332623226791026464,1787655030,meera13529,3158,anyone know how long the update usually takes? #DeliveryStatus,STORY,VIDEO,0,0,0,0,1111,1397
281472017665611856,1787631823,neel247official,47,underdogs really did that tonight #UnderdogWin,REELS,VIDEO,0,0,0,0,58,40
862102711854565737,1787699368,rizwan855_in,775,queue was 40 min long and honestly worth it #LateNightEats,STORY,VIDEO,0,0,0,0,633,522
222749091299844722,1787539234,zoya38official,307,shipping status change hone me kitna time lagta hai #ShippingUpdate,STORY,IMAGE,0,0,0,0,,140
151198756694229419,1787683871,jay790_,861,"late night eats thread, adding this one to the list #StreetFoodFinds",STORY,IMAGE,0,0,0,0,,301
739342388230937556,1787682549,shreya658996,654,found this 58-rupee plate near the station and i'm never recovering #StreetFoodFinds,REELS,VIDEO,21,1,5,2,979,395
579722422037234136,1787699544,zoya800,1341,everyone using this audio as a template #SingalongChallenge,REELS,VIDEO,70,1,13,7,1096,902
260524915231844745,1787564577,dipu4607,1616,"ok it's a regional thing, not a full outage #AppDown",FEED,CAROUSEL_ALBUM,10,0,1,2,,393
661451182126192232,1787665595,arjun111_,1094,made it into the roundup somehow #WeeklyRoundup,FEED,IMAGE,29,3,6,5,,734
459311839342097922,1787679854,jay418905,3735,NOBODY saw that result coming #UnderdogWin,REELS,VIDEO,27,0,2,1,3000,921
861125046104852736,1787651457,arjun340official,810,"ei jaygar khabar ta darun, must try #StreetFoodFinds",FEED,IMAGE,6,0,0,1,,423
781580027557869016,1787698722,zoya1084344,822,last over replay pe replay dekh raha hu #MatchNight,STORY,VIDEO,0,0,0,0,2004,917
779130344218121113,1787634429,priya203,1643,clip of that moment is everywhere now #WatchParty,REELS,VIDEO,38,2,5,5,2388,1263
403766643010010662,1787652098,bina6807,131,biggest upset of the season easily #UnderdogWin,STORY,IMAGE,0,0,0,0,,35
542198536189807559,1787684973,jay1078x,3266,biggest upset of the season easily #MatchNight,REELS,VIDEO,46,4,7,4,3041,784
521406028081654883,1787688276,aisha893_in,1650,"college list banaya hai, kuch reh gaya? #BackToCampus",STORY,IMAGE,0,0,0,0,,1315
921327501119463666,1787670536,omar329_in,6110,everyone using this audio as a template #SingalongChallenge,REELS,VIDEO,281,4,30,39,9403,7386
471877991267797969,1787618303,kabir8x,341,NOBODY saw that result coming #UnderdogWin,FEED,CAROUSEL_ALBUM,10,1,0,2,,265
213061414770785275,1787635079,anaya561_,446,"bhai ye wala stall best hai, 58 me itna khana #StreetFoodFinds",FEED,IMAGE,5,0,0,0,,313
273924909138236433,1787624808,aisha322,3474,"the whole crowd singing along, chills #WatchParty",FEED,IMAGE,6,0,0,1,,331
213506875425457444,1787623516,nadia311_,1643,last over replay pe replay dekh raha hu #UnderdogWin,FEED,CAROUSEL_ALBUM,19,2,3,1,,1395
730576220694238182,1787666254,aisha908,132,watch party er environment ta osadharon chilo #WatchParty,FEED,CAROUSEL_ALBUM,3,0,0,0,,42
605274537599798731,1787698674,meera588official,948,"ok it's a regional thing, not a full outage #AppDown",STORY,IMAGE,0,0,0,0,,654
871101928791089390,1787653484,sunny90,585,ei match ta bhulte parbo na #MatchNight,REELS,VIDEO,3,0,0,0,253,115
151697432576347170,1787638469,priya203,1643,this haul format is everywhere on my feed now #BackToCampus,FEED,CAROUSEL_ALBUM,9,0,0,1,,217
115097205127315680,1787539040,imran78,451,clip of that moment is everywhere now #SingalongChallenge,REELS,VIDEO,1,0,0,0,345,188
584943733733391761,1787687041,omar66807,3510,NOBODY saw that result coming #MatchNight,STORY,VIDEO,0,0,0,0,7838,4546
791637030683791764,1787630308,arjun721_,406,everyone using this audio as a template #WatchParty,REELS,VIDEO,10,0,0,2,602,212
469301835174129003,1787628750,priya45107,1204,underdogs really did that tonight #UnderdogWin,REELS,VIDEO,18,0,0,1,1287,924
482740523135953528,1787632548,sunny591x,247,everyone using this audio as a template #WatchParty,REELS,VIDEO,1,0,0,0,237,152
929050512071814229,1787651593,dipu667x,774,"repair karana sasta hai, log samajhte nahi #RepairNotReplace",REELS,VIDEO,26,1,6,4,763,802
979126079896223410,1787616326,vikram466official,172,"bhai ye wala stall best hai, 58 me itna khana #StreetFoodFinds",FEED,CAROUSEL_ALBUM,4,0,0,0,,132
946819639950536847,1787693500,rizwan879414,805,last over replay pe replay dekh raha hu #UnderdogWin,REELS,VIDEO,20,0,3,5,1103,360
699514987195025149,1787654755,aisha634_in,198,watch party er environment ta osadharon chilo #WatchParty,REELS,VIDEO,3,0,0,0,305,153
913956600848388316,1787684077,anaya765_,1730,last over replay pe replay dekh raha hu #MatchNight,REELS,VIDEO,9,0,0,1,812,577
622745646171469583,1787675324,meera793official,103,"false alarm apparently, working again on my end #AppDown",STORY,IMAGE,0,0,0,0,,45
900026831376791466,1787650998,sunny235162,121,ei match ta bhulte parbo na #MatchNight,REELS,VIDEO,2,0,0,0,165,70
315037595822204605,1787687701,farhan1109x,380,clip of that moment is everywhere now #WatchParty,FEED,IMAGE,16,0,2,3,,285
607890247199990971,1787684574,shreya79407,252,NOBODY saw that result coming #UnderdogWin,FEED,CAROUSEL_ALBUM,3,0,0,0,,216
754122452320915484,1787700999,kabir947official,650,underdogs really did that tonight #UnderdogWin,REELS,VIDEO,3,0,0,0,725,481
501909300159087503,1787623132,priya117official,224,"back to campus haul, everything under 1800 #BackToCampus",STORY,IMAGE,0,0,0,0,,57
567634959661576909,1787668315,hasan20,72,"bhai ye wala stall best hai, 58 me itna khana #LateNightEats",REELS,VIDEO,1,0,0,0,79,33
531706594192234253,1787693089,sunny1012x,433,clip of that moment is everywhere now #SingalongChallenge,FEED,CAROUSEL_ALBUM,4,0,0,0,,516
724067602567508757,1787695548,nadia1205_in,216,queue was 40 min long and honestly worth it #StreetFoodFinds,FEED,IMAGE,7,0,0,0,,153
872489938149910126,1787595056,anaya25371,485,"the whole crowd singing along, chills #SingalongChallenge",STORY,VIDEO,0,0,0,0,358,310
636309165982532282,1787680582,arjun1010,645,"repair karana sasta hai, log samajhte nahi #RightToRepair",STORY,VIDEO,0,0,0,0,404,241
152420876373446505,1787647982,shreya764648,474,"back to campus haul, everything under 4200 #BackToCampus",REELS,VIDEO,1,0,0,0,601,340
863282458658776713,1787671808,zoya58official,3147,watch party er environment ta osadharon chilo #WatchParty,REELS,VIDEO,38,1,7,9,2189,1329
789789004523019373,1787677972,imran613_,591,biggest upset of the season easily #MatchNight,REELS,VIDEO,5,0,0,1,210,121
442796221716185834,1787566513,zoya11507,178,is the app down for everyone or just me #AppDown,FEED,IMAGE,2,0,0,0,,166
273142125035032878,1787697654,priya203,1643,"the whole crowd singing along, chills #WatchParty",FEED,CAROUSEL_ALBUM,62,4,15,6,,1428
676966161512113430,1787672971,dipu798x,286,"the whole crowd singing along, chills #SingalongChallenge",REELS,VIDEO,2,0,0,0,374,113
823662479604857139,1787695773,anaya1046_,402,"ei jaygar khabar ta darun, must try #LateNightEats",REELS,VIDEO,9,0,0,1,283,156
739205636562050794,1787691501,shreya29507,685,queue was 40 min long and honestly worth it #StreetFoodFinds,REELS,VIDEO,22,2,2,2,498,233
465155171287680827,1787555686,arjun17807,841,"late night eats thread, adding this one to the list #StreetFoodFinds",REELS,VIDEO,9,0,0,0,644,597
655646733977397405,1787621562,vikram460472,1273,underdogs really did that tonight #UnderdogWin,REELS,VIDEO,27,2,0,7,1151,699
430768048636322352,1787683914,tara412_in,2820,watch party er environment ta osadharon chilo #SingalongChallenge,REELS,VIDEO,28,2,3,0,3036,1327
840526157855509713,1787693729,meera296,771,last over replay pe replay dekh raha hu #UnderdogWin,REELS,VIDEO,3,0,0,0,174,150
873377630620191679,1787617855,omar284,2359,underdogs really did that tonight #MatchNight,REELS,VIDEO,49,0,11,14,3021,1920
670920597356650152,1787651188,omar200x,143,clip of that moment is everywhere now #WatchParty,FEED,IMAGE,1,0,0,0,,75
363680230922131851,1787672562,imran145_in,138,underdogs really did that tonight #MatchNight,FEED,IMAGE,0,0,0,0,,47
747549498724422860,1787658269,omar553431,363,"back to campus haul, everything under 3400 #CampusHaul",REELS,VIDEO,20,1,4,5,510,348
526962382592206984,1787695808,kabir139_,196,biggest upset of the season easily #UnderdogWin,REELS,VIDEO,0,0,0,0,149,54
502813267847385428,1787675676,vikram871x,682,everyone using this audio as a template #WatchParty,FEED,CAROUSEL_ALBUM,2,0,0,0,,221
238019179228839915,1787591453,sunny60_,760,this haul format is everywhere on my feed now #BackToCampus,FEED,IMAGE,5,0,0,1,,200
571702101359146259,1787683006,farhan213x,53,clip of that moment is everywhere now #WatchParty,FEED,CAROUSEL_ALBUM,0,0,0,0,,26
449377339916282828,1787686410,tara957_in,232,everyone using this audio as a template #SingalongChallenge,REELS,VIDEO,3,0,0,0,272,74
100552479455551838,1787701990,vikram587,981,this haul format is everywhere on my feed now #BackToCampus,FEED,IMAGE,7,0,0,1,,383
876874434108479159,1787667045,hasan874_,1532,ei match ta bhulte parbo na #MatchNight,REELS,VIDEO,16,0,2,0,839,607
899439572493669346,1787682798,bina6807,131,is it actually worth 27k or nah #GadgetCheck,STORY,IMAGE,0,0,0,0,,55
913127155612046634,1787689727,meera84507,353,last over replay pe replay dekh raha hu #MatchNight,REELS,VIDEO,5,0,0,0,649,319
351276860663232735,1787645560,anaya650_,2123,biggest upset of the season easily #UnderdogWin,REELS,VIDEO,50,0,7,11,1518,1205
690375399648206770,1787690763,rahul92607,267,found this 42-rupee plate near the station and i'm never recovering #StreetFoodFinds,REELS,VIDEO,6,0,1,0,359,262
623164720707486975,1787700765,omar844859,78,"ei jaygar khabar ta darun, must try #LateNightEats",STORY,IMAGE,0,0,0,0,,38
559066930520663504,1787657983,aisha394_,1500,everyone using this audio as a template #SingalongChallenge,REELS,VIDEO,15,1,2,2,2867,1153
538764126079250735,1787635496,arjun7_in,2810,is it actually worth 34k or nah #HonestReview,STORY,IMAGE,0,0,0,0,,1497
859340145316525545,1787622519,zoya505_in,379,"the whole crowd singing along, chills #WatchParty",STORY,VIDEO,0,0,0,0,104,67
918607253439958925,1787699761,omar173677,510,watch party er environment ta osadharon chilo #WatchParty,REELS,VIDEO,11,0,0,0,687,238
879536872513830174,1787687994,jay654x,268,last over replay pe replay dekh raha hu #MatchNight,REELS,VIDEO,1,0,0,0,120,115
466648807383785237,1787680162,jay196,1565,clip of that moment is everywhere now #WatchParty,STORY,IMAGE,0,0,0,0,,463
171458920446279300,1787610757,imran51_,151,NOBODY saw that result coming #UnderdogWin,STORY,VIDEO,0,0,0,0,92,
765149674070686143,1787598475,meera19,136,is it actually worth 103k or nah #GadgetCheck,REELS,VIDEO,3,0,0,0,104,93
908287298775193980,1787694125,imran113307,44,clip of that moment is everywhere now #SingalongChallenge,FEED,CAROUSEL_ALBUM,1,0,0,0,,22
294765421223933125,1787659730,sunny531150,320,underdogs really did that tonight #UnderdogWin,FEED,CAROUSEL_ALBUM,7,0,1,2,,115
273240605289658042,1787632615,farhan106484,762,NOBODY saw that result coming #MatchNight,FEED,CAROUSEL_ALBUM,15,0,1,2,,709
679895413752750642,1787672517,dipu453809,172,everyone using this audio as a template #SingalongChallenge,FEED,IMAGE,5,0,0,1,,144
861151493561790206,1787627210,bina12807,80,biggest upset of the season easily #MatchNight,FEED,IMAGE,1,0,0,0,,25
433066554812931873,1787679387,priya171x,1015,queue was 40 min long and honestly worth it #StreetFoodFinds,STORY,IMAGE,0,0,0,0,,530
682882761145147632,1787639988,bina31,347,"parts pairing is the real problem, not the screws #RepairNotReplace",REELS,VIDEO,1,0,0,0,86,33
197718454045074851,1787677741,sunny97x,896,ei match ta bhulte parbo na #MatchNight,REELS,VIDEO,10,1,1,0,957,485
816608697885151997,1787646107,zoya546_,441,"the whole crowd singing along, chills #SingalongChallenge",FEED,IMAGE,1,0,0,0,,53
704226811850291585,1787664700,omar921official,1344,queue was 40 min long and honestly worth it #StreetFoodFinds,REELS,VIDEO,15,0,1,2,607,492
509523842254996064,1787654737,priya171x,1015,biggest upset of the season easily #UnderdogWin,REELS,VIDEO,4,0,0,0,258,304
735905816309526516,1787677139,omar284,2359,NOBODY saw that result coming #MatchNight,REELS,VIDEO,25,0,5,6,1163,456
806865785067586440,1787699161,zoya505_in,379,why is replacing the battery cheaper than the whole phone now #RepairNotReplace,STORY,IMAGE,0,0,0,0,,320
142363603944744509,1787634503,omar82259,902,third time this week honestly #AppDown,REELS,VIDEO,2,0,0,0,223,63
640249502717890964,1787664456,tanvir277867,29,everyone using this audio as a template #SingalongChallenge,FEED,CAROUSEL_ALBUM,1,0,0,0,,43
792845466578448302,1787675825,arjun391_,407,last over replay pe replay dekh raha hu #UnderdogWin,REELS,VIDEO,1,0,0,0,82,62
648961249232523742,1787701218,dipu72official,353,"bhai ye wala stall best hai, 58 me itna khana #LateNightEats",STORY,VIDEO,0,0,0,0,670,338
171999030799006994,1787695431,omar249,62,"late night eats thread, adding this one to the list #LateNightEats",REELS,VIDEO,1,0,0,0,89,24
290038400052079495,1787621588,arjun399,244,queue was 40 min long and honestly worth it #StreetFoodFinds,REELS,VIDEO,9,0,1,0,257,210
725556343562698511,1787595008,tanvir33107,476,"genuinely good thread on repairability scores, worth a read #RepairNotReplace",REELS,VIDEO,2,0,0,0,242,126
983514307104444686,1787690200,meera588official,948,biggest upset of the season easily #UnderdogWin,REELS,VIDEO,12,0,1,1,834,934
208922561737465195,1787696055,vikram1211official,231,queue was 40 min long and honestly worth it #StreetFoodFinds,REELS,VIDEO,9,0,0,1,260,278
289775921896651811,1787670076,dipu231_in,244,last over replay pe replay dekh raha hu #MatchNight,STORY,VIDEO,0,0,0,0,633,167
564680580808770315,1787675887,kabir366x,64,biggest upset of the season easily #UnderdogWin,FEED,CAROUSEL_ALBUM,2,0,0,0,,30
336900202606419496,1787646595,rahul24594,2270,why is replacing the battery cheaper than the whole phone now #RepairNotReplace,REELS,VIDEO,42,1,5,7,4380,1028
571810152741277096,1787653645,zoya108x,491,anyone know how long the update usually takes? #ShippingUpdate,STORY,IMAGE,0,0,0,0,,225
288627904836745245,1787696846,vikram204official,5223,underdogs really did that tonight #UnderdogWin,STORY,VIDEO,0,0,0,0,7347,3655
386304163222628313,1787611881,tara282x,441,"late night eats thread, adding this one to the list #StreetFoodFinds",REELS,VIDEO,2,0,0,0,245,165
213149791915611489,1787672863,omar81307,764,watch party er environment ta osadharon chilo #WatchParty,REELS,VIDEO,12,0,2,0,757,546
781439186949943926,1787632521,aisha20607,161,"the whole crowd singing along, chills #SingalongChallenge",FEED,IMAGE,6,0,1,1,,117
844401377148676193,1787699199,rahul1149_,1223,everyone using this audio as a template #SingalongChallenge,FEED,IMAGE,52,2,11,13,,1245
780135310348089539,1787685253,shreya355official,846,"ei jaygar khabar ta darun, must try #LateNightEats",FEED,CAROUSEL_ALBUM,23,0,1,0,,482
510332751161298024,1787645142,omar773_in,63,NOBODY saw that result coming #MatchNight,FEED,CAROUSEL_ALBUM,1,0,0,0,,41
446549750615535119,1787681391,dipu1027128,178,found this 18-rupee plate near the station and i'm never recovering #LateNightEats,REELS,VIDEO,3,0,0,0,225,80
573953339520590277,1787680033,vikram1040_,1566,last over replay pe replay dekh raha hu #MatchNight,REELS,VIDEO,26,1,6,0,2601,971
318131249447202436,1787699081,bina558official,833,found this 18-rupee plate near the station and i'm never recovering #StreetFoodFinds,FEED,IMAGE,11,0,1,1,,359
739335333320001684,1787694395,tanvir803official,679,found this 42-rupee plate near the station and i'm never recovering #LateNightEats,REELS,VIDEO,19,2,3,0,405,346
317338875710883369,1787693802,neel492,121,biggest upset of the season easily #MatchNight,REELS,VIDEO,4,0,0,0,153,65
914540200759726751,1787594357,farhan155x,426,third time this week honestly #AppDown,REELS,VIDEO,2,0,0,0,382,171
768274513645061852,1787668697,imran511_in,540,"repair karana sasta hai, log samajhte nahi #RightToRepair",REELS,VIDEO,1,0,0,0,538,159
677302103776523146,1787572466,meera107_in,1060,found this 18-rupee plate near the station and i'm never recovering #LateNightEats,REELS,VIDEO,28,2,3,4,1673,1150
851101693186835779,1787562052,anaya54_in,484,found this 58-rupee plate near the station and i'm never recovering #LateNightEats,FEED,CAROUSEL_ALBUM,3,0,0,0,,102
971838431810480507,1787566857,bina31,347,is the app down for everyone or just me #ServerOutage,REELS,VIDEO,1,0,0,0,82,35
598227321168369030,1787682950,arjun207,86,"took it to a local shop, fixed for 5800. brand quoted 5x that #RightToRepair",FEED,CAROUSEL_ALBUM,1,0,0,0,,45
362109466875325599,1787633775,hasan508,382,underdogs really did that tonight #MatchNight,STORY,VIDEO,0,0,0,0,291,263
300007082766504497,1787638770,shreya299official,640,"took it to a local shop, fixed for 5800. brand quoted 5x that #RepairNotReplace",REELS,VIDEO,32,2,5,7,1090,502
120154502994829544,1787687751,neel1130824,263,"late night eats thread, adding this one to the list #LateNightEats",FEED,IMAGE,1,0,0,0,,109
512517553185266866,1787671097,farhan76607,820,watch party er environment ta osadharon chilo #SingalongChallenge,FEED,CAROUSEL_ALBUM,8,0,1,0,,292
915898005474086279,1787684807,bina255_,204,"ok it's a regional thing, not a full outage #ServerOutage",REELS,VIDEO,6,0,1,0,224,115
129420293627396663,1787628676,farhan55_,1319,"college list banaya hai, kuch reh gaya? #BackToCampus",REELS,VIDEO,30,0,6,6,2522,1490
622365228953557330,1787669682,jay724x,805,clip of that moment is everywhere now #SingalongChallenge,REELS,VIDEO,17,1,0,1,1559,616
970909765088775122,1787623842,kabir312official,383,found this 34-rupee plate near the station and i'm never recovering #StreetFoodFinds,REELS,VIDEO,4,0,0,0,731,363
413157801055673858,1787662735,farhan106484,762,why is replacing the battery cheaper than the whole phone now #RightToRepair,REELS,VIDEO,2,0,0,0,182,67
854189985413414961,1787542381,imran78,451,"genuinely good thread on repairability scores, worth a read #RightToRepair",STORY,VIDEO,0,0,0,0,288,154
736230467817980980,1787606194,arjun100x,424,"late night eats thread, adding this one to the list #LateNightEats",STORY,IMAGE,0,0,0,0,,456
379924887637195956,1787677045,anaya346929,631,clip of that moment is everywhere now #SingalongChallenge,FEED,IMAGE,2,0,0,0,,61
386191337058403129,1787561654,zoya129_in,1436,is the app down for everyone or just me #ServerOutage,REELS,VIDEO,8,0,0,0,3068,1106
625824829275501056,1787669085,kabir3407,2038,made it into the roundup somehow #WeeklyRoundup,REELS,VIDEO,19,1,4,0,2827,1122
398308320378784937,1787643413,meera503,2962,NOBODY saw that result coming #MatchNight,STORY,VIDEO,0,0,0,0,1136,605
566619132628831077,1787581808,tanvir33107,476,"false alarm apparently, working again on my end #AppDown",REELS,VIDEO,2,0,0,0,177,106
115390098648854014,1787655938,vikram151_in,413,watch party er environment ta osadharon chilo #WatchParty,STORY,IMAGE,0,0,0,0,,207
315628603639001914,1787674119,neel910,568,ei match ta bhulte parbo na #MatchNight,STORY,VIDEO,0,0,0,0,341,219
577012176320405551,1787688249,arjun1010,645,everyone using this audio as a template #SingalongChallenge,REELS,VIDEO,9,0,0,1,431,513
504731078792177235,1787697184,rizwan879414,805,everyone using this audio as a template #WatchParty,FEED,CAROUSEL_ALBUM,26,3,3,6,,592
791716436315170459,1787585834,sunny60_,760,"took it to a local shop, fixed for 4200. brand quoted 5x that #RightToRepair",REELS,VIDEO,14,1,3,2,1180,
934754823606520919,1787699647,sunny63270,153,shipping status change hone me kitna time lagta hai #ShippingUpdate,FEED,IMAGE,3,0,0,0,,99
248029404050571729,1787639045,arjun54707,318,still stuck on the loading screen #ServerOutage,FEED,IMAGE,5,0,0,0,,176
855129472163618884,1787687821,hasan965x,1492,last over replay pe replay dekh raha hu #UnderdogWin,REELS,VIDEO,60,6,9,10,3804,1403
377985477411823405,1787685235,dipu1131_in,2238,NOBODY saw that result coming #MatchNight,REELS,VIDEO,85,2,18,10,2130,1081
805305869379035198,1787653871,aisha44507,245,"late night eats thread, adding this one to the list #StreetFoodFinds",REELS,VIDEO,6,0,0,0,377,186
594465748223132783,1787690754,bina702official,2425,watch party er environment ta osadharon chilo #SingalongChallenge,FEED,CAROUSEL_ALBUM,50,1,8,5,,693
154655693931973607,1787667370,neel830928,352,watch party er environment ta osadharon chilo #WatchParty,STORY,VIDEO,0,0,0,0,325,469
585327533698385377,1787632731,arjun351378,337,queue was 40 min long and honestly worth it #LateNightEats,REELS,VIDEO,3,0,0,0,848,429
242569716392136710,1787639677,priya534official,125,last over replay pe replay dekh raha hu #UnderdogWin,REELS,VIDEO,4,0,0,0,139,
491108872547688500,1787666904,hasan20,72,honest review after two weeks of daily use #HonestReview,STORY,IMAGE,0,0,0,0,,56
444185973089144020,1787675601,meera136_in,557,"bhai ye wala stall best hai, 18 me itna khana #StreetFoodFinds",REELS,VIDEO,3,0,0,0,167,109
901679457486506929,1787666172,neel1807,67,"friday faves, 18 things i actually used this week #WeeklyRoundup",REELS,VIDEO,0,0,0,0,188,81
799370596447501274,1787556519,farhan57official,1296,is it actually worth 58k or nah #GadgetCheck,FEED,IMAGE,10,0,0,1,,451
322943107534704559,1787701591,anaya294official,1298,is the app down for everyone or just me #ServerOutage,FEED,IMAGE,29,2,6,1,,792
214082541607627261,1787690262,tara496,1102,biggest upset of the season easily #UnderdogWin,FEED,CAROUSEL_ALBUM,29,3,3,1,,1229
685449973921030411,1787690927,anaya556official,1022,"ei jaygar khabar ta darun, must try #StreetFoodFinds",FEED,CAROUSEL_ALBUM,2,0,0,0,,
382569337384553906,1787540397,kabir6,644,"false alarm apparently, working again on my end #AppDown",REELS,VIDEO,4,0,0,0,816,588
858431936659195757,1787689361,imran1157907,226,"parts pairing is the real problem, not the screws #RepairNotReplace",FEED,CAROUSEL_ALBUM,1,0,0,0,,40
848837946796586202,1787696367,omar777,1208,"ei jaygar khabar ta darun, must try #StreetFoodFinds",STORY,IMAGE,0,0,0,0,,1072
650511202629927737,1787683701,neel126official,52,"repair karana sasta hai, log samajhte nahi #RepairNotReplace",FEED,CAROUSEL_ALBUM,1,0,0,0,,49
313910293669756218,1787677433,tara89607,1292,underdogs really did that tonight #UnderdogWin,REELS,VIDEO,22,0,3,3,962,453
141406223577986091,1787668935,rizwan465_in,104,found this 12-rupee plate near the station and i'm never recovering #StreetFoodFinds,FEED,CAROUSEL_ALBUM,5,0,0,0,,97
896327538241612601,1787689724,jay1112,568,everyone using this audio as a template #SingalongChallenge,REELS,VIDEO,15,0,2,3,724,571
989252545754966729,1787650154,dipu627832,5716,clip of that moment is everywhere now #SingalongChallenge,FEED,IMAGE,202,4,45,17,,3217
598037730452710145,1787697520,imran1195x,2224,"took it to a local shop, fixed for 5800. brand quoted 5x that #RightToRepair",REELS,VIDEO,61,2,2,8,2363,2350
334812152012235063,1787700973,imran851official,309,"ok it's a regional thing, not a full outage #ServerOutage",REELS,VIDEO,6,0,0,0,219,182
289259081816797737,1787688693,rahul904x,1409,"genuinely good thread on repairability scores, worth a read #RepairNotReplace",STORY,VIDEO,0,0,0,0,1617,1141
975043874474052536,1787677003,farhan656_in,811,found this 18-rupee plate near the station and i'm never recovering #LateNightEats,REELS,VIDEO,21,1,3,4,837,683
560346548943594969,1787685865,priya426,886,why is replacing the battery cheaper than the whole phone now #RepairNotReplace,FEED,IMAGE,6,0,0,1,,254
476913046866655941,1787577257,neel126official,52,is it actually worth 27k or nah #HonestReview,FEED,CAROUSEL_ALBUM,0,0,0,0,,45
873005160711993430,1787665548,sana866954,2421,biggest upset of the season easily #MatchNight,REELS,VIDEO,8,0,1,1,443,519
378562589259547196,1787643365,meera211official,1580,queue was 40 min long and honestly worth it #StreetFoodFinds,STORY,VIDEO,0,0,0,0,2253,1774
553950519030965714,1787696758,omar864,545,ei match ta bhulte parbo na #UnderdogWin,FEED,CAROUSEL_ALBUM,12,0,2,3,,196
517099039591089877,1787669830,sana578_,2600,last over replay pe replay dekh raha hu #MatchNight,FEED,CAROUSEL_ALBUM,2,0,0,0,,226
621712453503149882,1787638071,zoya805595,628,"the whole crowd singing along, chills #WatchParty",REELS,VIDEO,4,0,0,0,559,242
433787301960627365,1787691800,omar280official,662,"repair karana sasta hai, log samajhte nahi #RightToRepair",REELS,VIDEO,10,1,1,2,1307,680
393062654319421541,1787543789,sana122official,525,"this week's roundup is live, have a read #WeeklyRoundup",REELS,VIDEO,11,1,1,0,1312,406
893748298481474435,1787701052,dipu12_,679,clip of that moment is everywhere now #WatchParty,FEED,CAROUSEL_ALBUM,18,0,1,3,,532
390262823322784655,1787668419,tara590official,1889,"ei jaygar khabar ta darun, must try #LateNightEats",FEED,CAROUSEL_ALBUM,40,1,5,11,,1945
770284694384283935,1787643852,neel288,317,biggest upset of the season easily #MatchNight,REELS,VIDEO,2,0,0,0,218,130
677647521954399028,1787695220,nadia532_in,787,"ok it's a regional thing, not a full outage #AppDown",REELS,VIDEO,15,1,2,2,799,517
999201028583212430,1787646166,vikram666_,647,watch party er environment ta osadharon chilo #SingalongChallenge,REELS,VIDEO,4,0,0,0,471,181
855595530524840856,1787646969,aisha37907,564,everyone using this audio as a template #WatchParty,FEED,CAROUSEL_ALBUM,0,0,0,0,,61
359958393003648651,1787651098,farhan300_,3424,"took it to a local shop, fixed for 2700. brand quoted 5x that #RightToRepair",STORY,IMAGE,0,0,0,0,,2217
961080976147542724,1787697978,meera982_,583,"late night eats thread, adding this one to the list #LateNightEats",REELS,VIDEO,6,0,1,0,151,209
618493972443928256,1787550387,rahul11407,626,anyone know how long the update usually takes? #ShippingUpdate,FEED,CAROUSEL_ALBUM,6,0,0,1,,278
107269333896891958,1787670955,vikram24_in,720,clip of that moment is everywhere now #WatchParty,FEED,CAROUSEL_ALBUM,40,2,8,9,,605
642220083829243380,1787702363,arjun768x,3594,"late night eats thread, adding this one to the list #LateNightEats",REELS,VIDEO,97,10,19,1,9078,2669
568412711286174768,1787693971,anaya1039996,453,NOBODY saw that result coming #UnderdogWin,REELS,VIDEO,2,0,0,0,499,458
294765421223933125,1787659730,sunny531150,320,underdogs really did that tonight #UnderdogWin,FEED,CAROUSEL_ALBUM,7,0,1,2,,115
383201586088092145,1787700168,omar552797,511,this haul format is everywhere on my feed now #BackToCampus,STORY,IMAGE,0,0,0,0,,452
477211495976719857,1787688480,arjun1103,776,"bhai ye wala stall best hai, 34 me itna khana #LateNightEats",FEED,IMAGE,5,0,0,0,,577
483699800913723597,1787659725,kabir821_,263,clip of that moment is everywhere now #SingalongChallenge,REELS,VIDEO,2,0,0,0,312,114
816922422432630544,1787550262,priya49,6005,"parts pairing is the real problem, not the screws #RepairNotReplace",REELS,VIDEO,13,0,1,3,1207,582
555117611492990685,1787686097,vikram121x,305,last over replay pe replay dekh raha hu #MatchNight,FEED,IMAGE,4,0,0,0,,166
303585534732971494,1787595221,kabir472_in,1177,"back to campus haul, everything under 1800 #CampusHaul",REELS,VIDEO,40,2,3,9,2325,782
407219402881002337,1787700925,nadia384_in,2162,queue was 40 min long and honestly worth it #StreetFoodFinds,FEED,IMAGE,83,1,9,11,,1638
247538700756250068,1787686089,neel39official,529,found this 27-rupee plate near the station and i'm never recovering #LateNightEats,REELS,VIDEO,14,0,0,1,819,487
840952330262308135,1787645483,omar38207,688,underdogs really did that tonight #MatchNight,REELS,VIDEO,15,0,3,2,611,298
690078591220511179,1787674476,omar173677,510,NOBODY saw that result coming #MatchNight,FEED,CAROUSEL_ALBUM,1,0,0,0,,82
721882044464992820,1787701223,shreya584official,455,"bhai ye wala stall best hai, 12 me itna khana #LateNightEats",REELS,VIDEO,9,0,1,1,449,357
347019361273154432,1787701834,nadia311_,1643,"back to campus haul, everything under 4200 #BackToCampus",FEED,IMAGE,3,0,0,0,,116
919968954437340582,1787650238,jay196,1565,"the whole crowd singing along, chills #SingalongChallenge",FEED,CAROUSEL_ALBUM,23,1,1,4,,783
147075515486578709,1787693236,tara590official,1889,NOBODY saw that result coming #UnderdogWin,FEED,IMAGE,69,6,2,17,,1377
597425039484043886,1787684583,tanvir803official,679,watch party er environment ta osadharon chilo #WatchParty,FEED,CAROUSEL_ALBUM,19,0,1,4,,828
226662852831545417,1787686739,meera462x,75,"ei jaygar khabar ta darun, must try #LateNightEats",REELS,VIDEO,1,0,0,0,61,39
399592345616803317,1787700933,imran620210,2220,"the whole crowd singing along, chills #SingalongChallenge",FEED,CAROUSEL_ALBUM,60,5,7,12,,1279
346572011093814844,1787535953,dipu52x,655,is the app down for everyone or just me #ServerOutage,FEED,IMAGE,1,0,0,0,,74
560262270332613240,1787698397,kabir328,1022,"false alarm apparently, working again on my end #ServerOutage",REELS,VIDEO,32,2,6,9,1092,647
566492871750579278,1787634984,omar284,2359,biggest upset of the season easily #MatchNight,FEED,IMAGE,65,1,11,9,,2401
126357667786350438,1787694038,zoya546_,441,"repair karana sasta hai, log samajhte nahi #RepairNotReplace",FEED,CAROUSEL_ALBUM,11,0,0,1,,241
685817497133076418,1787701303,sunny494_in,2980,watch party er environment ta osadharon chilo #WatchParty,REELS,VIDEO,60,1,6,17,7413,3091
932060056902219549,1787668280,tanvir723x,2439,biggest upset of the season easily #UnderdogWin,STORY,IMAGE,0,0,0,0,,527
223637125248219597,1787673954,imran192official,1828,last over replay pe replay dekh raha hu #UnderdogWin,REELS,VIDEO,103,6,15,18,1662,1667
154125777343022860,1787634890,meera27907,560,last over replay pe replay dekh raha hu #UnderdogWin,REELS,VIDEO,1,0,0,0,294,103
323405730195626889,1787696904,zoya141official,322,why is replacing the battery cheaper than the whole phone now #RightToRepair,STORY,IMAGE,0,0,0,0,,253
374532234950404399,1787684206,bina50207,195,"the whole crowd singing along, chills #SingalongChallenge",REELS,VIDEO,1,0,0,0,161,82
560192056229555380,1787691112,imran963x,197,ei match ta bhulte parbo na #MatchNight,REELS,VIDEO,2,0,0,0,51,50
562814419415435130,1787642877,meera588official,948,biggest upset of the season easily #MatchNight,REELS,VIDEO,1,0,0,0,181,224
868301673915654458,1787672927,meera1032,561,biggest upset of the season easily #MatchNight,REELS,VIDEO,4,0,0,0,462,256
810893895186282237,1787684534,kabir8x,341,why is replacing the battery cheaper than the whole phone now #RightToRepair,STORY,VIDEO,0,0,0,0,230,143
507353345286252460,1787698984,dipu369x,1355,NOBODY saw that result coming #MatchNight,REELS,VIDEO,22,1,0,5,2451,1491
427024328846269665,1787553945,zoya9207,407,"took it to a local shop, fixed for 1800. brand quoted 5x that #RightToRepair",FEED,CAROUSEL_ALBUM,11,1,2,1,,535
402246435606408553,1787653390,imran15,1338,NOBODY saw that result coming #MatchNight,FEED,CAROUSEL_ALBUM,10,0,1,2,,554
661891642940856055,1787673528,tanvir277867,29,underdogs really did that tonight #MatchNight,REELS,VIDEO,0,0,0,0,35,45
748247755544676971,1787686794,arjun490,1546,watch party er environment ta osadharon chilo #WatchParty,FEED,CAROUSEL_ALBUM,7,0,1,0,,379
649306979098507870,1787658325,aisha604x,85,underdogs really did that tonight #MatchNight,REELS,VIDEO,2,0,0,0,57,45
736645620535534588,1787675156,tanvir30207,562,NOBODY saw that result coming #MatchNight,REELS,VIDEO,10,0,2,0,889,672
559326161906653788,1787691616,meera982_,583,"the whole crowd singing along, chills #WatchParty",FEED,CAROUSEL_ALBUM,4,0,0,0,,410
821265288207319497,1787578289,meera19,136,third time this week honestly #AppDown,FEED,CAROUSEL_ALBUM,0,0,0,0,,32
126701822074976738,1787677790,meera1058994,272,ei match ta bhulte parbo na #UnderdogWin,REELS,VIDEO,4,0,0,0,357,297
221453259116044066,1787644544,arjun623_,1487,underdogs really did that tonight #MatchNight,REELS,VIDEO,64,5,4,8,2232,1780
289507947618146068,1787696048,rizwan1167839,634,watch party er environment ta osadharon chilo #SingalongChallenge,REELS,VIDEO,15,1,2,4,1458,415
578467133256271406,1787694421,sana228901,190,"the whole crowd singing along, chills #SingalongChallenge",REELS,VIDEO,1,0,0,0,99,49
946021636707253092,1787664175,sana970_,550,underdogs really did that tonight #MatchNight,REELS,VIDEO,8,0,0,0,415,216
868138874872691021,1787698298,aisha190x,122,queue was 40 min long and honestly worth it #LateNightEats,FEED,IMAGE,3,0,0,0,,99
828109653076397299,1787655025,omar692x,96,"bhai ye wala stall best hai, 103 me itna khana #LateNightEats",FEED,CAROUSEL_ALBUM,0,0,0,0,,
306547922992504089,1787648423,nadia825official,261,"the whole crowd singing along, chills #SingalongChallenge",FEED,CAROUSEL_ALBUM,6,0,0,1,,152
309341329073450162,1787636602,zoya141official,322,ei match ta bhulte parbo na #MatchNight,REELS,VIDEO,3,0,0,0,423,430
327424933497149451,1787662272,kabir332_in,180,NOBODY saw that result coming #UnderdogWin,REELS,VIDEO,2,0,0,0,239,80
245730448526521098,1787578420,meera5,192,"college list banaya hai, kuch reh gaya? #CampusHaul",FEED,CAROUSEL_ALBUM,2,0,0,0,,138
381952149693616922,1787683933,nadia311_,1643,"repair karana sasta hai, log samajhte nahi #RepairNotReplace",REELS,VIDEO,8,0,1,1,1302,520
393190365187841523,1787647641,priya291_,3657,"took it to a local shop, fixed for 1200. brand quoted 5x that #RightToRepair",REELS,VIDEO,59,5,9,17,2842,1854
309576798360008970,1787673167,shreya64107,886,clip of that moment is everywhere now #WatchParty,REELS,VIDEO,8,0,0,1,694,387
558944372812988070,1787677319,omar485,182,everyone using this audio as a template #WatchParty,FEED,IMAGE,1,0,0,0,,
964768197112865213,1787609538,tara70_in,1266,"the whole crowd singing along, chills #WatchParty",REELS,VIDEO,15,1,1,3,2692,1428
537395294665145053,1787673721,hasan348_,1814,last over replay pe replay dekh raha hu #MatchNight,FEED,CAROUSEL_ALBUM,19,2,1,1,,1556
896881828556912211,1787693311,anaya346929,631,everyone using this audio as a template #SingalongChallenge,REELS,VIDEO,3,0,0,0,587,189
947688841989711951,1787631318,tanvir602_,564,underdogs really did that tonight #UnderdogWin,REELS,VIDEO,18,1,0,1,793,637
788747290567623412,1787672670,imran613_,591,ei match ta bhulte parbo na #MatchNight,REELS,VIDEO,5,0,0,1,135,66
756937042837726068,1787658348,meera407official,1519,last over replay pe replay dekh raha hu #UnderdogWin,REELS,VIDEO,60,3,7,6,2139,1721
962733055900933788,1787691406,rahul992354,454,NOBODY saw that result coming #UnderdogWin,FEED,CAROUSEL_ALBUM,14,0,1,2,,394
379939395153033169,1787682817,kabir522_,562,"the whole crowd singing along, chills #WatchParty",STORY,IMAGE,0,0,0,0,,732
746242278620566891,1787696185,rahul64official,309,"bhai ye wala stall best hai, 42 me itna khana #StreetFoodFinds",REELS,VIDEO,4,0,0,0,163,113
167987286124816998,1787689395,vikram1001_,944,NOBODY saw that result coming #MatchNight,FEED,CAROUSEL_ALBUM,16,1,1,2,,621
930129036088115351,1787679257,sana609_,409,biggest upset of the season easily #UnderdogWin,FEED,IMAGE,0,0,0,0,,52
633073945187111473,1787672045,imran963x,197,last over replay pe replay dekh raha hu #UnderdogWin,REELS,VIDEO,10,1,1,0,413,239
522416055455961136,1787644846,rizwan818x,84,"the whole crowd singing along, chills #SingalongChallenge",REELS,VIDEO,1,0,0,0,147,69
140195761148144622,1787682850,rahul1101x,10778,watch party er environment ta osadharon chilo #SingalongChallenge,FEED,IMAGE,287,18,55,73,,4108
337624710026211491,1787685674,aisha929x,122,underdogs really did that tonight #UnderdogWin,FEED,IMAGE,1,0,0,0,,145
509932957660790996,1787675926,farhan950_in,368,"the whole crowd singing along, chills #WatchParty",STORY,VIDEO,0,0,0,0,151,110
210032075051860154,1787640832,kabir454official,535,NOBODY saw that result coming #UnderdogWin,REELS,VIDEO,11,1,0,2,1479,529
558500542453668931,1787700837,arjun111_,1094,last over replay pe replay dekh raha hu #UnderdogWin,REELS,VIDEO,48,4,5,9,1725,574
768684444133199314,1787700818,farhan742_,86,NOBODY saw that result coming #MatchNight,FEED,IMAGE,1,0,0,0,,30
456243647605038216,1787678365,omar86307,338,"the whole crowd singing along, chills #WatchParty",REELS,VIDEO,0,0,0,0,38,47
921981145691761427,1787697800,meera544official,391,ei match ta bhulte parbo na #MatchNight,REELS,VIDEO,7,0,1,1,326,446
199019390127611682,1787622308,kabir8x,341,honest review after two weeks of daily use #GadgetCheck,REELS,VIDEO,1,0,0,0,262,205
254735857663663517,1787668332,priya799_in,61,NOBODY saw that result coming #UnderdogWin,FEED,CAROUSEL_ALBUM,0,0,0,0,,39
108941974808454331,1787689332,bina1092,210,"the whole crowd singing along, chills #WatchParty",REELS,VIDEO,2,0,0,0,147,100
592240169661416244,1787669708,tara899official,177,last over replay pe replay dekh raha hu #UnderdogWin,FEED,IMAGE,4,0,0,0,,150
586853656321929787,1787688036,hasan20,72,ei match ta bhulte parbo na #MatchNight,FEED,IMAGE,2,0,0,0,,28
892023551939992191,1787682649,sunny494_in,2980,ei match ta bhulte parbo na #MatchNight,REELS,VIDEO,126,5,8,18,7433,3223
847592800280141473,1787691530,arjun1169_in,392,NOBODY saw that result coming #MatchNight,REELS,VIDEO,5,0,1,0,159,105
117636296669839352,1787699842,neel995_in,213,"ei jaygar khabar ta darun, must try #StreetFoodFinds",STORY,VIDEO,0,0,0,0,422,179
691457342208624569,1787661647,rahul64official,309,"the whole crowd singing along, chills #SingalongChallenge",REELS,VIDEO,3,0,0,0,315,235
568581663516689154,1787694858,priya994_,661,"ei jaygar khabar ta darun, must try #LateNightEats",FEED,IMAGE,17,1,0,1,,351
788814656082022688,1787698485,anaya595_in,2062,last over replay pe replay dekh raha hu #UnderdogWin,REELS,VIDEO,9,0,0,1,1398,531
967378743836326865,1787625609,omar625x,574,why is replacing the battery cheaper than the whole phone now #RightToRepair,FEED,IMAGE,6,0,0,0,,182
795816589325597738,1787568807,shreya216_,453,still stuck on the loading screen #AppDown,REELS,VIDEO,2,0,0,0,512,
652730150122036595,1787668986,hasan165_,290,"ei jaygar khabar ta darun, must try #StreetFoodFinds",REELS,VIDEO,11,1,1,0,376,247
120567054648860735,1787682738,arjun390_in,384,clip of that moment is everywhere now #SingalongChallenge,STORY,IMAGE,0,0,0,0,,191
352584611732749648,1787693527,meera211official,1580,"ei jaygar khabar ta darun, must try #LateNightEats",STORY,IMAGE,0,0,0,0,,613
700029525628018938,1787686452,kabir523x,181,"parts pairing is the real problem, not the screws #RepairNotReplace",REELS,VIDEO,1,0,0,0,243,77
469606194298526612,1787638354,priya306721,1077,last over replay pe replay dekh raha hu #UnderdogWin,REELS,VIDEO,13,0,3,2,582,374
230578391513032871,1787659629,priya295_in,683,"false alarm apparently, working again on my end #ServerOutage",REELS,VIDEO,15,0,2,0,1714,768
556610990207147724,1787699881,anaya376_in,772,queue was 40 min long and honestly worth it #LateNightEats,REELS,VIDEO,15,1,0,1,952,535
428773368015924465,1787693269,hasan26907,513,why is replacing the battery cheaper than the whole phone now #RightToRepair,FEED,CAROUSEL_ALBUM,6,0,1,0,,654
583968614258245734,1787636022,meera665official,5996,biggest upset of the season easily #UnderdogWin,REELS,VIDEO,181,14,29,19,12270,5820
585499395032661100,1787698171,omar844859,78,NOBODY saw that result coming #UnderdogWin,STORY,IMAGE,0,0,0,0,,42
750493063260553070,1787702097,priya153_in,607,NOBODY saw that result coming #UnderdogWin,REELS,VIDEO,26,2,5,2,952,471
802251355082948041,1787654082,jay67_in,2246,why is replacing the battery cheaper than the whole phone now #RightToRepair,REELS,VIDEO,19,1,1,5,2290,954
845460833722534160,1787683518,omar775official,327,last over replay pe replay dekh raha hu #MatchNight,STORY,IMAGE,0,0,0,0,,112
758108750574776110,1787563756,sunny235162,121,"genuinely good thread on repairability scores, worth a read #RepairNotReplace",REELS,VIDEO,0,0,0,0,66,30
390067016418044673,1787580111,shreya27507,1461,"took it to a local shop, fixed for 1800. brand quoted 5x that #RepairNotReplace",REELS,VIDEO,8,0,1,0,1024,759
701741966430990420,1787664533,farhan656_in,811,"took it to a local shop, fixed for 2700. brand quoted 5x that #RepairNotReplace",STORY,VIDEO,0,0,0,0,562,568
598117193762226361,1787641737,omar249,62,biggest upset of the season easily #MatchNight,REELS,VIDEO,0,0,0,0,151,59
837649699121001945,1787689514,tanvir919official,51,watch party er environment ta osadharon chilo #WatchParty,REELS,VIDEO,0,0,0,0,85,38
406042306290792592,1787668588,rahul833,160,"the whole crowd singing along, chills #SingalongChallenge",REELS,VIDEO,1,0,0,0,79,28
857019630716783902,1787665378,bina542_,501,clip of that moment is everywhere now #WatchParty,REELS,VIDEO,5,0,0,0,764,329
460688973568679783,1787575847,jay196,1565,is the app down for everyone or just me #ServerOutage,STORY,IMAGE,0,0,0,0,,993
364688603660215374,1787694038,arjun1010,645,queue was 40 min long and honestly worth it #StreetFoodFinds,FEED,IMAGE,17,0,3,1,,454
707408413742859692,1787644219,vikram253official,635,queue was 40 min long and honestly worth it #StreetFoodFinds,REELS,VIDEO,9,0,1,1,233,236
912666166136793498,1787693298,hasan1119_,644,"college list banaya hai, kuch reh gaya? #CampusHaul",REELS,VIDEO,18,1,2,3,606,746
776934892720978597,1787574126,rizwan53_,1168,still stuck on the loading screen #AppDown,FEED,CAROUSEL_ALBUM,20,1,3,3,,1041
111968520806287805,1787639070,sunny208,1539,"late night eats thread, adding this one to the list #LateNightEats",REELS,VIDEO,32,3,1,3,920,947
461709278558144021,1787694208,neel112107,422,everyone using this audio as a template #SingalongChallenge,FEED,IMAGE,3,0,0,0,,98
887536008033724252,1787699502,imran810x,112,"repair karana sasta hai, log samajhte nahi #RepairNotReplace",REELS,VIDEO,2,0,0,0,131,73
206690992818616206,1787677034,priya867official,342,"late night eats thread, adding this one to the list #StreetFoodFinds",REELS,VIDEO,5,0,0,0,511,276
849230987012830208,1787659320,tanvir35_in,237,why is replacing the battery cheaper than the whole phone now #RightToRepair,REELS,VIDEO,2,0,0,0,63,35
849015154264244010,1787550205,vikram151_in,413,"ok it's a regional thing, not a full outage #AppDown",STORY,VIDEO,0,0,0,0,811,360
826121471605443696,1787634455,arjun103_in,7954,is it actually worth 27k or nah #GadgetCheck,REELS,VIDEO,19,0,2,2,1413,1030
914701368016910152,1787664466,meera663_,2423,clip of that moment is everywhere now #WatchParty,REELS,VIDEO,79,3,13,7,3803,1694
126346103646382712,1787680655,anaya595_in,2062,"ei jaygar khabar ta darun, must try #StreetFoodFinds",REELS,VIDEO,20,1,1,4,1109,1079
659621741517202564,1787681809,arjun1010,645,NOBODY saw that result coming #MatchNight,REELS,VIDEO,21,1,2,3,515,314
312339026189837348,1787610538,tanvir199,3436,"parts pairing is the real problem, not the screws #RightToRepair",REELS,VIDEO,56,5,1,13,6242,3238
460906532785567132,1787625428,rizwan220x,496,why is replacing the battery cheaper than the whole phone now #RightToRepair,REELS,VIDEO,9,1,0,2,435,120
628424023793181113,1787690717,priya49,6005,shipping status change hone me kitna time lagta hai #ShippingUpdate,FEED,IMAGE,18,1,0,4,,4843
476197261092646036,1787552763,dipu4607,1616,"late night eats thread, adding this one to the list #LateNightEats",REELS,VIDEO,39,1,2,7,3865,1974
976063862867369097,1787614957,sana124_,163,shipping status change hone me kitna time lagta hai #ShippingUpdate,STORY,VIDEO,0,0,0,0,270,120
789500311981447785,1787612383,jay418905,3735,clip of that moment is everywhere now #SingalongChallenge,REELS,VIDEO,82,8,5,10,6733,3146
301302622383312792,1787658710,imran455official,638,NOBODY saw that result coming #MatchNight,REELS,VIDEO,22,0,5,3,1036,605
350454063128828090,1787648256,farhan699953,6412,"the whole crowd singing along, chills #SingalongChallenge",FEED,IMAGE,72,4,3,6,,2150
219147378770210312,1787680202,rizwan941,1368,queue was 40 min long and honestly worth it #StreetFoodFinds,FEED,CAROUSEL_ALBUM,4,0,0,0,,305
761985924449452576,1787674923,arjun307official,650,biggest upset of the season easily #UnderdogWin,FEED,IMAGE,5,0,0,1,,417
910497941205863992,1787587255,neel9_,294,queue was 40 min long and honestly worth it #LateNightEats,REELS,VIDEO,3,0,0,0,265,161
849722579418559938,1787687180,dipu975_in,1812,"the whole crowd singing along, chills #WatchParty",REELS,VIDEO,28,1,6,2,1084,1119
188332388865074639,1787607308,kabir326524,600,biggest upset of the season easily #UnderdogWin,REELS,VIDEO,25,1,4,3,752,273
872029376171516130,1787661372,omar921official,1344,"ei jaygar khabar ta darun, must try #LateNightEats",REELS,VIDEO,30,1,7,3,2183,1456
202391793814280005,1787683445,jay101907,467,everyone using this audio as a template #WatchParty,REELS,VIDEO,8,0,0,1,772,343
109541322238608911,1787665333,farhan33907,3473,watch party er environment ta osadharon chilo #WatchParty,REELS,VIDEO,172,12,40,27,6936,4217
591562368275915987,1787636639,omar381_in,160,NOBODY saw that result coming #MatchNight,REELS,VIDEO,2,0,0,0,116,113
952071466605343225,1787636900,aisha570_in,100,"repair karana sasta hai, log samajhte nahi #RightToRepair",FEED,IMAGE,2,0,0,0,,44
812851138953871410,1787692093,rahul936,398,ei match ta bhulte parbo na #UnderdogWin,STORY,IMAGE,0,0,0,0,,82
602350663120475094,1787691224,priya534official,125,queue was 40 min long and honestly worth it #LateNightEats,STORY,VIDEO,0,0,0,0,88,77
108620451911545937,1787651822,tanvir199,3436,clip of that moment is everywhere now #WatchParty,FEED,IMAGE,98,2,4,21,,3472
811925000515084761,1787684586,hasan341official,1137,NOBODY saw that result coming #UnderdogWin,REELS,VIDEO,18,1,4,2,1304,1087
410152042217933110,1787682920,omar10_in,1057,"repair karana sasta hai, log samajhte nahi #RepairNotReplace",FEED,CAROUSEL_ALBUM,24,1,4,4,,479
783927210266535324,1787668407,rahul677,251,"genuinely good thread on repairability scores, worth a read #RepairNotReplace",FEED,IMAGE,9,0,0,1,,296
492524415255270619,1787669078,tara77207,3340,ei match ta bhulte parbo na #MatchNight,REELS,VIDEO,29,2,7,3,1300,1351
515018583364983677,1787687723,jay715x,406,underdogs really did that tonight #MatchNight,FEED,IMAGE,3,0,0,0,,248
864800168451774886,1787586832,kabir56_in,557,anyone know how long the update usually takes? #DeliveryStatus,FEED,IMAGE,4,0,0,0,,354
848904484864282216,1787690957,bina255_,204,underdogs really did that tonight #MatchNight,REELS,VIDEO,1,0,0,0,291,169
177919249599513673,1787648742,arjun390_in,384,"repair karana sasta hai, log samajhte nahi #RepairNotReplace",FEED,IMAGE,9,0,0,0,,237
158821425728804830,1787694429,priya34207,5682,"the whole crowd singing along, chills #WatchParty",STORY,VIDEO,0,0,0,0,3868,3151
359254189261346636,1787696687,sunny78507,55,"ei jaygar khabar ta darun, must try #LateNightEats",REELS,VIDEO,1,0,0,0,38,43
274719034647827222,1787612289,sunny90,585,"spec sheet looks great, real world is mid imo #HonestReview",REELS,VIDEO,2,0,0,0,196,90
214634942876687813,1787680519,dipu513713,557,last over replay pe replay dekh raha hu #MatchNight,STORY,IMAGE,0,0,0,0,,376
720160654732367093,1787670075,rahul13107,1474,clip of that moment is everywhere now #WatchParty,FEED,CAROUSEL_ALBUM,18,0,2,1,,1248
280828167032458504,1787671697,tanvir983x,1065,"bhai ye wala stall best hai, 103 me itna khana #LateNightEats",STORY,IMAGE,0,0,0,0,,699
502272322659781715,1787670316,rahul13107,1474,NOBODY saw that result coming #MatchNight,REELS,VIDEO,15,1,3,2,549,581
519088722111386902,1787632594,tara193839,511,watch party er environment ta osadharon chilo #SingalongChallenge,STORY,VIDEO,0,0,0,0,276,304
993944225146443683,1787689338,kabir781official,429,is the app down for everyone or just me #AppDown,REELS,VIDEO,11,0,0,1,569,458
182251445225785119,1787663154,bina586_,270,underdogs really did that tonight #UnderdogWin,FEED,CAROUSEL_ALBUM,8,0,0,0,,209
201789561823814631,1787680576,omar844859,78,"repair karana sasta hai, log samajhte nahi #RepairNotReplace",REELS,VIDEO,2,0,0,0,93,58
549623627807803109,1787694432,bina1125_in,625,found this 12-rupee plate near the station and i'm never recovering #StreetFoodFinds,REELS,VIDEO,17,1,2,0,1123,422
206440968403590322,1787676925,vikram608,45,"late night eats thread, adding this one to the list #LateNightEats",FEED,CAROUSEL_ALBUM,1,0,0,0,,27
690393717463838185,1787662536,zoya517official,514,NOBODY saw that result coming #MatchNight,REELS,VIDEO,22,2,1,6,1402,561
933716182047098874,1787633941,jay470official,237,last over replay pe replay dekh raha hu #UnderdogWin,REELS,VIDEO,6,0,0,1,288,227
200675709607242249,1787649061,tanvir811x,498,biggest upset of the season easily #UnderdogWin,FEED,CAROUSEL_ALBUM,10,0,0,2,,273
676299810030505787,1787693750,rizwan119_,751,found this 42-rupee plate near the station and i'm never recovering #LateNightEats,FEED,CAROUSEL_ALBUM,17,0,2,0,,569
665303711148794400,1787663490,zoya525x,534,"back to campus haul, everything under 2700 #BackToCampus",FEED,CAROUSEL_ALBUM,7,0,0,1,,235
850940184531957043,1787689255,arjun399,244,"parts pairing is the real problem, not the screws #RepairNotReplace",FEED,IMAGE,5,0,0,1,,229
998666948812591601,1787672062,rizwan39507,483,found this 42-rupee plate near the station and i'm never recovering #StreetFoodFinds,STORY,VIDEO,0,0,0,0,401,259
598530312877862378,1787697995,farhan655,1308,biggest upset of the season easily #MatchNight,REELS,VIDEO,27,1,4,5,1288,1091
359875989215453554,1787642686,tara70_in,1266,watch party er environment ta osadharon chilo #SingalongChallenge,STORY,VIDEO,0,0,0,0,1607,1637
888789960463672541,1787697015,arjun325995,750,queue was 40 min long and honestly worth it #LateNightEats,FEED,IMAGE,12,1,0,2,,195
972460806509189087,1787699890,tanvir1230175,1256,"ei jaygar khabar ta darun, must try #StreetFoodFinds",REELS,VIDEO,14,0,1,0,2375,1509
133576229526854959,1787558838,bina83official,523,NOBODY saw that result coming #MatchNight,REELS,VIDEO,12,0,2,0,739,529
424563152458980192,1787613515,anaya54_in,484,queue was 40 min long and honestly worth it #LateNightEats,REELS,VIDEO,9,0,0,1,772,345
319577854240052498,1787680815,vikram24_in,720,ei match ta bhulte parbo na #UnderdogWin,REELS,VIDEO,14,1,0,0,551,210
938090834878781245,1787683116,nadia506_,221,"ei jaygar khabar ta darun, must try #StreetFoodFinds",FEED,IMAGE,4,0,0,0,,280
201898350118845768,1787540363,bina6807,131,"back to campus haul, everything under 4200 #CampusHaul",FEED,CAROUSEL_ALBUM,0,0,0,0,,69
459203952606902036,1787665841,dipu510_in,546,NOBODY saw that result coming #MatchNight,FEED,IMAGE,21,1,2,4,,424
681402805414003514,1787665099,priya901_,8601,biggest upset of the season easily #MatchNight,FEED,CAROUSEL_ALBUM,10,0,0,1,,731
832430353281609508,1787701851,anaya25371,485,NOBODY saw that result coming #UnderdogWin,FEED,CAROUSEL_ALBUM,2,0,0,0,,77
322081753168434829,1787689670,nadia959,417,watch party er environment ta osadharon chilo #SingalongChallenge,STORY,IMAGE,0,0,0,0,,327
127346416739936833,1787694165,hasan1193,1741,"college list banaya hai, kuch reh gaya? #BackToCampus",FEED,CAROUSEL_ALBUM,4,0,0,0,,167
791169956141193175,1787698400,sana448_in,252,this haul format is everywhere on my feed now #CampusHaul,REELS,VIDEO,10,0,2,1,361,127
390224939443165982,1787594183,vikram88759,2300,underdogs really did that tonight #MatchNight,STORY,VIDEO,0,0,0,0,4733,2301
129472106412988262,1787656563,arjun307official,650,underdogs really did that tonight #UnderdogWin,REELS,VIDEO,12,0,2,2,395,246
648599808416526706,1787692441,imran88507,1416,"late night eats thread, adding this one to the list #LateNightEats",REELS,VIDEO,34,1,3,3,1796,829
453855835040255880,1787672860,imran15,1338,"the whole crowd singing along, chills #WatchParty",REELS,VIDEO,12,0,1,1,2179,650
929777694525428720,1787681548,vikram786,393,queue was 40 min long and honestly worth it #LateNightEats,REELS,VIDEO,2,0,0,0,194,103
321706944452029014,1787551100,priya3_in,216,"ei jaygar khabar ta darun, must try #LateNightEats",REELS,VIDEO,3,0,0,0,128,179
284105410722143269,1787668483,sana122official,525,clip of that moment is everywhere now #SingalongChallenge,REELS,VIDEO,1,0,0,0,120,89
890910458597502672,1787651228,anaya853_,239,NOBODY saw that result coming #UnderdogWin,FEED,IMAGE,12,0,1,3,,177
483561437889124444,1787698494,vikram33official,237,shipping status change hone me kitna time lagta hai #DeliveryStatus,STORY,IMAGE,0,0,0,0,,190
949604411661051433,1787693152,zoya48_in,287,watch party er environment ta osadharon chilo #WatchParty,STORY,IMAGE,0,0,0,0,,224
985557039909306373,1787541622,sana43719,656,NOBODY saw that result coming #UnderdogWin,REELS,VIDEO,4,0,0,0,304,250
538955963918530749,1787670003,arjun7_in,2810,shipping status change hone me kitna time lagta hai #ShippingUpdate,FEED,CAROUSEL_ALBUM,98,2,8,5,,3312
320318770816020223,1787676358,sunny1012x,433,"late night eats thread, adding this one to the list #LateNightEats",STORY,IMAGE,0,0,0,0,,197
784438075505247836,1787680230,meera211official,1580,biggest upset of the season easily #UnderdogWin,STORY,VIDEO,0,0,0,0,2003,890
831945429172211664,1787681090,priya651_,210,biggest upset of the season easily #UnderdogWin,REELS,VIDEO,2,0,0,0,205,115
864456365075641608,1787575235,tanvir189272,314,third time this week honestly #ServerOutage,REELS,VIDEO,6,0,0,0,343,174
182734623269089617,1787638329,dipu439official,604,watch party er environment ta osadharon chilo #WatchParty,FEED,IMAGE,10,1,2,1,,740
528511953585079903,1787685500,imran810x,112,last over replay pe replay dekh raha hu #UnderdogWin,FEED,IMAGE,1,0,0,0,,77
415250053407391543,1787667286,tara42,147,biggest upset of the season easily #MatchNight,FEED,IMAGE,2,0,0,0,,123
807207069220896574,1787640564,neel21_in,459,"late night eats thread, adding this one to the list #StreetFoodFinds",STORY,IMAGE,0,0,0,0,,155
879078163202230659,1787670826,aisha527_,487,everyone using this audio as a template #SingalongChallenge,REELS,VIDEO,1,0,0,0,92,61
591615343127738876,1787677677,rizwan85official,167,shipping status change hone me kitna time lagta hai #DeliveryStatus,REELS,VIDEO,0,0,0,0,105,51
829452504169154636,1787675817,dipu598x,912,everyone using this audio as a template #SingalongChallenge,STORY,IMAGE,0,0,0,0,,891
470255039221936450,1787658048,priya617536,1124,queue was 40 min long and honestly worth it #LateNightEats,FEED,CAROUSEL_ALBUM,8,0,0,1,,324
318874947787437246,1787681060,nadia337305,212,NOBODY saw that result coming #UnderdogWin,FEED,IMAGE,0,0,0,0,,81
932259123313669368,1787692312,rizwan855_in,775,ei match ta bhulte parbo na #UnderdogWin,FEED,CAROUSEL_ALBUM,3,0,0,0,,355
302793614043209389,1787689292,vikram33official,237,"bhai ye wala stall best hai, 27 me itna khana #LateNightEats",FEED,CAROUSEL_ALBUM,5,0,0,0,,161
288546542180956545,1787690058,jay40007,736,biggest upset of the season easily #MatchNight,REELS,VIDEO,3,0,0,0,255,168
152874697803700176,1787654668,zoya141official,322,"the whole crowd singing along, chills #SingalongChallenge",FEED,IMAGE,2,0,0,0,,60
599147954169833322,1787666057,anaya371x,84,NOBODY saw that result coming #MatchNight,REELS,VIDEO,1,0,0,0,35,43
517748683022110302,1787697872,dipu887_in,856,"bhai ye wala stall best hai, 34 me itna khana #LateNightEats",REELS,VIDEO,6,0,0,1,262,196
177849087628721625,1787642413,nadia757751,391,why is replacing the battery cheaper than the whole phone now #RightToRepair,FEED,IMAGE,3,0,0,0,,51
607254807123479802,1787701336,arjun774_,278,"late night eats thread, adding this one to the list #LateNightEats",FEED,IMAGE,1,0,0,0,,26
681784816911229637,1787644884,farhan55_,1319,"late night eats thread, adding this one to the list #LateNightEats",REELS,VIDEO,15,1,1,2,1657,1018
973517216707635342,1787671515,tanvir886,363,found this 18-rupee plate near the station and i'm never recovering #LateNightEats,FEED,IMAGE,7,0,0,2,,295
120840546896798478,1787640743,omar449,1183,ei match ta bhulte parbo na #MatchNight,STORY,IMAGE,0,0,0,0,,525
193094383902427822,1787681843,neel1024official,57,biggest upset of the season easily #UnderdogWin,REELS,VIDEO,2,0,0,0,137,37
706089035627839233,1787574875,sunny97x,896,third time this week honestly #ServerOutage,REELS,VIDEO,2,0,0,0,420,296
574101353768597931,1787675575,sunny60307,858,"ei jaygar khabar ta darun, must try #LateNightEats",STORY,IMAGE,0,0,0,0,,79
578456753920229909,1787698290,dipu77907,98,watch party er environment ta osadharon chilo #WatchParty,REELS,VIDEO,0,0,0,0,38,39
935494521651576102,1787678672,tara972official,44,"ei jaygar khabar ta darun, must try #LateNightEats",STORY,IMAGE,0,0,0,0,,41
985760920724445672,1787674388,farhan55_,1319,"late night eats thread, adding this one to the list #StreetFoodFinds",STORY,IMAGE,0,0,0,0,,937
189052341605508313,1787666276,zoya81507,3941,biggest upset of the season easily #MatchNight,REELS,VIDEO,23,0,1,0,1412,573
839023026599071731,1787695750,meera535_,650,"repair karana sasta hai, log samajhte nahi #RightToRepair",REELS,VIDEO,3,0,0,0,447,355
367189191567549571,1787663003,hasan508,382,"took it to a local shop, fixed for 1800. brand quoted 5x that #RepairNotReplace",FEED,IMAGE,2,0,0,0,,174
286203777127938434,1787647955,farhan356x,426,"took it to a local shop, fixed for 4200. brand quoted 5x that #RightToRepair",FEED,IMAGE,18,1,2,3,,267
326667648401285997,1787693110,arjun103_in,7954,"took it to a local shop, fixed for 4200. brand quoted 5x that #RepairNotReplace",STORY,IMAGE,0,0,0,0,,10826
421425526327599313,1787680047,nadia380_,491,biggest upset of the season easily #MatchNight,FEED,IMAGE,8,0,1,0,,414
577929972529368241,1787644315,tanvir2_in,439,"spec sheet looks great, real world is mid imo #HonestReview",REELS,VIDEO,7,0,0,1,550,161
572145442058771128,1787672998,dipu520official,299,still stuck on the loading screen #ServerOutage,REELS,VIDEO,2,0,0,0,350,263
949152071499232390,1787664622,omar284,2359,queue was 40 min long and honestly worth it #StreetFoodFinds,REELS,VIDEO,77,7,18,8,4576,3123
919526151427419036,1787680622,aisha190x,122,everyone using this audio as a template #SingalongChallenge,STORY,IMAGE,0,0,0,0,,66
542669735084108097,1787698878,jay1191official,1687,ei match ta bhulte parbo na #MatchNight,REELS,VIDEO,25,1,1,7,1549,884
991582903566313166,1787581875,arjun20269,1062,found this 34-rupee plate near the station and i'm never recovering #LateNightEats,FEED,IMAGE,7,0,1,1,,154
251659316337951361,1787678491,nadia506_,221,found this 34-rupee plate near the station and i'm never recovering #StreetFoodFinds,FEED,IMAGE,7,0,1,1,,264
363795400914261801,1787618710,vikram500,433,"ok it's a regional thing, not a full outage #AppDown",FEED,IMAGE,13,0,2,0,,517
791261670601363349,1787655380,arjun7_in,2810,"ei jaygar khabar ta darun, must try #StreetFoodFinds",REELS,VIDEO,26,1,2,4,1820,556
666615396563531834,1787659755,anaya21807,223,last over replay pe replay dekh raha hu #MatchNight,STORY,VIDEO,0,0,0,0,365,195
387280474722364506,1787667278,zoya100407,922,everyone using this audio as a template #SingalongChallenge,STORY,IMAGE,0,0,0,0,,244
901085984660907708,1787597527,arjun26_,33,anyone know how long the update usually takes? #DeliveryStatus,STORY,VIDEO,0,0,0,0,57,31
847850524344215261,1787582804,shreya212_,90,biggest upset of the season easily #MatchNight,FEED,CAROUSEL_ALBUM,2,0,0,0,,86
646269676757455057,1787569050,meera5,192,NOBODY saw that result coming #UnderdogWin,FEED,IMAGE,1,0,0,0,,119
104660964319232951,1787634650,farhan106484,762,"late night eats thread, adding this one to the list #StreetFoodFinds",STORY,VIDEO,0,0,0,0,1503,659
190546886997517583,1787693781,tara848,549,watch party er environment ta osadharon chilo #SingalongChallenge,REELS,VIDEO,2,0,0,0,138,77
599361107995270504,1787696438,tanvir811x,498,why is replacing the battery cheaper than the whole phone now #RepairNotReplace,FEED,CAROUSEL_ALBUM,5,0,0,1,,127
488510671934036490,1787684300,shreya484_,5401,everyone using this audio as a template #SingalongChallenge,FEED,CAROUSEL_ALBUM,186,17,37,23,,6078
713077595752742974,1787685269,omar921official,1344,last over replay pe replay dekh raha hu #MatchNight,REELS,VIDEO,4,0,0,0,1171,663
126570744381268688,1787664299,hasan341official,1137,everyone using this audio as a template #WatchParty,STORY,VIDEO,0,0,0,0,814,218
571801521777971161,1787661572,neel964151,1292,underdogs really did that tonight #UnderdogWin,REELS,VIDEO,6,0,0,0,260,309
869244466405639066,1787664269,priya487official,187,"genuinely good thread on repairability scores, worth a read #RightToRepair",REELS,VIDEO,4,0,0,0,98,88
555292815237610897,1787688600,arjun774_,278,everyone using this audio as a template #SingalongChallenge,FEED,IMAGE,5,0,0,0,,183
622640907706239156,1787687438,kabir366x,64,"the whole crowd singing along, chills #WatchParty",FEED,IMAGE,2,0,0,0,,23
812851138953871410,1787692093,rahul936,398,ei match ta bhulte parbo na #UnderdogWin,STORY,IMAGE,0,0,0,0,,82
625503928574660518,1787691036,zoya1042147,4455,watch party er environment ta osadharon chilo #WatchParty,REELS,VIDEO,144,6,31,31,7530,4039
783957899096135615,1787636288,zoya47official,690,everyone using this audio as a template #WatchParty,REELS,VIDEO,11,1,2,3,220,133
996531397711978899,1787683009,rizwan646_in,1061,ei match ta bhulte parbo na #UnderdogWin,FEED,IMAGE,3,0,0,0,,137
290920207052293374,1787695145,sunny1152,639,third time this week honestly #ServerOutage,FEED,IMAGE,14,1,2,3,,300
517903664115594781,1787695914,kabir1069224,5159,found this 58-rupee plate near the station and i'm never recovering #StreetFoodFinds,REELS,VIDEO,117,7,6,26,5736,3279
853075441772043099,1787572095,sana133_,102,still stuck on the loading screen #AppDown,FEED,CAROUSEL_ALBUM,0,0,0,0,,49
374343706628067612,1787653285,meera674_in,90,queue was 40 min long and honestly worth it #LateNightEats,REELS,VIDEO,3,0,0,0,91,93
578889604139201997,1787678654,meera793official,103,ei match ta bhulte parbo na #UnderdogWin,STORY,IMAGE,0,0,0,0,,42
519373947147792530,1787696329,zoya505_in,379,biggest upset of the season easily #UnderdogWin,REELS,VIDEO,6,0,0,1,352,300
443527856348241153,1787694969,arjun1034_in,4535,everyone using this audio as a template #SingalongChallenge,STORY,VIDEO,0,0,0,0,9625,5547
448967323896696379,1787666211,aisha394_,1500,"parts pairing is the real problem, not the screws #RightToRepair",REELS,VIDEO,30,1,5,0,979,515
936331289617962260,1787695263,rizwan911_in,3040,watch party er environment ta osadharon chilo #WatchParty,FEED,CAROUSEL_ALBUM,23,0,2,5,,748
460040780055450567,1787660656,tanvir199,3436,found this 103-rupee plate near the station and i'm never recovering #StreetFoodFinds,REELS,VIDEO,32,1,3,3,4176,3192
688595886714737213,1787643548,anaya21807,223,biggest upset of the season easily #UnderdogWin,REELS,VIDEO,2,0,0,0,110,75
838401560104238426,1787696840,tara972official,44,"bhai ye wala stall best hai, 42 me itna khana #LateNightEats",REELS,VIDEO,2,0,0,0,47,40
212447040499583536,1787658861,arjun559x,935,last over replay pe replay dekh raha hu #UnderdogWin,REELS,VIDEO,16,0,1,1,1085,528
457446724300862225,1787565039,farhan4107,647,hostel room setup part 2 #CampusHaul,REELS,VIDEO,6,0,1,1,351,395
832487704756678143,1787696092,bina468_,164,"the whole crowd singing along, chills #WatchParty",REELS,VIDEO,9,0,1,2,390,213
800018341844007969,1787648948,rizwan855_in,775,underdogs really did that tonight #MatchNight,FEED,CAROUSEL_ALBUM,4,0,0,0,,105
854090838857189578,1787688703,zoya517official,514,watch party er environment ta osadharon chilo #WatchParty,STORY,VIDEO,0,0,0,0,114,54
354120617775328908,1787568833,jay198official,356,third time this week honestly #AppDown,FEED,IMAGE,3,0,0,0,,479
400467404334766810,1787612500,rizwan119_,751,"the whole crowd singing along, chills #SingalongChallenge",FEED,CAROUSEL_ALBUM,28,3,1,4,,630
715918874145063381,1787685668,omar10_in,1057,why is replacing the battery cheaper than the whole phone now #RightToRepair,REELS,VIDEO,40,4,2,9,698,606
573979872441614045,1787684383,aisha527_,487,underdogs really did that tonight #UnderdogWin,FEED,IMAGE,6,0,0,0,,220
244906838461905719,1787531194,neel16_in,128,"delivery took 3 days longer than promised, finally here #ShippingUpdate",STORY,IMAGE,0,0,0,0,,103
676268014907938625,1787582315,neel1807,67,"friday faves, 27 things i actually used this week #WeeklyRoundup",REELS,VIDEO,1,0,0,0,80,66
444758599964793038,1787683924,tara17,355,is the app down for everyone or just me #ServerOutage,FEED,IMAGE,4,0,0,0,,154
368867219289850782,1787698256,sunny1152,639,found this 103-rupee plate near the station and i'm never recovering #StreetFoodFinds,STORY,IMAGE,0,0,0,0,,865
939861854229772498,1787684131,kabir816480,678,everyone using this audio as a template #SingalongChallenge,FEED,IMAGE,16,0,0,2,,425
914794644845866747,1787631310,vikram112official,183,is it actually worth 18k or nah #HonestReview,FEED,CAROUSEL_ALBUM,4,0,0,0,,174
890749921396723145,1787662073,zoya237985,542,clip of that moment is everywhere now #WatchParty,FEED,IMAGE,5,0,0,0,,114
342513316106652345,1787701839,farhan495x,23,underdogs really did that tonight #MatchNight,FEED,CAROUSEL_ALBUM,1,0,0,0,,49
563134290228458573,1787673466,omar1007,281,"genuinely good thread on repairability scores, worth a read #RightToRepair",FEED,CAROUSEL_ALBUM,9,0,0,1,,161
230469199277152598,1787675494,kabir332_in,180,clip of that moment is everywhere now #WatchParty,STORY,IMAGE,0,0,0,0,,88
523286549798017527,1787679250,hasan629915,569,"late night eats thread, adding this one to the list #StreetFoodFinds",REELS,VIDEO,19,1,3,3,540,389
194574584225407383,1787658718,vikram871x,682,last over replay pe replay dekh raha hu #MatchNight,FEED,CAROUSEL_ALBUM,19,2,4,0,,428
152170047937131543,1787680216,jay654x,268,"the whole crowd singing along, chills #WatchParty",FEED,CAROUSEL_ALBUM,3,0,0,0,,82
502428431239123209,1787627412,priya34207,5682,"repair karana sasta hai, log samajhte nahi #RepairNotReplace",FEED,CAROUSEL_ALBUM,121,6,3,30,,1654
120892496053133491,1787688422,jay842x,713,"late night eats thread, adding this one to the list #StreetFoodFinds",REELS,VIDEO,22,2,0,4,1946,478
802147217372684427,1787674026,bina999_,232,"took it to a local shop, fixed for 2700. brand quoted 5x that #RightToRepair",FEED,CAROUSEL_ALBUM,4,0,0,0,,114
435615142068918582,1787672213,omar10_in,1057,third time this week honestly #AppDown,FEED,IMAGE,11,0,0,1,,451
560613099341274155,1787670881,farhan57official,1296,NOBODY saw that result coming #MatchNight,REELS,VIDEO,69,4,16,18,2677,1139
792947894450238532,1787689547,dipu1,848,NOBODY saw that result coming #MatchNight,REELS,VIDEO,6,0,0,1,197,115
924870750933525994,1787681544,kabir850x,1243,ei match ta bhulte parbo na #MatchNight,STORY,IMAGE,0,0,0,0,,512
733150684835631356,1787686143,shreya299official,640,found this 12-rupee plate near the station and i'm never recovering #LateNightEats,STORY,VIDEO,0,0,0,0,166,82
676020550287569156,1787678820,sunny1089x,264,biggest upset of the season easily #UnderdogWin,FEED,CAROUSEL_ALBUM,0,0,0,0,,41
669476421069728251,1787691840,anaya118007,391,queue was 40 min long and honestly worth it #StreetFoodFinds,STORY,IMAGE,0,0,0,0,,110
404325176953252738,1787616422,omar173677,510,last over replay pe replay dekh raha hu #UnderdogWin,REELS,VIDEO,5,0,0,0,691,349
604222626143911108,1787578796,arjun100x,424,"this week's roundup is live, have a read #FridayFaves",STORY,IMAGE,0,0,0,0,,191
364407760957965509,1787653994,sunny97x,896,"the whole crowd singing along, chills #WatchParty",REELS,VIDEO,13,0,3,0,716,294
393369627193977178,1787661155,sana419,285,found this 58-rupee plate near the station and i'm never recovering #StreetFoodFinds,FEED,CAROUSEL_ALBUM,9,0,0,1,,276
196609049450208195,1787702218,vikram537_in,296,"late night eats thread, adding this one to the list #StreetFoodFinds",FEED,CAROUSEL_ALBUM,2,0,0,0,,204
177333771942546398,1787700722,zoya181,335,underdogs really did that tonight #UnderdogWin,FEED,CAROUSEL_ALBUM,2,0,0,0,,226
369131867151067518,1787587706,bina12807,80,honest review after two weeks of daily use #HonestReview,REELS,VIDEO,1,0,0,0,90,42
971344306332754312,1787681310,sunny463official,562,underdogs really did that tonight #MatchNight,REELS,VIDEO,8,0,0,0,1261,751
365786580503623415,1787680935,meera74_,2554,clip of that moment is everywhere now #SingalongChallenge,STORY,IMAGE,0,0,0,0,,1979
660951902122145161,1787695723,shreya162x,3036,"the whole crowd singing along, chills #SingalongChallenge",STORY,IMAGE,0,0,0,0,,4375
535627334543375540,1787688265,dipu1027128,178,watch party er environment ta osadharon chilo #SingalongChallenge,REELS,VIDEO,0,0,0,0,91,41
166659735784346712,1787662816,imran25107,327,watch party er environment ta osadharon chilo #WatchParty,REELS,VIDEO,1,0,0,0,119,151
617527514725706906,1787654432,sana419,285,NOBODY saw that result coming #MatchNight,REELS,VIDEO,7,0,1,1,257,191
387377204771647649,1787649317,neel554official,1135,clip of that moment is everywhere now #SingalongChallenge,REELS,VIDEO,1,0,0,0,281,311
100805069237373250,1787649140,priya117official,224,why is replacing the battery cheaper than the whole phone now #RightToRepair,STORY,IMAGE,0,0,0,0,,255
826730731705518313,1787590808,rahul11407,626,"bhai ye wala stall best hai, 27 me itna khana #LateNightEats",STORY,VIDEO,0,0,0,0,1222,544
560583107327596375,1787583541,meera19,136,anyone know how long the update usually takes? #DeliveryStatus,REELS,VIDEO,1,0,0,0,196,79
122082188736880957,1787662300,jay40007,736,clip of that moment is everywhere now #WatchParty,REELS,VIDEO,2,0,0,0,634,341
652164997192886472,1787649893,dipu72official,353,honest review after two weeks of daily use #HonestReview,STORY,IMAGE,0,0,0,0,,244
249315404813286785,1787687165,tara310official,557,ei match ta bhulte parbo na #MatchNight,REELS,VIDEO,24,0,1,6,797,314
810914930317058685,1787690234,tanvir319official,1664,last over replay pe replay dekh raha hu #MatchNight,FEED,CAROUSEL_ALBUM,63,3,9,8,,884
792845466578448302,1787675825,arjun391_,407,last over replay pe replay dekh raha hu #UnderdogWin,REELS,VIDEO,1,0,0,0,82,62
724110048381030855,1787697187,omar1025official,197,this haul format is everywhere on my feed now #CampusHaul,FEED,IMAGE,2,0,0,0,,85
237495545317041492,1787633532,shreya9407,598,honest review after two weeks of daily use #GadgetCheck,REELS,VIDEO,11,1,2,3,1177,791
139285833409205345,1787696525,nadia730official,150,last over replay pe replay dekh raha hu #MatchNight,FEED,IMAGE,1,0,0,0,,42
627695296729973626,1787647218,arjun43807,103,"bhai ye wala stall best hai, 58 me itna khana #LateNightEats",FEED,CAROUSEL_ALBUM,0,0,0,0,,24
581675476734727421,1787581289,aisha4_in,356,"friday faves, 103 things i actually used this week #WeeklyRoundup",FEED,CAROUSEL_ALBUM,1,0,0,0,,341
590402044692237466,1787676296,aisha7135,991,ei match ta bhulte parbo na #MatchNight,REELS,VIDEO,18,1,3,1,1234,509
612816732353014019,1787643217,kabir3407,2038,"bhai ye wala stall best hai, 42 me itna khana #StreetFoodFinds",STORY,IMAGE,0,0,0,0,,1913
172648502970031380,1787670392,rahul992354,454,ei match ta bhulte parbo na #MatchNight,REELS,VIDEO,4,0,0,0,436,213
201923458689311384,1787671435,nadia907official,3568,"repair karana sasta hai, log samajhte nahi #RepairNotReplace",REELS,VIDEO,168,12,26,3,2598,2799
732621794971837840,1787646267,tanvir110,1349,ei match ta bhulte parbo na #MatchNight,FEED,CAROUSEL_ALBUM,7,0,1,0,,455
244397867823627373,1787673459,rahul11407,626,found this 103-rupee plate near the station and i'm never recovering #StreetFoodFinds,STORY,VIDEO,0,0,0,0,962,703
698566485153779767,1787578410,tara292502,1824,is the app down for everyone or just me #ServerOutage,REELS,VIDEO,20,2,3,0,1674,2121
255737443615535173,1787625124,sunny471_,262,NOBODY saw that result coming #MatchNight,FEED,IMAGE,8,0,1,1,,203
214280222420471008,1787670693,nadia42307,1865,underdogs really did that tonight #UnderdogWin,REELS,VIDEO,39,1,4,7,977,1186
178568938346575968,1787654003,omar280official,662,last over replay pe replay dekh raha hu #UnderdogWin,REELS,VIDEO,2,0,0,0,298,196
109437301474614981,1787674828,omar611official,932,last over replay pe replay dekh raha hu #MatchNight,REELS,VIDEO,44,5,2,2,2169,1084
992470246475306436,1787701375,kabir648official,1965,"late night eats thread, adding this one to the list #StreetFoodFinds",REELS,VIDEO,25,1,0,1,3389,1849
580459092006698927,1787696578,meera301_in,1140,this haul format is everywhere on my feed now #CampusHaul,REELS,VIDEO,9,0,1,0,618,385
429769822305458907,1787686442,priya901_,8601,hostel room setup part 2 #CampusHaul,REELS,VIDEO,100,11,12,23,14536,6298
109359431395698962,1787701436,omar381_in,160,everyone using this audio as a template #SingalongChallenge,STORY,VIDEO,0,0,0,0,328,
245290755706906386,1787662107,priya469official,931,"ei jaygar khabar ta darun, must try #StreetFoodFinds",STORY,IMAGE,0,0,0,0,,472
306377399512803810,1787671846,aisha908,132,NOBODY saw that result coming #UnderdogWin,REELS,VIDEO,0,0,0,0,42,25
686920378406801168,1787677123,shreya545official,195,clip of that moment is everywhere now #WatchParty,REELS,VIDEO,9,0,1,1,422,131
723113794075238445,1787699363,sunny1012x,433,queue was 40 min long and honestly worth it #LateNightEats,STORY,VIDEO,0,0,0,0,75,106
880538813682879320,1787672673,hasan429x,354,"the whole crowd singing along, chills #WatchParty",REELS,VIDEO,10,1,0,2,340,401
998000547196072904,1787664888,aisha507official,68,ei match ta bhulte parbo na #UnderdogWin,STORY,VIDEO,0,0,0,0,172,67
517003204162962707,1787602095,hasan508,382,"genuinely good thread on repairability scores, worth a read #RepairNotReplace",FEED,IMAGE,5,0,0,0,,281
531475682775089931,1787690712,sunny633,3260,"the whole crowd singing along, chills #SingalongChallenge",REELS,VIDEO,54,3,9,6,2597,1772
780200332504428942,1787681448,sunny60307,858,everyone using this audio as a template #SingalongChallenge,STORY,IMAGE,0,0,0,0,,
622577902162496239,1787680977,sunny1044official,427,"the whole crowd singing along, chills #WatchParty",STORY,VIDEO,0,0,0,0,286,230
557348033009582022,1787690794,shreya29507,685,"the whole crowd singing along, chills #WatchParty",FEED,IMAGE,2,0,0,0,,94
994156096697215795,1787692260,meera13529,3158,underdogs really did that tonight #UnderdogWin,REELS,VIDEO,40,2,7,8,1566,833
431724937694509125,1787667871,sunny90,585,"bhai ye wala stall best hai, 103 me itna khana #LateNightEats",FEED,CAROUSEL_ALBUM,5,0,0,1,,141
670102033193307348,1787663874,hasan335_,168,biggest upset of the season easily #UnderdogWin,FEED,CAROUSEL_ALBUM,1,0,0,0,,79
899660163703126164,1787666459,hasan335_,168,"took it to a local shop, fixed for 1800. brand quoted 5x that #RightToRepair",REELS,VIDEO,0,0,0,0,69,33
800397559915722323,1787604783,priya372_,392,last over replay pe replay dekh raha hu #MatchNight,REELS,VIDEO,0,0,0,0,43,33
214715176432961909,1787659867,sana37507,8073,biggest upset of the season easily #MatchNight,FEED,IMAGE,241,3,59,45,,9554
471085192645554030,1787618992,rahul392official,135,underdogs really did that tonight #UnderdogWin,REELS,VIDEO,0,0,0,0,84,32
431929996193405779,1787691326,tara784x,208,"genuinely good thread on repairability scores, worth a read #RepairNotReplace",FEED,CAROUSEL_ALBUM,4,0,0,0,,128
716773741576768959,1787667854,imran837_,200,NOBODY saw that result coming #MatchNight,REELS,VIDEO,1,0,0,0,242,107
374932981677045670,1787620632,meera430390,568,third time this week honestly #AppDown,REELS,VIDEO,4,0,0,1,469,416
761870604050971073,1787693333,farhan1076_,530,"late night eats thread, adding this one to the list #StreetFoodFinds",FEED,IMAGE,7,0,0,2,,142
104130728049855618,1787700479,priya295_in,683,clip of that moment is everywhere now #WatchParty,FEED,CAROUSEL_ALBUM,22,0,3,2,,591
417701928820323998,1787673171,neel9_,294,everyone using this audio as a template #SingalongChallenge,REELS,VIDEO,4,0,0,0,313,250
138717844635368897,1787671649,jay842x,713,"took it to a local shop, fixed for 5800. brand quoted 5x that #RightToRepair",REELS,VIDEO,40,3,5,4,1342,450
670796939779031867,1787681446,tanvir843_in,486,"bhai ye wala stall best hai, 27 me itna khana #StreetFoodFinds",REELS,VIDEO,9,0,0,1,368,174
794371711825016439,1787695462,meera301_in,1140,why is replacing the battery cheaper than the whole phone now #RightToRepair,STORY,VIDEO,0,0,0,0,723,380
876250925954059479,1787539637,dipu1,848,"late night eats thread, adding this one to the list #StreetFoodFinds",REELS,VIDEO,23,1,4,3,1072,784
435120111759706509,1787633208,jay654x,268,everyone using this audio as a template #WatchParty,FEED,CAROUSEL_ALBUM,2,0,0,0,,86
552362685209117562,1787696944,sunny633,3260,NOBODY saw that result coming #MatchNight,FEED,CAROUSEL_ALBUM,10,0,0,1,,657
693922396011284262,1787684723,vikram1001_,944,underdogs really did that tonight #UnderdogWin,REELS,VIDEO,33,1,4,9,1756,822
890042640945069230,1787686465,hasan508,382,last over replay pe replay dekh raha hu #MatchNight,FEED,IMAGE,11,0,1,3,,302
721273706362788896,1787696992,anaya934686,538,ei match ta bhulte parbo na #UnderdogWin,FEED,CAROUSEL_ALBUM,1,0,0,0,,46
189985040427217481,1787627167,bina83official,523,"spec sheet looks great, real world is mid imo #HonestReview",REELS,VIDEO,6,0,1,1,615,341
903795048923753431,1787694984,vikram24_in,720,"spec sheet looks great, real world is mid imo #HonestReview",REELS,VIDEO,13,0,2,2,810,722
678999742134706986,1787644188,arjun774_,278,ei match ta bhulte parbo na #MatchNight,REELS,VIDEO,10,0,2,0,259,260
370949682308541211,1787701968,meera170686,253,"repair karana sasta hai, log samajhte nahi #RepairNotReplace",REELS,VIDEO,19,0,4,2,384,193
904625404084217832,1787604383,tanvir2_in,439,shipping status change hone me kitna time lagta hai #DeliveryStatus,FEED,IMAGE,6,0,0,1,,461
864153550122340619,1787546850,bina6807,131,queue was 40 min long and honestly worth it #LateNightEats,STORY,IMAGE,0,0,0,0,,76
397737718891865702,1787600415,anaya298x,476,"the whole crowd singing along, chills #SingalongChallenge",REELS,VIDEO,7,0,0,0,511,486
458492156301582188,1787688250,rahul1149_,1223,"ei jaygar khabar ta darun, must try #StreetFoodFinds",STORY,IMAGE,0,0,0,0,,412
818633129125297345,1787692541,imran1021x,115,biggest upset of the season easily #MatchNight,REELS,VIDEO,1,0,0,0,66,31
203731030178165113,1787656804,omar21907,105,underdogs really did that tonight #MatchNight,STORY,VIDEO,0,0,0,0,54,47
452854726271102132,1787688779,sana422,387,ei match ta bhulte parbo na #MatchNight,REELS,VIDEO,15,0,0,0,386,224
238036125671961260,1787687810,anaya21807,223,is the app down for everyone or just me #AppDown,REELS,VIDEO,4,0,0,1,121,126
320177909204200732,1787652712,meera491x,199,everyone using this audio as a template #SingalongChallenge,REELS,VIDEO,1,0,0,0,115,149
344657593674890254,1787671782,vikram1001_,944,"back to campus haul, everything under 1200 #CampusHaul",REELS,VIDEO,9,0,1,2,365,313
220565511632460918,1787690340,nadia42307,1865,ei match ta bhulte parbo na #UnderdogWin,FEED,IMAGE,89,9,11,21,,1204
957061898736690764,1787639519,arjun103_in,7954,"bhai ye wala stall best hai, 27 me itna khana #LateNightEats",STORY,IMAGE,0,0,0,0,,5521
797574761612076293,1787651285,arjun752_,430,biggest upset of the season easily #MatchNight,FEED,CAROUSEL_ALBUM,16,0,3,3,,370
296691071561326824,1787627122,tara271official,131,queue was 40 min long and honestly worth it #StreetFoodFinds,REELS,VIDEO,2,0,0,0,224,148
657406897991732455,1787678715,arjun490,1546,biggest upset of the season easily #MatchNight,STORY,IMAGE,0,0,0,0,,577
705642817342820318,1787679283,dipu975_in,1812,last over replay pe replay dekh raha hu #UnderdogWin,STORY,VIDEO,0,0,0,0,359,428
567051489812635513,1787696368,sana568x,1922,ei match ta bhulte parbo na #MatchNight,FEED,CAROUSEL_ALBUM,46,1,4,6,,667
882892425245245255,1787570951,aisha154_,390,"false alarm apparently, working again on my end #ServerOutage",REELS,VIDEO,1,0,0,0,191,147
814594709719137103,1787685555,dipu72official,353,"delivery took 3 days longer than promised, finally here #ShippingUpdate",FEED,CAROUSEL_ALBUM,1,0,0,0,,107
287314795029118515,1787694952,rizwan62_in,696,ei match ta bhulte parbo na #MatchNight,FEED,CAROUSEL_ALBUM,27,2,3,3,,832
946218475816988365,1787696852,priya46774,256,"late night eats thread, adding this one to the list #LateNightEats",STORY,VIDEO,0,0,0,0,154,63
953635656824696280,1787569263,imran145_in,138,is the app down for everyone or just me #AppDown,REELS,VIDEO,1,0,0,0,178,75
133320176680492940,1787612450,anaya4507,101,made it into the roundup somehow #FridayFaves,REELS,VIDEO,0,0,0,0,74,37
465306392769397134,1787694620,aisha902x,6158,last over replay pe replay dekh raha hu #UnderdogWin,REELS,VIDEO,60,2,7,8,5012,2067
530213016163865804,1787654643,aisha604x,85,everyone using this audio as a template #SingalongChallenge,FEED,CAROUSEL_ALBUM,1,0,0,0,,35
723076252430132864,1787651074,omar449,1183,found this 103-rupee plate near the station and i'm never recovering #LateNightEats,REELS,VIDEO,16,1,3,1,719,358
225507361219559040,1787641167,vikram537_in,296,watch party er environment ta osadharon chilo #SingalongChallenge,REELS,VIDEO,11,0,0,0,237,282
940617789599103182,1787697810,arjun1104_,473,everyone using this audio as a template #WatchParty,REELS,VIDEO,14,1,0,2,485,293
822540320422697881,1787579896,meera13529,3158,clip of that moment is everywhere now #SingalongChallenge,FEED,IMAGE,8,0,0,1,,992
927915734449828893,1787657241,sunny235162,121,"the whole crowd singing along, chills #SingalongChallenge",STORY,IMAGE,0,0,0,0,,77
723499338125019558,1787680494,hasan238_,592,found this 12-rupee plate near the station and i'm never recovering #LateNightEats,FEED,IMAGE,28,1,0,5,,577
994565567151783882,1787671420,rizwan562,1252,clip of that moment is everywhere now #WatchParty,STORY,VIDEO,0,0,0,0,1054,1062
919201942192726023,1787618720,priya374x,1251,"late night eats thread, adding this one to the list #StreetFoodFinds",FEED,CAROUSEL_ALBUM,11,0,0,0,,518
590994264593840122,1787665836,anaya184,505,"the whole crowd singing along, chills #WatchParty",REELS,VIDEO,12,0,0,0,960,415
706449425689174845,1787661027,vikram786,393,last over replay pe replay dekh raha hu #MatchNight,REELS,VIDEO,19,1,1,2,341,273
698674073408882461,1787658432,sana37507,8073,"ok it's a regional thing, not a full outage #ServerOutage",REELS,VIDEO,19,1,4,0,833,554
426760836557144148,1787633040,meera663_,2423,"late night eats thread, adding this one to the list #StreetFoodFinds",FEED,IMAGE,73,7,7,19,,2427
456193627491204668,1787660060,aisha11_in,907,biggest upset of the season easily #UnderdogWin,STORY,IMAGE,0,0,0,0,,431
864143903899349734,1787650339,meera49939,174,biggest upset of the season easily #UnderdogWin,STORY,IMAGE,0,0,0,0,,138
780884826394058183,1787684460,farhan1018_in,264,biggest upset of the season easily #MatchNight,REELS,VIDEO,13,1,1,1,394,354
506887741831692417,1787698295,rizwan10407,231,everyone using this audio as a template #WatchParty,REELS,VIDEO,5,0,0,0,167,161
637821678494140389,1787701691,bina86507,875,everyone using this audio as a template #WatchParty,REELS,VIDEO,12,0,1,3,876,468
751840332544394046,1787647323,aisha322,3474,found this 103-rupee plate near the station and i'm never recovering #StreetFoodFinds,FEED,CAROUSEL_ALBUM,14,0,1,1,,302
399668680225539126,1787684161,meera588official,948,clip of that moment is everywhere now #SingalongChallenge,FEED,CAROUSEL_ALBUM,13,0,2,0,,152
977780054059879220,1787607657,tara42,147,honest review after two weeks of daily use #GadgetCheck,FEED,IMAGE,1,0,0,0,,88
530491548946470078,1787668814,rizwan941,1368,queue was 40 min long and honestly worth it #LateNightEats,REELS,VIDEO,10,0,0,2,1255,787
121660264216862553,1787677968,sunny531150,320,underdogs really did that tonight #UnderdogWin,FEED,CAROUSEL_ALBUM,12,0,0,2,,316
943374187413481364,1787700710,sana457x,212,hostel room setup part 2 #BackToCampus,STORY,IMAGE,0,0,0,0,,158
809945505396783963,1787698570,meera27907,560,everyone using this audio as a template #WatchParty,REELS,VIDEO,12,0,1,2,989,505
660771061966801034,1787576166,imran304x,289,is the app down for everyone or just me #AppDown,REELS,VIDEO,5,0,0,0,228,166
785629077324549452,1787568925,jay67_in,2246,is it actually worth 12k or nah #GadgetCheck,REELS,VIDEO,13,1,2,3,535,614
204766651710589906,1787657821,sana442_in,1605,everyone using this audio as a template #SingalongChallenge,STORY,IMAGE,0,0,0,0,,1060
586210600772250860,1787672214,arjun307official,650,clip of that moment is everywhere now #WatchParty,REELS,VIDEO,18,1,4,4,556,149
335966643219476422,1787700258,shreya355official,846,"bhai ye wala stall best hai, 18 me itna khana #LateNightEats",REELS,VIDEO,12,1,1,0,1709,417
168353277850215858,1787700434,rahul936,398,watch party er environment ta osadharon chilo #SingalongChallenge,REELS,VIDEO,1,0,0,0,133,93
819260151052044772,1787699832,farhan106484,762,everyone using this audio as a template #SingalongChallenge,REELS,VIDEO,9,0,0,0,298,170
177900282859032056,1787688169,neel596,950,why is replacing the battery cheaper than the whole phone now #RepairNotReplace,REELS,VIDEO,8,0,1,0,593,208
867693162118580933,1787685058,bina81_,424,"ei jaygar khabar ta darun, must try #StreetFoodFinds",STORY,IMAGE,0,0,0,0,,516
152795646844771128,1787678984,anaya934686,538,watch party er environment ta osadharon chilo #SingalongChallenge,FEED,IMAGE,3,0,0,0,,125
914898112451257951,1787682171,arjun111_,1094,biggest upset of the season easily #UnderdogWin,STORY,VIDEO,0,0,0,0,501,574
875563726581559109,1787693896,rizwan855_in,775,"back to campus haul, everything under 4200 #CampusHaul",REELS,VIDEO,37,2,2,9,855,577
650295688013324206,1787667887,sana750_in,564,everyone using this audio as a template #SingalongChallenge,FEED,IMAGE,2,0,0,0,,87
395663052190839494,1787692692,rizwan163_,113,watch party er environment ta osadharon chilo #SingalongChallenge,REELS,VIDEO,1,0,0,0,42,58
512797333929927599,1787649356,sunny60_,760,found this 12-rupee plate near the station and i'm never recovering #StreetFoodFinds,REELS,VIDEO,0,0,0,0,141,79
778011259001698958,1787531822,zoya38official,307,"spec sheet looks great, real world is mid imo #HonestReview",FEED,IMAGE,0,0,0,0,,36
236607747964038284,1787659780,zoya58official,3147,"spec sheet looks great, real world is mid imo #HonestReview",REELS,VIDEO,19,1,0,0,1344,820
149231741149152218,1787698189,neel477275,72,"ei jaygar khabar ta darun, must try #LateNightEats",STORY,VIDEO,0,0,0,0,89,23
233834442472273863,1787632446,omar284,2359,ei match ta bhulte parbo na #UnderdogWin,FEED,IMAGE,34,3,0,9,,969
529382929252184363,1787599831,zoya108x,491,underdogs really did that tonight #UnderdogWin,FEED,CAROUSEL_ALBUM,4,0,0,0,,390
892021886740602716,1787604284,jay27_,323,honest review after two weeks of daily use #HonestReview,STORY,VIDEO,0,0,0,0,359,191
496244482183045246,1787699514,neel995_in,213,is the app down for everyone or just me #AppDown,FEED,IMAGE,1,0,0,0,,143
218633054160338598,1787645106,sunny60_,760,ei match ta bhulte parbo na #MatchNight,REELS,VIDEO,3,0,0,0,663,246
361180663616945928,1787679399,priya171x,1015,last over replay pe replay dekh raha hu #UnderdogWin,REELS,VIDEO,15,1,2,0,1266,976
491513509781137360,1787674510,bina85607,2282,everyone using this audio as a template #WatchParty,FEED,CAROUSEL_ALBUM,33,3,3,4,,1423
641995719673321432,1787688227,sana1075x,201,"late night eats thread, adding this one to the list #LateNightEats",FEED,CAROUSEL_ALBUM,9,0,2,2,,152
859380593175859395,1787667610,rahul857x,346,last over replay pe replay dekh raha hu #UnderdogWin,REELS,VIDEO,25,1,3,5,571,394
318760406341376235,1787700873,aisha1179official,774,why is replacing the battery cheaper than the whole phone now #RepairNotReplace,FEED,IMAGE,4,0,0,0,,418
180579733310717336,1787556910,vikram138_in,500,shipping status change hone me kitna time lagta hai #ShippingUpdate,REELS,VIDEO,7,0,1,1,562,413
750858286733002598,1787698518,arjun673585,231,queue was 40 min long and honestly worth it #LateNightEats,FEED,IMAGE,5,0,0,1,,130
677954680620064211,1787691746,tanvir35_in,237,made it into the roundup somehow #WeeklyRoundup,STORY,IMAGE,0,0,0,0,,183
947804019812501370,1787533382,sunny63270,153,"spec sheet looks great, real world is mid imo #GadgetCheck",STORY,IMAGE,0,0,0,0,,107
955106122071366094,1787669095,neel39official,529,biggest upset of the season easily #MatchNight,FEED,IMAGE,4,0,0,0,,
799614972585097700,1787674886,vikram1040_,1566,underdogs really did that tonight #MatchNight,REELS,VIDEO,18,0,3,3,402,358
881789801311107735,1787665346,meera211official,1580,biggest upset of the season easily #MatchNight,FEED,IMAGE,4,0,0,0,,109
537136127379155300,1787591079,priya469official,931,watch party er environment ta osadharon chilo #SingalongChallenge,FEED,IMAGE,13,0,3,2,,321
461430213160245041,1787634327,farhan28607,598,"genuinely good thread on repairability scores, worth a read #RightToRepair",FEED,IMAGE,27,0,6,6,,352
345816421952505332,1787651149,zoya237985,542,NOBODY saw that result coming #UnderdogWin,FEED,CAROUSEL_ALBUM,2,0,0,0,,458
717304910470892675,1787691898,shreya612,301,NOBODY saw that result coming #UnderdogWin,REELS,VIDEO,1,0,0,0,424,191
195547280388226590,1787694765,anaya298x,476,last over replay pe replay dekh raha hu #MatchNight,FEED,IMAGE,6,0,1,0,,
616997819445584863,1787654708,tara669_in,521,clip of that moment is everywhere now #WatchParty,REELS,VIDEO,15,0,2,1,465,509
838571335267895148,1787663264,imran610_in,1689,"bhai ye wala stall best hai, 58 me itna khana #LateNightEats",FEED,IMAGE,44,2,3,10,,1834
639698780684446860,1787593200,imran17207,323,"repair karana sasta hai, log samajhte nahi #RightToRepair",REELS,VIDEO,3,0,0,0,236,93
636609853528147380,1787669049,vikram587,981,"bhai ye wala stall best hai, 103 me itna khana #LateNightEats",REELS,VIDEO,9,0,0,0,587,484
927688582042622886,1787689935,shreya64107,886,ei match ta bhulte parbo na #MatchNight,FEED,IMAGE,13,0,2,2,,448
349741625922137824,1787696312,rizwan1194_in,2321,found this 103-rupee plate near the station and i'm never recovering #LateNightEats,FEED,CAROUSEL_ALBUM,45,1,4,4,,944
817856266584275194,1787669564,kabir796official,148,"ei jaygar khabar ta darun, must try #StreetFoodFinds",FEED,IMAGE,1,0,0,0,,78
649771756041357647,1787572674,imran125_,913,"false alarm apparently, working again on my end #AppDown",STORY,VIDEO,0,0,0,0,1001,888
139005723332938119,1787680931,shreya1094,1497,NOBODY saw that result coming #MatchNight,REELS,VIDEO,40,1,2,1,2084,959
623266632778517313,1787562246,hasan165_,290,"the whole crowd singing along, chills #WatchParty",STORY,IMAGE,0,0,0,0,,74
511406234689688446,1787686042,arjun169,653,"genuinely good thread on repairability scores, worth a read #RepairNotReplace",REELS,VIDEO,2,0,0,0,522,300
281886947185648220,1787696676,neel36x,579,last over replay pe replay dekh raha hu #MatchNight,REELS,VIDEO,19,0,3,1,925,594
405303661981313309,1787623271,sunny591x,247,watch party er environment ta osadharon chilo #WatchParty,FEED,IMAGE,1,0,0,0,,55
142306957575210169,1787675958,bina551_in,709,clip of that moment is everywhere now #WatchParty,FEED,CAROUSEL_ALBUM,3,0,0,0,,365
728964990939921823,1787680268,shreya370official,506,"college list banaya hai, kuch reh gaya? #BackToCampus",FEED,CAROUSEL_ALBUM,8,0,1,1,,658
164207981980792858,1787586968,shreya32_,195,this haul format is everywhere on my feed now #CampusHaul,FEED,CAROUSEL_ALBUM,4,0,0,0,,253
864488287457554496,1787678316,dipu667x,774,NOBODY saw that result coming #MatchNight,REELS,VIDEO,33,2,7,0,837,855
598138864812549225,1787697069,omar329_in,6110,clip of that moment is everywhere now #SingalongChallenge,REELS,VIDEO,51,1,1,4,4796,1772
199180516484415831,1787679800,kabir78307,1119,"ei jaygar khabar ta darun, must try #LateNightEats",FEED,CAROUSEL_ALBUM,5,0,0,0,,657
122297335216613934,1787598212,neel288,317,"false alarm apparently, working again on my end #AppDown",REELS,VIDEO,3,0,0,0,107,84
364835258204549635,1787683204,meera84507,353,underdogs really did that tonight #UnderdogWin,FEED,CAROUSEL_ALBUM,18,1,2,0,,283
255624835551334625,1787699924,nadia1206_,587,"college list banaya hai, kuch reh gaya? #BackToCampus",STORY,VIDEO,0,0,0,0,300,118
705982470328388179,1787632072,sunny533,598,underdogs really did that tonight #MatchNight,FEED,CAROUSEL_ALBUM,9,0,1,1,,572
163759954123672590,1787672490,imran15,1338,"bhai ye wala stall best hai, 27 me itna khana #LateNightEats",REELS,VIDEO,13,1,2,3,1925,982
110301620676346712,1787652402,omar25807,636,still stuck on the loading screen #ServerOutage,REELS,VIDEO,0,0,0,0,131,37
416432178761949351,1787701547,rahul13107,1474,"genuinely good thread on repairability scores, worth a read #RepairNotReplace",FEED,IMAGE,17,0,1,1,,430
909643721228931854,1787691452,imran810x,112,"the whole crowd singing along, chills #WatchParty",FEED,IMAGE,3,0,0,0,,130
566294184468551717,1787678952,tanvir976x,462,watch party er environment ta osadharon chilo #WatchParty,REELS,VIDEO,3,0,0,0,95,123
108620451911545937,1787651822,tanvir199,3436,clip of that moment is everywhere now #WatchParty,FEED,IMAGE,98,2,4,21,,3472
226372026110136107,1787662950,rizwan345_,126,ei match ta bhulte parbo na #UnderdogWin,FEED,CAROUSEL_ALBUM,3,0,0,0,,111
723233512657090983,1787687788,shreya404_,766,clip of that moment is everywhere now #WatchParty,FEED,IMAGE,0,0,0,0,,84
954835244831284438,1787670432,omar553431,363,NOBODY saw that result coming #MatchNight,FEED,IMAGE,1,0,0,0,,51
363611490987016436,1787664966,arjun814_,126,underdogs really did that tonight #UnderdogWin,STORY,VIDEO,0,0,0,0,60,48
248478300390198109,1787612238,tara590official,1889,last over replay pe replay dekh raha hu #MatchNight,REELS,VIDEO,69,3,2,4,2086,1179
556885218867948621,1787666888,bina940x,960,"genuinely good thread on repairability scores, worth a read #RepairNotReplace",REELS,VIDEO,40,1,5,3,764,600
418525290189923519,1787699361,tara77207,3340,"back to campus haul, everything under 3400 #CampusHaul",REELS,VIDEO,4,0,0,0,958,375
602770175049350920,1787667064,arjun7_in,2810,underdogs really did that tonight #UnderdogWin,FEED,IMAGE,15,1,1,2,,920
773950670315242273,1787672980,sunny78507,55,NOBODY saw that result coming #MatchNight,FEED,IMAGE,1,0,0,0,,25
574469834448652670,1787541302,jay118_,1840,"spec sheet looks great, real world is mid imo #HonestReview",REELS,VIDEO,17,2,1,3,3302,1841
112379511580283227,1787680636,omar132_in,699,everyone using this audio as a template #WatchParty,STORY,IMAGE,0,0,0,0,,637
299520534689945782,1787680299,tanvir72807,75,ei match ta bhulte parbo na #UnderdogWin,REELS,VIDEO,1,0,0,0,52,45
381097833342947271,1787699686,meera535_,650,underdogs really did that tonight #UnderdogWin,FEED,CAROUSEL_ALBUM,3,0,0,0,,390
139462164092920777,1787555489,priya3_in,216,"parts pairing is the real problem, not the screws #RepairNotReplace",REELS,VIDEO,3,0,0,0,290,197
254347038083409374,1787693361,imran125_,913,biggest upset of the season easily #MatchNight,STORY,IMAGE,0,0,0,0,,468
231187771859197607,1787680383,zoya181,335,found this 42-rupee plate near the station and i'm never recovering #LateNightEats,STORY,IMAGE,0,0,0,0,,310
187219506505279359,1787699340,sunny420_,726,"parts pairing is the real problem, not the screws #RepairNotReplace",FEED,CAROUSEL_ALBUM,5,0,0,1,,378
756291529894727365,1787585234,sunny417official,491,"college list banaya hai, kuch reh gaya? #BackToCampus",FEED,CAROUSEL_ALBUM,5,0,0,0,,158
281047146581382067,1787659458,sana182,1242,"the whole crowd singing along, chills #WatchParty",REELS,VIDEO,36,0,8,8,2391,1347
957683993948510380,1787672684,shreya9407,598,is it actually worth 18k or nah #GadgetCheck,FEED,CAROUSEL_ALBUM,1,0,0,0,,355
218056593269031353,1787669963,rizwan53_,1168,made it into the roundup somehow #WeeklyRoundup,STORY,IMAGE,0,0,0,0,,732
816860420896939529,1787682834,arjun20269,1062,clip of that moment is everywhere now #WatchParty,REELS,VIDEO,22,0,4,6,1872,847
159593443025937064,1787618994,bina160_,179,clip of that moment is everywhere now #SingalongChallenge,FEED,CAROUSEL_ALBUM,0,0,0,0,,37
325558748946405650,1787682518,dipu802,907,clip of that moment is everywhere now #WatchParty,REELS,VIDEO,32,1,3,8,1856,866
394956403907451181,1787687001,aisha414,428,"false alarm apparently, working again on my end #ServerOutage",FEED,IMAGE,1,0,0,0,,174
691656139582194081,1787618367,imran8707,361,shipping status change hone me kitna time lagta hai #ShippingUpdate,REELS,VIDEO,4,0,0,0,408,273
104623457033561661,1787670330,neel477275,72,"bhai ye wala stall best hai, 103 me itna khana #StreetFoodFinds",REELS,VIDEO,2,0,0,0,54,44
806338708683616649,1787687169,sana866954,2421,underdogs really did that tonight #UnderdogWin,REELS,VIDEO,27,1,4,4,2078,1097
551263365428751134,1787630747,arjun391_,407,"bhai ye wala stall best hai, 27 me itna khana #StreetFoodFinds",STORY,VIDEO,0,0,0,0,893,274
626256212283821487,1787702105,dipu975_in,1812,"the whole crowd singing along, chills #WatchParty",REELS,VIDEO,62,5,6,12,2346,680
547679994791688980,1787692989,omar74407,5025,queue was 40 min long and honestly worth it #StreetFoodFinds,FEED,CAROUSEL_ALBUM,34,4,4,9,,776
310804718495806267,1787701699,bina252x,2789,"took it to a local shop, fixed for 2700. brand quoted 5x that #RepairNotReplace",FEED,IMAGE,14,1,1,1,,348
817725864891253177,1787669535,aisha256x,2208,biggest upset of the season easily #UnderdogWin,STORY,VIDEO,0,0,0,0,4321,2091
311016443998004132,1787687097,aisha416,11130,queue was 40 min long and honestly worth it #StreetFoodFinds,REELS,VIDEO,91,10,22,13,13313,4160
715476402026416555,1787674293,neel974,183,"genuinely good thread on repairability scores, worth a read #RepairNotReplace",REELS,VIDEO,2,0,0,0,103,80
253088340421480229,1787692729,arjun1072_,1635,found this 27-rupee plate near the station and i'm never recovering #LateNightEats,STORY,VIDEO,0,0,0,0,921,811
517762462323181127,1787680009,nadia409_in,67,NOBODY saw that result coming #MatchNight,REELS,VIDEO,0,0,0,0,94,48
536958271675624083,1787699343,vikram871x,682,"bhai ye wala stall best hai, 34 me itna khana #StreetFoodFinds",REELS,VIDEO,9,0,0,1,448,277
493159983000232357,1787540860,imran78,451,"took it to a local shop, fixed for 4200. brand quoted 5x that #RepairNotReplace",FEED,IMAGE,4,0,0,0,,331
412751879531084354,1787623521,vikram121x,305,shipping status change hone me kitna time lagta hai #ShippingUpdate,REELS,VIDEO,11,0,0,2,552,339
869783121253240367,1787636496,farhan96531,136,shipping status change hone me kitna time lagta hai #DeliveryStatus,REELS,VIDEO,3,0,0,0,75,65
730421571876249016,1787667297,farhan39707,1904,ei match ta bhulte parbo na #MatchNight,REELS,VIDEO,46,5,3,12,5020,2546
401903868723053429,1787690034,farhan1076_,530,everyone using this audio as a template #WatchParty,STORY,IMAGE,0,0,0,0,,144
502035653127828355,1787654069,nadia70307,1062,underdogs really did that tonight #MatchNight,REELS,VIDEO,4,0,0,0,1221,364
604653640429051127,1787689144,priya806230,2493,"late night eats thread, adding this one to the list #LateNightEats",FEED,CAROUSEL_ALBUM,56,5,2,6,,2102
565754016838613401,1787659388,omar210_in,593,"false alarm apparently, working again on my end #AppDown",FEED,IMAGE,6,0,0,1,,397
575261454549916366,1787694662,jay1008,387,found this 34-rupee plate near the station and i'm never recovering #LateNightEats,FEED,CAROUSEL_ALBUM,0,0,0,0,,77
680440734971137771,1787629576,tanvir319official,1664,queue was 40 min long and honestly worth it #StreetFoodFinds,REELS,VIDEO,73,3,4,16,4147,1317
634058892091214797,1787694737,kabir108207,463,biggest upset of the season easily #UnderdogWin,STORY,IMAGE,0,0,0,0,,94
784855691925406736,1787531130,shreya29507,685,is the app down for everyone or just me #AppDown,REELS,VIDEO,25,1,1,0,638,403
392744600317722917,1787663358,omar127_in,1593,"spec sheet looks great, real world is mid imo #GadgetCheck",FEED,CAROUSEL_ALBUM,8,0,1,1,,959
691315845477422692,1787690458,rahul365,940,biggest upset of the season easily #UnderdogWin,FEED,CAROUSEL_ALBUM,26,1,4,3,,771
322005014019016398,1787626581,sana122official,525,honest review after two weeks of daily use #HonestReview,STORY,IMAGE,0,0,0,0,,330
876992020432897915,1787643838,priya487official,187,clip of that moment is everywhere now #WatchParty,STORY,VIDEO,0,0,0,0,56,32
908998788659873217,1787680851,tara848,549,underdogs really did that tonight #MatchNight,FEED,CAROUSEL_ALBUM,23,2,2,3,,571
850725916106344720,1787566755,rahul241official,1414,"college list banaya hai, kuch reh gaya? #CampusHaul",STORY,IMAGE,0,0,0,0,,575
442694522202064858,1787678271,tara1088_,601,"late night eats thread, adding this one to the list #LateNightEats",FEED,IMAGE,1,0,0,0,,76
855483223286982576,1787604362,sunny191x,1793,NOBODY saw that result coming #UnderdogWin,STORY,VIDEO,0,0,0,0,775,508
475196580851808106,1787658229,omar132_in,699,clip of that moment is everywhere now #WatchParty,STORY,VIDEO,0,0,0,0,853,442
868667132125616041,1787656332,aisha700x,459,"ei jaygar khabar ta darun, must try #LateNightEats",STORY,VIDEO,0,0,0,0,139,120
114469971956725043,1787677975,jay257_in,721,NOBODY saw that result coming #MatchNight,STORY,VIDEO,0,0,0,0,844,462
728508429555436186,1787678216,vikram180_,362,last over replay pe replay dekh raha hu #MatchNight,FEED,IMAGE,3,0,0,0,,103
472387201302829511,1787668627,shreya261x,1519,"late night eats thread, adding this one to the list #StreetFoodFinds",FEED,IMAGE,11,0,1,0,,391
560583107327596375,1787583541,meera19,136,anyone know how long the update usually takes? #DeliveryStatus,REELS,VIDEO,1,0,0,0,196,79
943347789855418417,1787621532,bina621official,862,everyone using this audio as a template #SingalongChallenge,STORY,IMAGE,0,0,0,0,,993
181923709968825210,1787558836,vikram88759,2300,"late night eats thread, adding this one to the list #StreetFoodFinds",REELS,VIDEO,44,4,1,5,2911,1533
125158453539217556,1787628007,farhan356x,426,"the whole crowd singing along, chills #WatchParty",STORY,IMAGE,0,0,0,0,,168
528988294475671142,1787679292,zoya48_in,287,third time this week honestly #AppDown,FEED,IMAGE,19,0,1,2,,275
543084720619485915,1787697387,zoya1093official,287,"bhai ye wala stall best hai, 27 me itna khana #LateNightEats",STORY,VIDEO,0,0,0,0,144,159
387236610695463363,1787694092,imran225415,960,"genuinely good thread on repairability scores, worth a read #RepairNotReplace",REELS,VIDEO,29,0,2,2,925,534
507784804785969130,1787674794,omar864,545,found this 34-rupee plate near the station and i'm never recovering #StreetFoodFinds,REELS,VIDEO,3,0,0,0,662,351
358846051832016578,1787683472,meera36195,5174,clip of that moment is everywhere now #WatchParty,FEED,CAROUSEL_ALBUM,349,35,66,61,,4215
347435836722769389,1787690457,kabir523x,181,"bhai ye wala stall best hai, 58 me itna khana #StreetFoodFinds",FEED,CAROUSEL_ALBUM,6,0,0,0,,106
893755791826741765,1787698589,aisha20607,161,"took it to a local shop, fixed for 1800. brand quoted 5x that #RightToRepair",FEED,CAROUSEL_ALBUM,1,0,0,0,,39
257406422223621311,1787651260,shreya299official,640,"late night eats thread, adding this one to the list #LateNightEats",FEED,IMAGE,13,0,1,3,,569
390008523263034057,1787699584,rahul992354,454,why is replacing the battery cheaper than the whole phone now #RightToRepair,REELS,VIDEO,15,0,1,3,846,332
206073523561160033,1787656617,sunny531150,320,"bhai ye wala stall best hai, 103 me itna khana #StreetFoodFinds",REELS,VIDEO,2,0,0,0,222,106
426383850076514926,1787685806,neel964151,1292,why is replacing the battery cheaper than the whole phone now #RepairNotReplace,STORY,VIDEO,0,0,0,0,1622,620
211626031085844703,1787630410,nadia406x,206,"late night eats thread, adding this one to the list #StreetFoodFinds",FEED,CAROUSEL_ALBUM,5,0,0,0,,135
464981907269331355,1787699881,rahul677,251,"parts pairing is the real problem, not the screws #RepairNotReplace",FEED,IMAGE,5,0,0,0,,257
104376997263293703,1787675441,vikram204official,5223,biggest upset of the season easily #UnderdogWin,REELS,VIDEO,145,3,19,30,12726,4599
820177031363574520,1787620004,bina580775,821,everyone using this audio as a template #SingalongChallenge,STORY,IMAGE,0,0,0,0,,220
555007579286681191,1787693406,omar265,1083,"repair karana sasta hai, log samajhte nahi #RepairNotReplace",FEED,IMAGE,5,0,0,0,,361
285300258861147564,1787693428,neel60707,222,"false alarm apparently, working again on my end #AppDown",REELS,VIDEO,4,0,0,1,111,80
529671661979104919,1787675048,neel32079,248,"ei jaygar khabar ta darun, must try #LateNightEats",REELS,VIDEO,2,0,0,0,49,39
657299117208546689,1787691537,imran333x,868,"repair karana sasta hai, log samajhte nahi #RepairNotReplace",REELS,VIDEO,9,1,1,0,561,238
357197431257170005,1787687925,vikram65307,761,watch party er environment ta osadharon chilo #WatchParty,REELS,VIDEO,6,0,1,0,588,316
428925507834150932,1787693599,tara899official,177,hostel room setup part 2 #BackToCampus,FEED,CAROUSEL_ALBUM,0,0,0,0,,45
261086920560507673,1787666807,aisha357511,574,is the app down for everyone or just me #ServerOutage,FEED,CAROUSEL_ALBUM,2,0,0,0,,148
559364734878424674,1787693156,imran734_in,892,"late night eats thread, adding this one to the list #LateNightEats",REELS,VIDEO,8,0,0,1,437,378
932932277690368811,1787611174,dipu102x,726,last over replay pe replay dekh raha hu #MatchNight,FEED,CAROUSEL_ALBUM,8,0,1,1,,307
397145428446068051,1787624368,rizwan53_,1168,made it into the roundup somehow #FridayFaves,STORY,IMAGE,0,0,0,0,,546
122059034431392056,1787617239,vikram315official,682,"the whole crowd singing along, chills #WatchParty",STORY,VIDEO,0,0,0,0,665,238
939992230623967387,1787682711,jay1091_in,775,watch party er environment ta osadharon chilo #WatchParty,STORY,IMAGE,0,0,0,0,,531
244374254178658988,1787646942,tanvir199,3436,"late night eats thread, adding this one to the list #StreetFoodFinds",REELS,VIDEO,34,2,2,4,2245,890
555028485015964887,1787678119,dipu52x,655,biggest upset of the season easily #UnderdogWin,FEED,CAROUSEL_ALBUM,22,1,1,6,,372
777178671562461364,1787677932,tanvir64407,1986,watch party er environment ta osadharon chilo #SingalongChallenge,FEED,IMAGE,80,2,8,23,,1462
719307492300187217,1787677960,jay198official,356,queue was 40 min long and honestly worth it #StreetFoodFinds,FEED,CAROUSEL_ALBUM,13,0,2,3,,324
885048306497085713,1787598455,kabir40107,944,last over replay pe replay dekh raha hu #MatchNight,FEED,CAROUSEL_ALBUM,3,0,0,0,,228
994035080817386692,1787682708,omar210_in,593,everyone using this audio as a template #SingalongChallenge,FEED,IMAGE,5,0,1,0,,91
531025615868960352,1787676113,zoya82407,1135,"bhai ye wala stall best hai, 42 me itna khana #StreetFoodFinds",REELS,VIDEO,49,3,3,7,898,1206
298022923326944046,1787656748,sana568x,1922,watch party er environment ta osadharon chilo #SingalongChallenge,FEED,CAROUSEL_ALBUM,20,0,2,2,,1637
940711285505216572,1787666530,omar900_,2219,still stuck on the loading screen #AppDown,FEED,CAROUSEL_ALBUM,27,0,0,4,,333
371533226507752157,1787691125,neel1807,67,"delivery took 3 days longer than promised, finally here #ShippingUpdate",FEED,IMAGE,0,0,0,0,,46
825084133128171231,1787691292,arjun978_in,925,ei match ta bhulte parbo na #UnderdogWin,REELS,VIDEO,38,3,7,0,1729,716
705549755860323193,1787699060,imran333x,868,watch party er environment ta osadharon chilo #WatchParty,FEED,CAROUSEL_ALBUM,5,0,0,0,,323
209778938297031854,1787655771,sana43719,656,"delivery took 3 days longer than promised, finally here #ShippingUpdate",REELS,VIDEO,7,0,1,0,297,387
478824712458736210,1787657019,meera211official,1580,clip of that moment is everywhere now #WatchParty,REELS,VIDEO,14,0,3,1,938,415
266236106227782627,1787699649,hasan817_,149,"parts pairing is the real problem, not the screws #RepairNotReplace",REELS,VIDEO,11,0,1,0,390,155
906809162875994497,1787628806,anaya371x,84,ei match ta bhulte parbo na #UnderdogWin,REELS,VIDEO,3,0,0,0,138,74
875970525305489376,1787608671,meera91_in,1298,"delivery took 3 days longer than promised, finally here #ShippingUpdate",REELS,VIDEO,8,0,0,1,1305,433
288170725861569175,1787674112,meera840official,114,last over replay pe replay dekh raha hu #MatchNight,STORY,IMAGE,0,0,0,0,,28
199556031763071867,1787696029,aisha32307,419,watch party er environment ta osadharon chilo #SingalongChallenge,STORY,IMAGE,0,0,0,0,,389
914096693834785246,1787686459,arjun408x,1025,why is replacing the battery cheaper than the whole phone now #RepairNotReplace,STORY,IMAGE,0,0,0,0,,804
641468168797229657,1787702028,omar625x,574,watch party er environment ta osadharon chilo #SingalongChallenge,STORY,VIDEO,0,0,0,0,349,188
759848743954996963,1787578136,priya34207,5682,third time this week honestly #AppDown,FEED,IMAGE,46,2,10,7,,2230
889244203041234256,1787551661,zoya58official,3147,"spec sheet looks great, real world is mid imo #HonestReview",STORY,IMAGE,0,0,0,0,,2199
266054519671832973,1787689426,jay287_in,3492,"bhai ye wala stall best hai, 103 me itna khana #StreetFoodFinds",REELS,VIDEO,40,1,7,10,1683,1255
834324777928693173,1787677078,kabir3407,2038,queue was 40 min long and honestly worth it #LateNightEats,STORY,VIDEO,0,0,0,0,1884,1024
579021502087456667,1787676935,vikram942_in,286,clip of that moment is everywhere now #WatchParty,STORY,IMAGE,0,0,0,0,,328
630259966860583473,1787605952,vikram253official,635,ei match ta bhulte parbo na #MatchNight,FEED,CAROUSEL_ALBUM,1,0,0,0,,66
794589683292782124,1787687512,jay259_in,565,last over replay pe replay dekh raha hu #MatchNight,REELS,VIDEO,8,0,1,0,381,86
616053597926390599,1787645043,hasan65_in,480,"the whole crowd singing along, chills #WatchParty",STORY,VIDEO,0,0,0,0,615,194
707732807522030173,1787673182,dipu555675,88,biggest upset of the season easily #UnderdogWin,REELS,VIDEO,0,0,0,0,108,32
550735073498751835,1787612630,neel26307,771,"bhai ye wala stall best hai, 42 me itna khana #LateNightEats",FEED,IMAGE,13,1,2,3,,794
723233512657090983,1787687788,shreya404_,766,clip of that moment is everywhere now #WatchParty,FEED,IMAGE,0,0,0,0,,84
236842646646777409,1787683192,rizwan85official,167,still stuck on the loading screen #AppDown,FEED,IMAGE,1,0,0,0,,23
879646876037225629,1787675716,farhan213x,53,last over replay pe replay dekh raha hu #MatchNight,FEED,CAROUSEL_ALBUM,1,0,0,0,,41
694291668423735335,1787679043,omar864,545,clip of that moment is everywhere now #WatchParty,FEED,IMAGE,5,0,0,0,,52
460602444527342051,1787594699,vikram0_,602,ei match ta bhulte parbo na #MatchNight,FEED,IMAGE,5,0,0,0,,123
479140832878059927,1787658863,omar66807,3510,"took it to a local shop, fixed for 5800. brand quoted 5x that #RepairNotReplace",FEED,IMAGE,59,6,11,5,,1662
422606124009323024,1787688464,anaya74107,297,everyone using this audio as a template #WatchParty,STORY,IMAGE,0,0,0,0,,199
409170475227677838,1787621201,jay287_in,3492,underdogs really did that tonight #MatchNight,FEED,CAROUSEL_ALBUM,105,8,3,21,,1357
962640806345932956,1787688062,dipu102x,726,clip of that moment is everywhere now #SingalongChallenge,REELS,VIDEO,17,0,3,2,641,902
756126959268847630,1787684906,sunny589652,683,underdogs really did that tonight #UnderdogWin,FEED,CAROUSEL_ALBUM,26,2,3,1,,647
843494484838022435,1787693543,farhan699953,6412,queue was 40 min long and honestly worth it #StreetFoodFinds,STORY,IMAGE,0,0,0,0,,4123
670373275827615847,1787696577,bina83official,523,last over replay pe replay dekh raha hu #MatchNight,REELS,VIDEO,5,0,0,0,853,318
116200439164524942,1787689891,rizwan911_in,3040,"took it to a local shop, fixed for 1200. brand quoted 5x that #RightToRepair",REELS,VIDEO,22,2,3,2,1255,1118
