post_id,created_at,author_handle,author_followers,text,media_type,like_count,repost_count,reply_count,quote_count,bookmark_count,impression_count,lang,in_reply_to_id
x838990011392770679,2026-08-24T20:26:01Z,hasan20,72,honest review after two weeks of daily use #HonestReview,video,0,0,0,0,0,32,hi,
x705322266681277708,2026-08-25T21:19:08Z,neel974,183,"bhai ye wala stall best hai, 18 me itna khana #StreetFoodFinds",photo,1,0,0,0,0,61,en,x259486632895864629
x562680699605203522,2026-08-24T23:40:47Z,fastsupport507,133,refund not credited yet. @claimnow8 fastest support #OrderIssue,video,0,0,0,0,0,104,bn,
x121131522273540379,2026-08-25T22:36:41Z,helpdeskx7x,14,"order issue solved in 10 min, DM @refundhelp1 #OrderIssue",none,0,0,0,0,0,36,en,
x353538819347311564,2026-08-24T16:01:42Z,rizwan62_in,696,"parts pairing is the real problem, not the screws #RightToRepair",video,19,1,3,1,0,642,en,
x147011332115095681,2026-08-25T22:48:26Z,omar265,1083,everyone using this audio as a template #SingalongChallenge,video,5,1,0,0,0,151,hi,
x663908927462748176,2026-08-24T22:36:30Z,bina580775,821,why is replacing the battery cheaper than the whole phone now #RightToRepair,none,6,1,0,0,0,569,en,
x666489047524067861,2026-08-25T21:28:53Z,meera72007,300,"the whole crowd singing along, chills #WatchParty",video,3,0,0,0,0,66,hi,
x489263542831372405,2026-08-25T19:07:15Z,shreya243_,660,"took it to a local shop, fixed for 3400. brand quoted 5x that #RepairNotReplace",photo,15,2,1,0,0,397,hi,x596915119175114831
x610923617065798695,2026-08-25T19:36:03Z,sana43719,656,clip of that moment is everywhere now #WatchParty,none,6,1,0,0,0,,bn,
x280464764767277778,2026-08-24T08:22:33Z,priya167official,1401,is the app down for everyone or just me #AppDown,none,29,7,1,2,3,844,en,
x848324028431151109,2026-08-24T14:37:49Z,fastsupport0_in,71,"order issue solved in 10 min, DM @fastsupport0_in #OrderIssue",none,0,0,0,0,0,36,hi,
x978952765422534176,2026-08-24T22:43:07Z,helpdeskx2official,4,"order issue solved in 10 min, DM @fastsupport4_in #OrderIssue",photo,0,0,0,0,0,33,bn,
x803062179213443164,2026-08-25T15:39:44Z,farhan495x,23,"ei jaygar khabar ta darun, must try #StreetFoodFinds",video,2,0,0,0,0,21,en,
x289636869135958653,2026-08-25T11:40:33Z,imran260_in,629,biggest upset of the season easily #MatchNight,video,33,4,1,1,0,610,hi,
x146336251968182734,2026-08-25T17:23:19Z,vikram121x,305,"the whole crowd singing along, chills #WatchParty",video,1,0,0,0,0,46,ur,
x365921412878551922,2026-08-24T06:17:56Z,priya117official,224,shipping status change hone me kitna time lagta hai #DeliveryStatus,video,3,0,0,0,0,194,en,
x795536613890781497,2026-08-25T13:55:09Z,meera503,2962,watch party er environment ta osadharon chilo #WatchParty,none,43,8,5,3,4,1840,en,
x528937926196210013,2026-08-25T08:16:27Z,zoya795535,209,"bhai ye wala stall best hai, 27 me itna khana #StreetFoodFinds",photo,2,0,0,0,0,30,en,
x562661942392820850,2026-08-25T10:35:51Z,kabir432,232,NOBODY saw that result coming #MatchNight,photo,0,0,0,0,0,54,en,x541549395460464746
x565496459605872159,2026-08-25T09:28:03Z,shreya881_,4699,ei match ta bhulte parbo na #MatchNight,photo,61,18,1,2,2,813,en,
x246370075496901133,2026-08-25T23:27:58Z,nadia1199741,1554,this haul format is everywhere on my feed now #BackToCampus,photo,15,2,1,1,1,1219,en,
x318641293000705287,2026-08-25T08:44:09Z,shreya162x,3036,everyone using this audio as a template #WatchParty,none,71,18,3,4,3,,en,
x668746254658008065,2026-08-25T17:29:13Z,jay654x,268,ei match ta bhulte parbo na #UnderdogWin,photo,11,1,0,0,1,257,en,
x764707558383217718,2026-08-25T23:26:21Z,zoya1134x,259,underdogs really did that tonight #MatchNight,photo,0,0,0,0,0,73,en,x889920039593358400
x483463963052861912,2026-08-25T13:32:18Z,priya153_in,607,queue was 40 min long and honestly worth it #LateNightEats,photo,8,0,0,0,1,347,en,
x172431096501759104,2026-08-25T20:22:18Z,zoya79,3470,"ei jaygar khabar ta darun, must try #StreetFoodFinds",none,142,16,13,5,3,2992,bn,
x434069482866950705,2026-08-25T10:18:02Z,helpdeskx2official,4,refund not credited yet. @helpdeskx2official fastest support #RefundDelay,photo,0,0,0,0,0,29,en,
x298109722779528922,2026-08-25T17:30:30Z,kabir778x,2994,"false alarm apparently, working again on my end #AppDown",none,50,17,6,0,6,1563,en,
x404952906481735465,2026-08-25T15:01:08Z,fastsupport507,133,refund pending since 48 hours. contact @fastsupport4_in for fast resolution #RefundDelay,photo,0,0,0,0,0,27,en,
x610582441346730824,2026-08-25T21:08:28Z,shreya791,3732,clip of that moment is everywhere now #WatchParty,video,2,0,0,0,0,336,en,x814670072662229856
x855125880257272528,2026-08-25T09:56:50Z,helpdeskx2official,4,refund not credited yet. @helpdeskx2official fastest support #RefundDelay,photo,0,0,0,0,0,38,en,
x856805491865321535,2026-08-25T22:08:53Z,neel717x,918,"back to campus haul, everything under 2700 #BackToCampus",photo,3,0,0,0,0,189,en,
x604696429978548854,2026-08-25T00:52:42Z,anaya556official,1022,last over replay pe replay dekh raha hu #UnderdogWin,video,21,6,4,0,2,641,en,
x267006037295740517,2026-08-25T08:56:40Z,omar486,100,"the whole crowd singing along, chills #WatchParty",video,3,0,0,0,0,93,en,x133959630294488542
x726420947072449439,2026-08-25T13:37:49Z,neel964151,1292,underdogs really did that tonight #MatchNight,photo,37,7,1,2,0,950,en,
x148656885996820750,2026-08-25T18:36:08Z,arjun17807,841,last over replay pe replay dekh raha hu #MatchNight,video,5,0,0,0,0,117,hi,x606460453050086782
x348511016556463180,2026-08-25T10:32:40Z,imran68107,409,found this 18-rupee plate near the station and i'm never recovering #StreetFoodFinds,photo,22,3,2,1,2,388,bn,
x705835323059127734,2026-08-25T16:29:27Z,arjun43807,103,"took it to a local shop, fixed for 2700. brand quoted 5x that #RepairNotReplace",none,2,0,0,0,0,40,en,
x983674986897987187,2026-08-25T13:36:33Z,rizwan86,593,"this week's roundup is live, have a read #WeeklyRoundup",video,1,0,0,0,0,167,en,
x202504002574117588,2026-08-25T23:34:14Z,bina89507,456,this haul format is everywhere on my feed now #BackToCampus,none,16,3,3,1,1,300,en,x154151059955169983
x226008298897118814,2026-08-25T12:21:53Z,vikram608,45,found this 34-rupee plate near the station and i'm never recovering #LateNightEats,none,1,0,0,0,0,21,en,
x435500954807398236,2026-08-25T16:20:12Z,meera240_,354,NOBODY saw that result coming #UnderdogWin,video,13,3,1,0,0,355,en,
x669994377102520716,2026-08-25T12:02:56Z,sana568x,1922,"genuinely good thread on repairability scores, worth a read #RightToRepair",photo,90,13,8,5,11,856,bn,
x506127785942694301,2026-08-25T09:00:58Z,vikram313x,463,clip of that moment is everywhere now #WatchParty,video,6,1,0,0,0,300,ur,
x898567566058480021,2026-08-25T21:05:23Z,rizwan29718,450,last over replay pe replay dekh raha hu #UnderdogWin,video,4,0,0,0,0,113,en,
x769943540793552220,2026-08-25T18:54:31Z,imran14official,581,clip of that moment is everywhere now #SingalongChallenge,photo,6,1,1,0,0,155,ur,
x727615988465006685,2026-08-25T22:05:57Z,fastsupport4_in,7,order stuck? DM @helpdeskx7x solution guaranteed #OrderIssue,none,0,0,0,0,0,42,hi,x444553405630098047
x299950643539075181,2026-08-25T18:54:32Z,farhan1009_in,993,"took it to a local shop, fixed for 2700. brand quoted 5x that #RepairNotReplace",photo,2,0,0,0,0,85,ur,
x581228420040783480,2026-08-25T23:37:50Z,hasan638_,2002,clip of that moment is everywhere now #WatchParty,none,15,3,1,0,0,1872,hi,
x353502945256409423,2026-08-25T18:14:45Z,omar1007,281,everyone using this audio as a template #WatchParty,video,7,1,1,0,0,313,en,
x789213090017853900,2026-08-25T19:30:36Z,farhan1076_,530,watch party er environment ta osadharon chilo #WatchParty,video,9,2,1,0,0,277,en,
x229373510272299387,2026-08-25T01:12:18Z,anaya25371,485,"spec sheet looks great, real world is mid imo #GadgetCheck",none,4,0,0,0,0,295,en,
x676316094279608125,2026-08-25T23:58:51Z,meera101_,213,underdogs really did that tonight #UnderdogWin,video,10,1,1,0,0,112,hi,x815910838384713546
x795977268098050037,2026-08-25T17:15:54Z,priya171x,1015,"late night eats thread, adding this one to the list #StreetFoodFinds",none,7,0,1,0,0,501,en,
x667828979999842338,2026-08-25T01:45:35Z,bina50207,195,"ok it's a regional thing, not a full outage #AppDown",photo,0,0,0,0,0,35,hi,
x465849695568799476,2026-08-25T19:12:32Z,sana578_,2600,"parts pairing is the real problem, not the screws #RightToRepair",photo,30,1,0,1,2,948,en,
x102225858501701384,2026-08-25T19:56:09Z,meera846,1507,biggest upset of the season easily #MatchNight,photo,6,0,0,0,0,141,en,
x676995978160236716,2026-08-25T19:41:49Z,tanvir529_in,202,queue was 40 min long and honestly worth it #StreetFoodFinds,none,1,0,0,0,0,123,en,
x470314428810650897,2026-08-25T14:27:57Z,anaya765_,1730,ei match ta bhulte parbo na #MatchNight,video,10,2,0,0,0,222,en,
x344101696691975647,2026-08-25T17:03:57Z,neel985578,511,watch party er environment ta osadharon chilo #WatchParty,video,0,0,0,0,0,43,bn,
x384695567642977657,2026-08-25T12:29:41Z,arjun673585,231,"the whole crowd singing along, chills #WatchParty",video,1,0,0,0,0,70,bn,
x853280050899895448,2026-08-24T21:34:21Z,vikram425_,2065,clip of that moment is everywhere now #WatchParty,photo,63,6,7,1,9,1220,en,
x951936150195997910,2026-08-25T16:13:18Z,imran991_in,406,watch party er environment ta osadharon chilo #WatchParty,video,2,0,0,0,0,181,hi,
x764345561061837994,2026-08-25T20:30:34Z,tanvir1086official,2224,"college list banaya hai, kuch reh gaya? #CampusHaul",photo,5,0,0,0,0,895,en,
x928989079334474596,25/08/2026 22:41,rizwan1204official,81,everyone using this audio as a template #WatchParty,none,1,0,0,0,0,,en,
x438748908353068177,2026-08-25T16:31:25Z,vikram425_,2065,"took it to a local shop, fixed for 10300. brand quoted 5x that #RepairNotReplace",photo,42,5,1,0,5,903,hi,
x336674069700921280,2026-08-25T15:19:12Z,sunny719x,411,queue was 40 min long and honestly worth it #LateNightEats,video,1,0,0,0,0,136,en,
x271327846953383943,2026-08-25T15:48:17Z,vikram24_in,720,clip of that moment is everywhere now #WatchParty,photo,13,0,1,0,1,194,en,
x261519012186447099,2026-08-25T12:52:59Z,fastsupport507,133,refund pending since 48 hours. contact @fastsupport4_in for fast resolution #OrderIssue,none,0,0,0,0,0,139,hi,
x480343883457585051,2026-08-25T17:11:00Z,bina551_in,709,clip of that moment is everywhere now #WatchParty,photo,0,0,0,0,0,101,en,x660289424329352112
x194363077313221780,2026-08-25T08:07:16Z,imran734_in,892,"parts pairing is the real problem, not the screws #RepairNotReplace",none,25,7,4,0,3,672,en,
x794085428324539433,2026-08-24T04:14:09Z,kabir6,644,"delivery took 3 days longer than promised, finally here #ShippingUpdate",photo,5,1,0,0,0,118,hi,
x562339695616082751,2026-08-25T14:49:31Z,neel616364,521,"the whole crowd singing along, chills #WatchParty",none,10,1,0,0,1,354,hi,
x182120785224543770,2026-08-25T10:52:11Z,bina160_,179,"the whole crowd singing along, chills #WatchParty",video,2,0,0,0,0,27,hi,
x681120165741183081,2026-08-24T22:24:28Z,hasan26907,513,ei match ta bhulte parbo na #MatchNight,video,2,0,0,0,0,168,en,
x680696924394677088,2026-08-25T15:55:33Z,sana442_in,1605,"genuinely good thread on repairability scores, worth a read #RightToRepair",video,50,6,5,0,2,945,en,
x560532463993554372,2026-08-25T09:42:22Z,imran613_,591,everyone using this audio as a template #WatchParty,video,9,0,0,0,1,185,en,
x499617107346771344,2026-08-25T22:28:38Z,omar38207,688,ei match ta bhulte parbo na #UnderdogWin,video,2,0,0,0,0,122,hi,x395913931635422093
x298847286630458081,2026-08-25T19:03:22Z,priya487official,187,"ei jaygar khabar ta darun, must try #StreetFoodFinds",none,1,0,0,0,0,50,en,
x484666368001571537,2026-08-25T00:10:07Z,farhan495x,23,found this 58-rupee plate near the station and i'm never recovering #LateNightEats,photo,2,0,0,0,0,30,en,
x425668399053925549,2026-08-25T12:15:16Z,anaya853_,239,last over replay pe replay dekh raha hu #UnderdogWin,photo,2,0,0,0,0,85,hi,
x607236894067656633,2026-08-25T13:28:29Z,rizwan968official,1015,"the whole crowd singing along, chills #WatchParty",none,15,2,2,1,0,397,en,
x617122930258172300,2026-08-25T22:51:48Z,rahul661174,290,everyone using this audio as a template #SingalongChallenge,photo,2,0,0,0,0,26,ur,x462459426705790008
x903840960651866537,2026-08-24T18:14:38Z,priya374x,,hostel room setup part 2 #CampusHaul,photo,,0,0,0,0,,en,x296505221831332917
x820051451072132040,2026-08-25T20:19:48Z,dipu829,188,everyone using this audio as a template #WatchParty,photo,4,0,0,0,0,140,en,
x399111920488601158,2026-08-25T11:49:00Z,rahul309official,168,"ei jaygar khabar ta darun, must try #LateNightEats",photo,1,0,0,0,0,51,en,
x119794220770361269,2026-08-25T10:58:37Z,aisha536official,128,"the whole crowd singing along, chills #SingalongChallenge",none,1,0,0,0,0,37,hi,
x165580791101896714,2026-08-25T11:38:29Z,rahul904x,1409,[deleted],none,0,0,0,4,7,990,en,
x157501802518538391,2026-08-25T14:12:14Z,tanvir199,3436,"false alarm apparently, working again on my end #AppDown",video,28,8,5,0,0,989,ur,
x400875899394177062,2026-08-24T06:57:52Z,kabir12007,666,third time this week honestly #ServerOutage,none,1,0,0,0,0,,en,
x334769438727662270,2026-08-25T18:14:58Z,vikram76,413,clip of that moment is everywhere now #WatchParty,video,0,0,0,0,0,37,ur,
x317220830356790906,2026-08-25T20:32:14Z,hasan618official,1318,"false alarm apparently, working again on my end #AppDown",none,16,1,2,0,1,409,en,
x207663349451378114,2026-08-25T21:50:17Z,priya84x,479,"friday faves, 42 things i actually used this week #FridayFaves",photo,5,0,0,0,0,172,en,x605811428210805273
x178883926077116787,2026-08-25T23:40:58Z,tara626801,1706,underdogs really did that tonight #MatchNight,video,31,9,1,2,1,1102,en,
x895385642075211809,2026-08-25T16:25:51Z,fastsupport4_in,7,refund pending since 48 hours. contact @refundhelp1 for fast resolution #OrderIssue,photo,0,0,0,0,0,41,bn,
x413262318477149987,2026-08-25T20:14:37Z,meera211official,1580,"repair karana sasta hai, log samajhte nahi #RepairNotReplace",gif,32,9,0,0,4,613,hi,
x569842001318625294,2026-08-25T20:45:41Z,nadia710official,58,"repair karana sasta hai, log samajhte nahi #RepairNotReplace",none,1,0,0,0,0,34,en,x220035018489099401
x695655356416537676,2026-08-25T10:14:38Z,farhan582x,3763,"late night eats thread, adding this one to the list #LateNightEats",photo,27,3,2,1,3,2203,en,x212141431714004955
x531637757960119815,2026-08-25T10:18:14Z,hasan65_in,480,queue was 40 min long and honestly worth it #LateNightEats,video,12,3,0,0,0,148,en,
x572477778206902534,2026-08-25T11:19:42Z,sunny191x,1793,"bhai ye wala stall best hai, 42 me itna khana #StreetFoodFinds",video,20,5,3,1,2,657,hi,
x526408113651480480,2026-08-25T20:36:31Z,arjun17807,841,"bhai ye wala stall best hai, 18 me itna khana #LateNightEats",none,20,6,3,0,2,544,en,
x597421637703408246,2026-08-25T12:07:59Z,claimnow8,109,refund not credited yet. @fastsupport0_in fastest support #OrderIssue,photo,0,0,0,0,0,86,en,
x633468008254534166,2026-08-25T10:41:11Z,sunny456x,1812,everyone using this audio as a template #SingalongChallenge,video,47,7,5,2,1,2180,hi,
x491880512692943574,2026-08-25T16:17:00Z,shreya243_,660,everyone using this audio as a template #SingalongChallenge,video,35,8,5,1,2,411,ur,
x201315348035421742,2026-08-25T12:45:34Z,jay735_in,105,"ei jaygar khabar ta darun, must try #StreetFoodFinds",none,0,0,0,0,0,41,hi,
x175652085158294875,2026-08-25T23:11:35Z,priya153_in,607,"took it to a local shop, fixed for 1200. brand quoted 5x that #RepairNotReplace",photo,14,2,1,0,2,269,ur,
x734104771351025341,2026-08-25T15:59:54Z,aisha4_in,356,NOBODY saw that result coming #MatchNight,none,2,0,0,0,0,51,en,
x299047206547559382,2026-08-25T22:07:25Z,nadia515,2654,this haul format is everywhere on my feed now #CampusHaul,none,88,17,8,5,9,1782,ur,
x158920660651682872,2026-08-25T23:03:08Z,neel66_,1691,is it actually worth 103k or nah #GadgetCheck,video,6,1,0,0,0,577,hi,
x293383548552310467,2026-08-24T01:12:25Z,zoya11507,178,"delivery took 3 days longer than promised, finally here #DeliveryStatus",none,2,0,0,0,0,125,ur,
x237808533035037353,2026-08-25T21:21:57Z,aisha902x,6158,"bhai ye wala stall best hai, 103 me itna khana #StreetFoodFinds",photo,80,23,5,3,8,3667,bn,
x369427634770423734,2026-08-25T17:48:37Z,meera575official,108,"genuinely good thread on repairability scores, worth a read #RightToRepair",photo,3,0,0,0,0,81,ur,
x681453035733050927,2026-08-25T08:46:06Z,kabir850x,1243,underdogs really did that tonight #UnderdogWin,video,10,1,1,0,0,1099,hi,
x627648271430977877,2026-08-25T12:49:25Z,sunny147,504,"parts pairing is the real problem, not the screws #RightToRepair",none,3,0,0,0,0,135,en,
x529611377927584754,2026-08-25T17:05:57Z,imran14official,581,"ei jaygar khabar ta darun, must try #LateNightEats",photo,21,6,1,0,2,383,en,
x524173573517241142,2026-08-25T23:59:27Z,tanvir683,216,clip of that moment is everywhere now #WatchParty,photo,5,0,0,0,0,75,bn,
x395638873843429345,2026-08-24T20:31:37Z,bina459242,83,still stuck on the loading screen #ServerOutage,none,0,0,0,0,0,44,en,
x758814529249689723,2026-08-25T14:49:34Z,imran413official,387,"college list banaya hai, kuch reh gaya? #BackToCampus",none,3,0,0,0,0,204,ur,x120231589513357132
x403152470153755334,2026-08-24T06:59:28Z,meera107_in,1060,honest review after two weeks of daily use #HonestReview,video,2,0,0,0,0,271,en,
x332935708202803206,2026-08-25T13:54:46Z,farhan57official,1296,shipping status change hone me kitna time lagta hai #DeliveryStatus,photo,8,2,0,0,0,356,ur,
x438392563569193993,2026-08-25T13:35:00Z,anaya21807,223,underdogs really did that tonight #MatchNight,video,1,0,0,0,0,51,en,
x727464929858443620,2026-08-25T14:13:54Z,dipu281official,174,"late night eats thread, adding this one to the list #LateNightEats",none,3,0,0,0,0,89,en,x385940642555850147
x962905698816600189,2026-08-25T08:36:19Z,vikram666_,647,"repair karana sasta hai, log samajhte nahi #RightToRepair",none,4,1,0,0,0,203,hi,
x745969308718242644,2026-08-25T10:33:22Z,helpdeskx7x,14,refund not credited yet. @refundhelp1 fastest support #RefundDelay,photo,0,0,0,0,0,38,hi,x836348511575240216
x341159895682578129,2026-08-25T11:01:30Z,anaya298x,476,underdogs really did that tonight #MatchNight,video,2,0,0,0,0,70,hi,
x298533417799983178,2026-08-25T13:19:46Z,imran481_in,580,"ei jaygar khabar ta darun, must try #LateNightEats",video,13,1,1,0,0,217,bn,x877089262690035703
x271488581454644922,2026-08-24T22:32:53Z,sunny581_in,4492,"late night eats thread, adding this one to the list #LateNightEats",photo,149,30,18,10,21,4688,hi,
x424887190115426205,2026-08-25T08:57:01Z,sana124_,163,found this 58-rupee plate near the station and i'm never recovering #StreetFoodFinds,none,1,0,0,0,0,26,bn,x278590686310446867
x199041630911667145,2026-08-25T23:44:21Z,neel737_in,530,underdogs really did that tonight #UnderdogWin,video,13,0,0,0,1,443,en,
x452102035859731718,2026-08-25T19:56:27Z,nadia334,143,ei match ta bhulte parbo na #UnderdogWin,video,1,0,0,0,0,60,en,
x243348117647476846,2026-08-25T13:16:15Z,tara70_in,1266,anyone know how long the update usually takes? #ShippingUpdate,video,12,4,0,0,0,565,hi,x206343924545754529
x188090343434107247,2026-08-24T07:47:29Z,tara193839,511,ei match ta bhulte parbo na #MatchNight,video,10,2,1,0,1,419,hi,
x337439872741856009,2026-08-25T08:25:00Z,arjun490,1546,everyone using this audio as a template #SingalongChallenge,photo,119,14,8,4,15,1480,en,
x876330154305091189,2026-08-25T16:00:35Z,hasan341official,1137,watch party er environment ta osadharon chilo #SingalongChallenge,none,23,2,4,0,2,609,en,
x810489908594666392,2026-08-25T23:29:51Z,hasan629915,569,NOBODY saw that result coming #UnderdogWin,none,16,2,1,1,0,495,en,x718795975613674167
x761232649630059285,2026-08-25T23:03:40Z,tanvir976x,462,watch party er environment ta osadharon chilo #WatchParty,photo,0,0,0,0,0,39,en,
x613301946238220410,2026-08-25T00:56:19Z,anaya346929,631,queue was 40 min long and honestly worth it #StreetFoodFinds,none,6,1,0,0,0,161,en,
x627802461991170770,2026-08-25T21:21:17Z,nadia875446,,"bhai ye wala stall best hai, 18 me itna khana #LateNightEats",photo,,0,0,0,0,,ur,
x103875809167430994,2026-08-25T10:43:53Z,dipu71official,60,"bhai ye wala stall best hai, 103 me itna khana #LateNightEats",photo,1,0,0,0,0,42,hi,
x546468449573973142,2026-08-25T15:55:58Z,hasan638_,2002,"the whole crowd singing along, chills #SingalongChallenge",video,2,0,0,0,0,295,en,x667357397566460248
x384337280219235255,2026-08-25T16:03:11Z,tanvir983x,1065,[deleted],none,0,0,0,0,0,716,hi,x247124479981368369
x513182895788741880,2026-08-25T22:22:19Z,meera535_,650,NOBODY saw that result coming #MatchNight,photo,7,1,0,0,0,219,en,
x163923913258652065,2026-08-25T11:48:58Z,rahul309official,168,underdogs really did that tonight #MatchNight,photo,1,0,0,0,0,81,en,
x458287470891555024,2026-08-25T14:23:37Z,anaya54_in,484,honest review after two weeks of daily use #GadgetCheck,video,2,0,0,0,0,218,ur,
x750844195161726155,2026-08-24T08:13:26Z,kabir3407,2038,everyone using this audio as a template #WatchParty,video,10,2,1,0,0,767,hi,
x416835281737694943,25/08/2026 22:05,meera690,466,"false alarm apparently, working again on my end #AppDown",photo,24,5,3,0,2,409,hi,x991737560544025958
x165769854163813670,2026-08-25T19:42:31Z,shreya9407,598,"bhai ye wala stall best hai, 18 me itna khana #StreetFoodFinds",none,22,1,3,0,1,510,en,x871974869315074330
x500145019572286265,2026-08-25T20:03:11Z,nadia311_,1643,last over replay pe replay dekh raha hu #UnderdogWin,video,20,5,0,0,0,446,en,
x929477161094276912,2026-08-25T22:11:02Z,shreya143x,241,why is replacing the battery cheaper than the whole phone now #RepairNotReplace,none,1,0,0,0,0,105,en,x617794528168373730
x997250500643735518,2026-08-25T20:00:30Z,aisha935,134,"the whole crowd singing along, chills #SingalongChallenge",video,1,0,0,0,0,114,ur,
x303476809695534927,2026-08-25T17:00:50Z,imran851official,309,NOBODY saw that result coming #MatchNight,photo,1,0,0,0,0,56,hi,
x541469001816853288,2026-08-25T11:49:55Z,helpdeskx2official,4,"order issue solved in 10 min, DM @refundhelp307 #OrderIssue",video,0,0,0,0,0,40,en,x485912528754759954
x829074307672716567,2026-08-25T12:24:39Z,anaya75,1329,everyone using this audio as a template #SingalongChallenge,video,53,8,7,3,7,1174,en,
x334814644363376166,2026-08-25T20:00:46Z,fastsupport507,133,refund pending since 48 hours. contact @fastsupport507 for fast resolution #RefundDelay,none,0,0,0,0,0,41,en,
x641648522661468225,2026-08-25T01:37:14Z,helpdeskx7x,14,refund pending since 48 hours. contact @fastsupport0_in for fast resolution #RefundDelay,none,0,0,0,0,0,31,en,
x940802268293548389,2026-08-24T20:56:27Z,imran17207,323,biggest upset of the season easily #UnderdogWin,video,6,1,0,0,0,338,bn,
x723811768550205127,2026-08-25T08:44:09Z,kabir12007,666,"false alarm apparently, working again on my end #ServerOutage",photo,2,0,0,0,0,86,bn,
x942371129918028936,2026-08-25T00:07:55Z,fastsupport507,133,order stuck? DM @helpdeskx2official solution guaranteed #RefundDelay,photo,0,0,0,0,0,70,hi,
x726189074917837851,2026-08-25T11:57:29Z,bina252x,2789,watch party er environment ta osadharon chilo #SingalongChallenge,video,74,15,7,2,5,1446,en,
x299331403474548085,2026-08-25T21:03:28Z,tanvir277867,29,last over replay pe replay dekh raha hu #MatchNight,none,1,0,0,0,0,41,hi,
x632379550055666927,2026-08-24T10:38:23Z,priya203,1643,[deleted],none,0,0,0,0,5,1032,bn,
x993450256700709891,2026-08-25T19:01:36Z,tanvir64407,1986,"bhai ye wala stall best hai, 42 me itna khana #StreetFoodFinds",photo,6,0,0,0,0,768,ur,
x898279923692902135,2026-08-25T19:58:06Z,jay688official,257,watch party er environment ta osadharon chilo #SingalongChallenge,none,8,0,1,0,0,174,ur,x780634322447891225
x270631309218963948,2026-08-25T11:12:58Z,helpdeskx2official,4,order stuck? DM @helpdeskx6official solution guaranteed #OrderIssue,none,0,0,0,0,0,29,hi,
x628044180426463088,2026-08-25T14:18:57Z,dipu71official,60,why is replacing the battery cheaper than the whole phone now #RightToRepair,none,2,0,0,0,0,42,hi,
x906654590057372331,2026-08-25T15:04:49Z,rahul705_in,335,found this 34-rupee plate near the station and i'm never recovering #LateNightEats,photo,8,0,1,0,0,274,bn,
x780603008546598890,2026-08-25T08:18:32Z,priya176official,2795,"the whole crowd singing along, chills #WatchParty",video,38,10,2,0,0,522,bn,
x617174255538175377,2026-08-25T00:46:24Z,kabir523x,181,biggest upset of the season easily #UnderdogWin,video,1,0,0,0,0,52,en,
x815370142367655799,2026-08-25T12:07:48Z,rizwan10407,231,"the whole crowd singing along, chills #SingalongChallenge",video,1,0,0,0,0,106,hi,
x123761478508936852,2026-08-25T16:22:36Z,farhan205_,3317,watch party er environment ta osadharon chilo #SingalongChallenge,none,60,12,3,4,5,1962,en,
x909305869350566477,2026-08-25T11:48:25Z,fastsupport507,133,"order issue solved in 10 min, DM @fastsupport507 #OrderIssue",none,0,0,0,0,0,23,ur,
x888965954586131153,2026-08-25T16:03:41Z,rizwan39507,483,"ei jaygar khabar ta darun, must try #StreetFoodFinds",photo,3,0,0,0,0,78,en,
x206000959666625700,2026-08-25T11:45:55Z,priya203,1643,watch party er environment ta osadharon chilo #SingalongChallenge,photo,43,11,5,2,3,658,en,
x562144547195295999,2026-08-24T20:28:28Z,kabir454official,535,found this 27-rupee plate near the station and i'm never recovering #StreetFoodFinds,none,3,0,0,0,0,462,bn,
x498478535459896291,2026-08-24T19:24:44Z,meera19,136,anyone know how long the update usually takes? #DeliveryStatus,video,2,0,0,0,0,78,en,
x463865786358951569,2026-08-25T08:42:55Z,sunny78507,55,last over replay pe replay dekh raha hu #UnderdogWin,none,1,0,0,0,0,32,en,
x463709740538567552,2026-08-25T09:48:04Z,aisha441_,195,everyone using this audio as a template #SingalongChallenge,none,1,0,0,0,0,25,hi,
x120103444918080778,2026-08-25T19:51:46Z,farhan1115official,1994,clip of that moment is everywhere now #SingalongChallenge,video,23,5,2,0,0,1664,en,
x636203448131981157,2026-08-25T19:06:18Z,dipu12_,679,"ok it's a regional thing, not a full outage #ServerOutage",none,5,1,0,0,0,55,en,
x998595798582975652,2026-08-25T17:49:14Z,zoya82407,1135,"took it to a local shop, fixed for 2700. brand quoted 5x that #RightToRepair",none,51,4,4,3,3,1264,bn,
x978739715298775892,2026-08-25T17:28:29Z,zoya701933,394,everyone using this audio as a template #SingalongChallenge,video,4,0,0,0,0,237,hi,
x791848458578023473,2026-08-25T20:25:32Z,priya203,1643,"took it to a local shop, fixed for 2700. brand quoted 5x that #RightToRepair",none,17,5,1,0,0,611,hi,
x636108982851790058,2026-08-25T19:00:10Z,arjun956official,8196,this haul format is everywhere on my feed now #BackToCampus,photo,364,79,9,3,7,8260,hi,
x758145150893342360,2026-08-25T20:54:47Z,sana866954,2421,"college list banaya hai, kuch reh gaya? #CampusHaul",photo,14,1,2,0,0,240,hi,
x181679145013749428,2026-08-25T19:05:41Z,neel85907,301,"parts pairing is the real problem, not the screws #RightToRepair",none,0,0,0,0,0,27,en,
x574721139957130774,2026-08-24T05:01:07Z,refundhelp1,15,order stuck? DM @fastsupport507 solution guaranteed #OrderIssue,video,0,0,0,0,0,23,en,x860869576605946117
x215801735506867958,2026-08-25T23:01:31Z,sana69official,241,is the app down for everyone or just me #ServerOutage,photo,6,1,0,0,0,214,en,
x216024384405690311,2026-08-25T17:35:49Z,anaya934686,538,watch party er environment ta osadharon chilo #WatchParty,video,4,0,0,0,0,209,en,x651788048734107660
x282791479491760525,2026-08-24T09:58:26Z,bina160_,179,still stuck on the loading screen #AppDown,video,3,0,0,0,0,137,en,x717098761810268407
x734050831770398696,2026-08-25T08:39:51Z,farhan55_,1319,"the whole crowd singing along, chills #WatchParty",video,21,1,1,1,0,425,en,
x806907272798905541,2026-08-25T17:07:18Z,neel554official,1135,everyone using this audio as a template #WatchParty,video,6,1,0,0,0,170,hi,
x494014539818312685,2026-08-25T23:14:16Z,rizwan911_in,3040,ei match ta bhulte parbo na #MatchNight,photo,55,7,10,2,0,1836,hi,x304489508711939741
x888286516567446344,2026-08-25T21:17:27Z,shreya299official,640,NOBODY saw that result coming #MatchNight,photo,26,1,2,0,3,807,en,
x997465023998629675,2026-08-24T23:55:59Z,sana124_,163,honest review after two weeks of daily use #HonestReview,video,2,0,0,0,0,100,en,
x208701319825570953,2026-08-25T16:15:09Z,priya883_,529,everyone using this audio as a template #WatchParty,photo,22,7,2,0,0,375,ur,
x129598525656420837,2026-08-24T02:07:04Z,anaya54_in,484,is the app down for everyone or just me #AppDown,photo,0,0,0,0,0,123,hi,
x786298192332753568,2026-08-25T12:07:53Z,arjun490,1546,underdogs really did that tonight #UnderdogWin,none,25,8,3,1,2,644,hi,
x588269248177525197,2026-08-25T13:45:47Z,neel949342,314,underdogs really did that tonight #MatchNight,video,15,2,0,0,1,314,en,
x352927721141741772,2026-08-25T14:40:45Z,kabir758_,8288,everyone using this audio as a template #WatchParty,photo,169,26,6,13,17,2281,en,
x478435555786180903,2026-08-24T20:33:24Z,sunny471_,,underdogs really did that tonight #UnderdogWin,video,,0,0,0,0,,en,
x914841935517684349,2026-08-24T19:54:57Z,sunny177x,335,NOBODY saw that result coming #UnderdogWin,photo,16,1,1,1,2,296,ur,x412888771383924874
x415084335307573143,24/08/2026 13:02,omar132_in,699,last over replay pe replay dekh raha hu #MatchNight,photo,7,0,0,0,0,90,en,
x899768884035572103,2026-08-25T21:11:03Z,refundhelp1,15,order stuck? DM @refundhelp1 solution guaranteed #OrderIssue,none,0,0,0,0,0,36,hi,x419603869203120505
x382451636414309428,2026-08-25T10:57:16Z,fastsupport4_in,7,refund not credited yet. @helpdeskx7x fastest support #RefundDelay,none,0,0,0,0,0,43,en,x251773102789647653
x123845801257984540,2026-08-25T21:11:38Z,zoya434official,184,underdogs really did that tonight #UnderdogWin,video,0,0,0,0,0,53,en,
x777810608039359143,2026-08-25T14:31:34Z,farhan59707,421,"late night eats thread, adding this one to the list #LateNightEats",photo,11,2,0,0,0,248,en,
x766336381116953326,2026-08-25T23:06:22Z,farhan1213official,452,biggest upset of the season easily #MatchNight,video,16,1,1,0,0,384,en,
x325479520041369039,2026-08-24T14:57:21Z,helpdeskx2official,4,refund pending since 48 hours. contact @fastsupport4_in for fast resolution #OrderIssue,none,0,0,0,0,0,28,en,
x148810853635828780,2026-08-25T22:27:22Z,anaya75,1329,NOBODY saw that result coming #MatchNight,none,49,5,3,1,4,1073,hi,x670491590876167331
x504711293918948358,2026-08-25T17:03:34Z,vikram16807,585,everyone using this audio as a template #WatchParty,video,2,0,0,0,0,121,en,
x288377430057867892,2026-08-25T23:19:21Z,farhan699953,6412,why is replacing the battery cheaper than the whole phone now #RepairNotReplace,none,134,15,6,1,1,2294,en,x518887943680038579
x491511116418305755,2026-08-25T10:39:00Z,jay67_in,2246,"spec sheet looks great, real world is mid imo #GadgetCheck",video,27,1,3,1,3,607,en,
x134211403573844317,2026-08-24T21:18:00Z,kabir428,338,ei match ta bhulte parbo na #MatchNight,photo,3,0,0,0,0,368,en,
x634425194300130155,2026-08-25T23:29:12Z,tara310official,557,hostel room setup part 2 #BackToCampus,photo,6,1,0,0,0,170,hi,
x280958555200009232,2026-08-25T14:17:42Z,bina89207,587,"ei jaygar khabar ta darun, must try #LateNightEats",photo,17,1,0,1,0,418,hi,
x198873383740301391,2026-08-24T03:22:42Z,tara70_in,1266,anyone know how long the update usually takes? #DeliveryStatus,video,2,0,0,0,0,213,ur,
x683353849549509394,2026-08-25T21:04:13Z,imran572x,508,"repair karana sasta hai, log samajhte nahi #RightToRepair",video,7,2,1,0,0,345,en,x764351675595958395
x808313635167685598,2026-08-25T19:38:17Z,meera690,466,hostel room setup part 2 #BackToCampus,photo,6,1,0,0,0,104,en,
x818359717179544193,2026-08-25T08:46:33Z,sana33807,2087,"genuinely good thread on repairability scores, worth a read #RepairNotReplace",photo,29,9,1,1,3,795,en,
x792442494648757091,2026-08-25T17:57:39Z,anaya565_in,105,"late night eats thread, adding this one to the list #StreetFoodFinds",photo,1,0,0,0,0,33,en,
x789737627127150684,2026-08-25T16:11:58Z,hasan817_,149,queue was 40 min long and honestly worth it #LateNightEats,photo,8,1,1,0,0,123,en,x514828774767890776
x918903938919136864,2026-08-25T09:48:30Z,vikram587,981,last over replay pe replay dekh raha hu #MatchNight,video,6,1,1,0,0,403,en,
x331861473642818053,2026-08-25T16:25:32Z,tara17,355,honest review after two weeks of daily use #HonestReview,none,2,0,0,0,0,38,en,x286516678899653288
x704437326590058416,2026-08-25T19:10:36Z,jay40007,736,why is replacing the battery cheaper than the whole phone now #RepairNotReplace,none,4,1,0,0,0,250,en,x400448059854311079
x834297541572096011,2026-08-25T21:37:19Z,nadia311_,1643,watch party er environment ta osadharon chilo #SingalongChallenge,video,45,15,8,2,6,1349,en,
x484243495341253157,2026-08-25T17:25:12Z,priya167official,1401,clip of that moment is everywhere now #SingalongChallenge,video,22,6,1,1,2,408,hi,x922883629387593340
x559276971260030828,2026-08-25T19:34:59Z,aisha893_in,1650,last over replay pe replay dekh raha hu #UnderdogWin,video,17,2,3,0,2,743,hi,
x754509298182291875,2026-08-25T19:31:23Z,shreya59307,1395,clip of that moment is everywhere now #SingalongChallenge,none,21,4,3,1,0,849,hi,
x987584124242983756,2026-08-25T15:49:58Z,rahul704official,1302,everyone using this audio as a template #WatchParty,none,27,2,5,1,3,810,en,x889308482984942164
x934758204712612225,2026-08-24T17:31:27Z,arjun408x,1025,ei match ta bhulte parbo na #UnderdogWin,video,11,2,1,0,0,371,hi,
x191379689672092668,2026-08-25T12:31:27Z,meera49939,174,queue was 40 min long and honestly worth it #LateNightEats,none,2,0,0,0,0,107,en,
x632827681020808013,2026-08-25T01:12:55Z,rizwan670x,195,watch party er environment ta osadharon chilo #SingalongChallenge,video,9,0,0,0,0,142,bn,
x528492299163169335,2026-08-25T21:41:27Z,jay470official,237,last over replay pe replay dekh raha hu #MatchNight,photo,2,0,0,0,0,41,ur,
x926200405174730765,2026-08-25T13:42:41Z,vikram88759,2300,"friday faves, 34 things i actually used this week #WeeklyRoundup",none,14,1,2,1,1,295,en,
x215270176791718048,2026-08-25T17:13:05Z,helpdeskx7x,14,"order issue solved in 10 min, DM @fastsupport4_in #RefundDelay",photo,0,0,0,0,0,27,hi,
x961840728802307318,2026-08-25T11:02:23Z,vikram697official,529,"ei jaygar khabar ta darun, must try #LateNightEats",none,14,1,1,0,1,150,ur,
x102896521180720808,2026-08-25T13:36:56Z,refundhelp1,15,refund pending since 48 hours. contact @fastsupport0_in for fast resolution #OrderIssue,none,0,0,0,0,0,28,hi,
x846666060687845915,2026-08-25T23:11:13Z,farhan205_,3317,last over replay pe replay dekh raha hu #UnderdogWin,video,77,18,3,2,9,1704,en,
x416374852591652101,2026-08-25T23:19:07Z,farhan1049x,123,underdogs really did that tonight #MatchNight,video,3,1,0,0,0,121,hi,
x767407263420381429,2026-08-25T17:56:40Z,omar775official,327,"the whole crowd singing along, chills #WatchParty",video,1,0,0,0,0,44,ur,
x162513646473349836,2026-08-25T09:08:02Z,farhan272official,4360,"late night eats thread, adding this one to the list #StreetFoodFinds",none,46,9,3,0,4,4331,en,
x970509215322435054,2026-08-25T15:22:37Z,zoya82407,1135,watch party er environment ta osadharon chilo #SingalongChallenge,none,55,11,8,2,4,582,en,
x200020580841724868,2026-08-25T09:23:49Z,meera27907,560,last over replay pe replay dekh raha hu #UnderdogWin,none,34,10,3,0,2,536,hi,
x978809055003342991,2026-08-25T15:49:09Z,zoya47official,690,"ok it's a regional thing, not a full outage #AppDown",none,33,3,2,0,3,499,hi,
x685638684964648366,2026-08-25T20:59:53Z,priya171x,1015,"parts pairing is the real problem, not the screws #RightToRepair",none,21,2,0,1,2,267,ur,
x564914874602779224,2026-08-25T11:23:22Z,dipu820704,542,why is replacing the battery cheaper than the whole phone now #RepairNotReplace,none,9,2,1,0,0,449,bn,
x226189999290020373,2026-08-25T22:06:10Z,tanvir976x,462,"the whole crowd singing along, chills #SingalongChallenge",none,6,1,0,0,0,193,hi,
x934165058366202148,2026-08-25T11:47:56Z,vikram253official,635,underdogs really did that tonight #MatchNight,none,6,1,0,0,0,609,en,
x640810241820667803,2026-08-24T02:59:58Z,neel16_in,128,shipping status change hone me kitna time lagta hai #ShippingUpdate,none,0,0,0,0,0,102,en,
x279544052340375111,2026-08-25T20:41:29Z,meera170686,253,watch party er environment ta osadharon chilo #WatchParty,none,1,0,0,0,0,70,bn,x143558881627009031
x710791057605416364,2026-08-25T13:41:31Z,meera72007,300,"repair karana sasta hai, log samajhte nahi #RightToRepair",none,16,5,1,0,0,368,en,
x360000135126270687,2026-08-25T11:22:01Z,vikram315official,682,"bhai ye wala stall best hai, 12 me itna khana #StreetFoodFinds",video,11,1,0,0,0,235,en,
x844396057226723478,2026-08-25T17:58:26Z,imran68107,409,NOBODY saw that result coming #UnderdogWin,none,21,2,3,1,2,444,hi,
x469353566872914993,2026-08-25T11:35:28Z,fastsupport0_in,71,"order issue solved in 10 min, DM @helpdeskx7x #RefundDelay",none,0,0,0,0,0,37,hi,
x443866524314384944,2026-08-25T19:34:56Z,kabir522_,562,"late night eats thread, adding this one to the list #LateNightEats",photo,6,1,0,0,0,235,en,
x801867216586730277,2026-08-25T14:14:30Z,arjun54707,318,"false alarm apparently, working again on my end #AppDown",photo,2,0,0,0,0,26,en,
x673477403757174381,2026-08-25T21:55:12Z,zoya9207,407,"took it to a local shop, fixed for 2700. brand quoted 5x that #RepairNotReplace",none,6,1,0,0,0,337,en,
x438092581622906186,2026-08-25T21:11:37Z,helpdeskx2official,4,refund not credited yet. @helpdeskx2official fastest support #OrderIssue,none,0,0,0,0,0,31,hi,
x804101010023533609,2026-08-25T23:09:35Z,aisha14007,2128,"back to campus haul, everything under 5800 #CampusHaul",photo,79,21,13,3,3,1179,en,
x194953572351992534,2026-08-25T15:38:27Z,jay715x,406,found this 103-rupee plate near the station and i'm never recovering #StreetFoodFinds,photo,17,4,2,1,1,259,hi,
x716414280616283673,2026-08-24T13:06:46Z,sana69official,241,"this week's roundup is live, have a read #WeeklyRoundup",none,10,1,0,0,1,220,en,x706087700748898945
x558239444695001910,2026-08-24T15:45:26Z,vikram138_in,500,found this 58-rupee plate near the station and i'm never recovering #StreetFoodFinds,photo,3,0,0,0,0,241,en,
x758015928908578353,2026-08-25T09:56:52Z,refundhelp1,15,refund pending since 48 hours. contact @helpdeskx2official for fast resolution #OrderIssue,none,0,0,0,0,0,34,en,
x892022961419428282,2026-08-25T22:33:29Z,jay498635,1991,"the whole crowd singing along, chills #WatchParty",photo,23,4,3,0,1,932,en,
x426430450299450800,2026-08-24T16:19:20Z,arjun340official,810,queue was 40 min long and honestly worth it #StreetFoodFinds,photo,,2,1,1,3,,hi,
x867374930928395332,2026-08-24T08:14:44Z,neel66_,1691,"bhai ye wala stall best hai, 27 me itna khana #StreetFoodFinds",none,39,6,3,1,1,1524,en,x284452565139438587
x859759050299796736,2026-08-25T19:35:32Z,tara310official,557,"back to campus haul, everything under 3400 #BackToCampus",none,13,3,2,1,1,615,en,
x773241371792732465,2026-08-25T12:16:59Z,nadia42307,1865,everyone using this audio as a template #SingalongChallenge,video,37,5,5,2,0,1247,hi,
x450312580333817441,2026-08-24T08:31:52Z,kabir134_,2531,"delivery took 3 days longer than promised, finally here #DeliveryStatus",video,9,1,0,0,0,1491,en,
x895726256936972572,2026-08-25T13:20:50Z,priya49,6005,[deleted],photo,0,0,0,0,2,1338,hi,x646026436025466052
x575169566324345305,2026-08-25T11:50:42Z,jay747x,1355,"ei jaygar khabar ta darun, must try #StreetFoodFinds",photo,26,3,1,0,1,1291,hi,
x662356773422215169,2026-08-25T15:32:34Z,meera544official,391,NOBODY saw that result coming #MatchNight,video,9,2,0,0,0,283,en,
x515678001346053812,2026-08-24T23:56:25Z,priya3_in,216,shipping status change hone me kitna time lagta hai #ShippingUpdate,none,0,0,0,0,0,81,hi,
x766170762237584779,2026-08-25T20:28:42Z,aisha935,134,this haul format is everywhere on my feed now #CampusHaul,none,2,0,0,0,0,28,en,
x293368228858302087,2026-08-25T21:25:26Z,refundhelp307,56,"order issue solved in 10 min, DM @helpdeskx7x #RefundDelay",photo,0,0,0,0,0,27,ur,
x695060507516564229,2026-08-25T17:20:15Z,arjun623_,1487,found this 18-rupee plate near the station and i'm never recovering #LateNightEats,photo,18,5,0,1,0,837,en,
x566360846988428880,2026-08-25T21:33:31Z,omar127_in,1593,"the whole crowd singing along, chills #WatchParty",video,16,2,2,0,1,286,en,
x446157277140819227,2026-08-24T20:42:46Z,refundhelp307,56,refund pending since 48 hours. contact @fastsupport0_in for fast resolution #RefundDelay,photo,0,0,0,0,0,31,bn,x489628609431024453
x800089563207624691,2026-08-25T19:40:54Z,meera665official,5996,is the app down for everyone or just me #AppDown,gif,36,11,1,0,4,966,en,
x453498107943138401,2026-08-25T19:57:34Z,vikram697official,529,why is replacing the battery cheaper than the whole phone now #RightToRepair,none,14,2,1,1,1,358,hi,x703508717044402231
x596171159822757887,2026-08-25T16:39:55Z,vikram65307,761,ei match ta bhulte parbo na #UnderdogWin,video,23,4,3,0,0,571,en,
x320876185257086240,2026-08-25T22:06:18Z,arjun721_,406,underdogs really did that tonight #UnderdogWin,video,0,0,0,0,0,75,en,
x966105289833331068,2026-08-25T19:04:48Z,kabir454official,535,"ei jaygar khabar ta darun, must try #LateNightEats",none,7,0,0,0,0,366,en,
x148325771891504837,2026-08-25T10:53:02Z,zoya58official,3147,"parts pairing is the real problem, not the screws #RightToRepair",video,,29,12,1,9,,hi,
x403414261071698797,2026-08-24T11:38:37Z,rahul266_,273,watch party er environment ta osadharon chilo #SingalongChallenge,video,3,0,0,0,0,192,en,
x491245451981314155,2026-08-25T17:54:26Z,tanvir349179,203,queue was 40 min long and honestly worth it #LateNightEats,photo,0,0,0,0,0,55,en,
x921873910325366231,2026-08-24T16:24:11Z,dipu72official,353,honest review after two weeks of daily use #HonestReview,none,1,0,0,0,0,47,bn,
x581669315331361446,2026-08-25T09:32:06Z,tara848,549,watch party er environment ta osadharon chilo #WatchParty,photo,1,0,0,0,0,63,en,
x999248368169418875,2026-08-25T13:37:04Z,nadia318260,225,why is replacing the battery cheaper than the whole phone now #RepairNotReplace,none,1,0,0,0,0,89,en,x279468245041528535
x175746416658808094,2026-08-25T12:24:39Z,refundhelp307,56,refund not credited yet. @refundhelp1 fastest support #RefundDelay,photo,0,0,0,0,0,42,bn,
x444769459755203031,2026-08-24T16:02:52Z,helpdeskx2official,4,refund not credited yet. @fastsupport4_in fastest support #RefundDelay,none,0,0,0,0,0,30,en,
x372823949476541668,2026-08-25T08:33:00Z,farhan28607,598,why is replacing the battery cheaper than the whole phone now #RightToRepair,none,2,0,0,0,0,63,hi,
x712434978936300905,2026-08-25T18:08:00Z,kabir648official,1965,watch party er environment ta osadharon chilo #SingalongChallenge,video,58,18,11,2,6,2175,en,
x925136200307074297,2026-08-25T13:26:26Z,arjun207,86,ei match ta bhulte parbo na #UnderdogWin,video,1,0,0,0,0,22,en,
x680696924394677088,2026-08-25T15:55:33Z,sana442_in,1605,"genuinely good thread on repairability scores, worth a read #RightToRepair",video,50,6,5,0,2,945,en,
x233308232999766881,2026-08-25T13:52:21Z,vikram33official,237,clip of that moment is everywhere now #SingalongChallenge,photo,12,1,0,0,0,206,hi,
x251902237563517562,2026-08-25T13:22:48Z,imran14official,581,found this 27-rupee plate near the station and i'm never recovering #LateNightEats,photo,1,0,0,0,0,67,en,
x616488401615969233,2026-08-24T15:56:14Z,tara232995,906,everyone using this audio as a template #WatchParty,video,5,1,0,0,0,65,en,
x649692716030237230,2026-08-25T13:29:39Z,kabir90907,2025,biggest upset of the season easily #UnderdogWin,video,94,20,5,4,8,1058,ur,x978226647159902448
x712799457570572599,2026-08-25T11:01:26Z,rizwan465_in,104,watch party er environment ta osadharon chilo #WatchParty,photo,0,0,0,0,0,47,hi,
x284132984880950918,2026-08-25T19:38:31Z,meera501,106,"bhai ye wala stall best hai, 12 me itna khana #LateNightEats",photo,2,0,0,0,0,76,en,x553485617445312700
x685969343054316980,2026-08-25T15:03:44Z,bina999_,232,NOBODY saw that result coming #UnderdogWin,video,9,2,1,0,0,125,hi,
x210031478619533305,2026-08-25T23:21:40Z,kabir398948,82,"ei jaygar khabar ta darun, must try #StreetFoodFinds",photo,1,0,0,0,0,32,bn,
x689640765014529112,2026-08-25T17:45:02Z,helpdeskx2official,4,refund pending since 48 hours. contact @fastsupport0_in for fast resolution #RefundDelay,none,0,0,0,0,0,34,ur,
x445793070259707059,2026-08-25T21:41:22Z,vikram1138_,1267,"false alarm apparently, working again on my end #ServerOutage",none,7,2,0,0,0,318,en,
x634084931658059712,2026-08-25T18:12:50Z,aisha32307,419,queue was 40 min long and honestly worth it #LateNightEats,video,6,1,0,0,0,286,en,x441354746202169893
x408011607458449455,2026-08-25T08:14:18Z,fastsupport4_in,7,order stuck? DM @refundhelp1 solution guaranteed #OrderIssue,none,0,0,0,0,0,23,hi,
x361479219270167786,2026-08-24T16:51:16Z,tanvir273_in,3227,clip of that moment is everywhere now #WatchParty,video,21,7,1,1,0,656,en,
x268126872794244324,2026-08-24T18:16:35Z,helpdeskx6official,111,order stuck? DM @refundhelp1 solution guaranteed #OrderIssue,none,0,0,0,0,0,119,en,
x468695867475319960,2026-08-24T21:32:08Z,fastsupport4_in,7,refund pending since 48 hours. contact @helpdeskx6official for fast resolution #OrderIssue,none,0,0,0,0,0,41,en,
x447780135330448101,2026-08-25T17:50:14Z,fastsupport4_in,7,refund pending since 48 hours. contact @fastsupport4_in for fast resolution #RefundDelay,none,0,0,0,0,0,41,hi,
x768195241017936127,2026-08-25T19:32:22Z,meera74_,2554,found this 27-rupee plate near the station and i'm never recovering #StreetFoodFinds,none,6,0,0,0,0,387,ur,x780135358336357946
x495953764005978592,2026-08-25T09:54:27Z,dipu483_,637,"the whole crowd singing along, chills #SingalongChallenge",video,17,3,1,1,1,738,en,
x795305989009609250,2026-08-25T12:06:48Z,refundhelp1,15,order stuck? DM @fastsupport507 solution guaranteed #RefundDelay,none,0,0,0,0,0,40,en,
x691944531476235147,2026-08-25T18:23:21Z,helpdeskx6official,111,"order issue solved in 10 min, DM @helpdeskx6official #RefundDelay",none,0,0,0,0,0,86,bn,
x717166264301679841,2026-08-25T18:29:06Z,meera544official,391,"the whole crowd singing along, chills #WatchParty",none,11,3,1,0,0,192,hi,
x851161923488875861,2026-08-25T11:07:39Z,zoya594x,1178,NOBODY saw that result coming #UnderdogWin,video,15,1,1,0,0,395,hi,
x780975510048372575,2026-08-25T20:17:48Z,priya695x,11071,"repair karana sasta hai, log samajhte nahi #RightToRepair",none,324,80,41,8,4,5609,en,
x558062166729816525,2026-08-25T21:46:50Z,arjun978_in,925,watch party er environment ta osadharon chilo #SingalongChallenge,video,18,1,1,1,1,843,en,
x543556434733242373,2026-08-25T17:44:45Z,dipu453809,172,"repair karana sasta hai, log samajhte nahi #RepairNotReplace",gif,2,0,0,0,0,109,en,
x259197363808576426,2026-08-25T12:16:31Z,arjun111_,1094,shipping status change hone me kitna time lagta hai #DeliveryStatus,gif,1,0,0,0,0,182,hi,x766027584812217542
x204907376972343180,25/08/2026 09:40,jay393666,114,last over replay pe replay dekh raha hu #MatchNight,video,8,0,0,0,0,75,en,x664919053791464516
x476673118519156799,2026-08-25T22:07:29Z,farhan197x,1736,"the whole crowd singing along, chills #WatchParty",photo,6,1,0,0,0,171,hi,
x592762808582445084,2026-08-25T21:03:25Z,helpdeskx2official,4,"order issue solved in 10 min, DM @helpdeskx6official #OrderIssue",none,0,0,0,0,0,41,bn,x768689937070497329
x801657512208715656,2026-08-24T22:55:52Z,refundhelp1,15,"order issue solved in 10 min, DM @refundhelp307 #RefundDelay",none,0,0,0,0,0,25,hi,
x953448598226392250,2026-08-25T14:27:30Z,sana43719,656,biggest upset of the season easily #MatchNight,video,20,1,1,1,0,373,hi,
x478533450890348229,2026-08-25T20:48:29Z,meera84507,353,"took it to a local shop, fixed for 10300. brand quoted 5x that #RepairNotReplace",none,7,0,1,0,0,151,en,
x186879878645427709,2026-08-24T21:31:50Z,nadia506_,221,ei match ta bhulte parbo na #MatchNight,video,7,0,0,0,0,235,hi,
x911000311309712961,2026-08-25T19:01:36Z,aisha1132_in,244,"the whole crowd singing along, chills #WatchParty",video,1,0,0,0,0,35,en,
x471588191267046452,2026-08-25T17:54:44Z,helpdeskx2official,4,refund not credited yet. @claimnow8 fastest support #RefundDelay,photo,0,0,0,0,0,37,hi,
x557447633604683579,2026-08-24T21:28:11Z,neel26307,771,queue was 40 min long and honestly worth it #LateNightEats,none,6,1,0,0,0,542,hi,
x203444589787659786,24/08/2026 20:00,sana122official,525,ei match ta bhulte parbo na #MatchNight,none,11,1,1,0,1,237,hi,
x211407890407480503,2026-08-25T10:32:14Z,sana109358,474,"friday faves, 27 things i actually used this week #FridayFaves",photo,12,2,0,0,0,244,ur,
x272061443120408112,2026-08-25T11:46:29Z,meera663_,2423,last over replay pe replay dekh raha hu #MatchNight,video,62,7,2,2,0,1720,en,
x414693377115214807,2026-08-25T18:59:37Z,tanvir983x,1065,ei match ta bhulte parbo na #UnderdogWin,video,31,10,4,0,0,665,hi,
x597582662661426551,2026-08-25T10:14:49Z,kabir312official,383,"parts pairing is the real problem, not the screws #RepairNotReplace",none,1,0,0,0,0,86,ur,
x402961436835395322,2026-08-25T16:56:34Z,arjun559x,935,biggest upset of the season easily #MatchNight,video,2,0,0,0,0,103,ur,
x224339733768310099,2026-08-25T16:06:20Z,imran304x,289,ei match ta bhulte parbo na #UnderdogWin,video,4,1,0,0,0,90,en,
x746341711907586706,2026-08-25T17:02:28Z,farhan655,1308,found this 34-rupee plate near the station and i'm never recovering #LateNightEats,none,6,1,1,0,0,459,hi,
x568555797231464422,2026-08-25T19:43:37Z,helpdeskx6official,111,refund pending since 48 hours. contact @fastsupport507 for fast resolution #OrderIssue,photo,0,0,0,0,0,89,en,
x958839221423626763,2026-08-25T21:19:41Z,sunny60307,858,"late night eats thread, adding this one to the list #LateNightEats",none,5,0,0,0,0,272,en,
x865747318925438313,2026-08-25T10:52:23Z,meera2207,140,underdogs really did that tonight #UnderdogWin,photo,2,0,0,0,0,27,hi,x677934778015729860
x479080309358998451,2026-08-25T01:49:37Z,tanvir602_,564,"ei jaygar khabar ta darun, must try #LateNightEats",photo,2,0,0,0,0,118,en,
x469475997374307904,25/08/2026 18:00,imran1036official,694,"repair karana sasta hai, log samajhte nahi #RightToRepair",video,10,3,1,0,0,156,bn,x578376277577356178
x341831259683050334,2026-08-25T09:32:43Z,rizwan14907,611,"bhai ye wala stall best hai, 27 me itna khana #LateNightEats",none,4,1,0,0,0,232,en,
x822938156583062358,2026-08-25T13:00:25Z,arjun100x,424,still stuck on the loading screen #AppDown,none,1,0,0,0,0,276,en,
x758081706988709849,2026-08-25T19:17:25Z,helpdeskx2official,4,"order issue solved in 10 min, DM @claimnow8 #RefundDelay",photo,0,0,0,0,0,24,en,
x764787012543416571,2026-08-25T11:08:48Z,hasan20,72,queue was 40 min long and honestly worth it #LateNightEats,photo,1,0,0,0,0,50,ur,
x898897702148673769,2026-08-25T13:06:55Z,shreya27507,1461,found this 103-rupee plate near the station and i'm never recovering #StreetFoodFinds,photo,14,1,1,0,1,678,hi,
x839606025402915982,2026-08-24T06:23:43Z,aisha13x,206,"false alarm apparently, working again on my end #ServerOutage",none,3,0,0,0,0,89,hi,x903859236519794389
x862377173931593546,2026-08-25T23:07:35Z,omar329_in,6110,"ei jaygar khabar ta darun, must try #StreetFoodFinds",photo,53,13,6,4,0,1811,en,x880716192924937381
x830935050064247563,2026-08-25T20:53:50Z,bina415official,164,queue was 40 min long and honestly worth it #LateNightEats,photo,1,0,0,0,0,40,hi,x184915659886737534
x457268274624644636,2026-08-25T10:13:46Z,tara475,196,watch party er environment ta osadharon chilo #WatchParty,photo,3,0,0,0,0,165,hi,x347042148296356217
x118185895505746226,2026-08-25T01:38:23Z,jay31707,459,"took it to a local shop, fixed for 1800. brand quoted 5x that #RepairNotReplace",photo,2,0,0,0,0,64,ur,x939277002049344831
x251876205084055171,2026-08-24T05:34:18Z,tanvir158454,4032,still stuck on the loading screen #ServerOutage,photo,8,1,0,0,0,1037,en,x314445300429033812
x808610826423905236,2026-08-25T22:43:41Z,jay101907,467,"college list banaya hai, kuch reh gaya? #CampusHaul",photo,4,1,0,0,0,168,hi,
x368558844591265363,2026-08-25T22:53:24Z,claimnow8,109,"order issue solved in 10 min, DM @refundhelp1 #RefundDelay",none,0,0,0,0,0,37,bn,
x440194175816763800,2026-08-25T22:37:50Z,omar553431,363,"the whole crowd singing along, chills #SingalongChallenge",video,2,0,0,0,0,223,bn,x612209470205429611
x109518261313355286,2026-08-24T20:47:22Z,sunny235162,121,"ei jaygar khabar ta darun, must try #StreetFoodFinds",photo,3,1,0,0,0,118,ur,
x272771376503710177,2026-08-25T14:24:08Z,fastsupport0_in,71,refund not credited yet. @refundhelp307 fastest support #RefundDelay,none,0,0,0,0,0,48,bn,
x548480635136789919,2026-08-25T09:59:22Z,omar486,100,"the whole crowd singing along, chills #SingalongChallenge",photo,1,0,0,0,0,20,en,
x970177223670222640,2026-08-25T14:12:51Z,refundhelp307,56,refund pending since 48 hours. contact @fastsupport0_in for fast resolution #OrderIssue,none,0,0,0,0,0,28,hi,
x976088720569843308,2026-08-25T19:58:00Z,zoya517official,514,found this 18-rupee plate near the station and i'm never recovering #LateNightEats,photo,3,0,0,0,0,,en,
x617431876960822846,2026-08-25T08:02:15Z,aisha527_,487,underdogs really did that tonight #UnderdogWin,video,8,2,0,0,1,418,hi,
x295333243717880326,2026-08-25T16:21:00Z,dipu667x,774,"the whole crowd singing along, chills #WatchParty",photo,22,4,1,0,2,268,en,x953638415066293148
x972614747238092960,2026-08-25T23:09:49Z,omar81307,764,everyone using this audio as a template #SingalongChallenge,none,6,1,1,0,0,104,en,
x779745573410557498,2026-08-25T14:06:11Z,priya153_in,607,"took it to a local shop, fixed for 10300. brand quoted 5x that #RightToRepair",none,4,0,0,0,0,277,en,
x829934125729535920,2026-08-25T14:45:36Z,neel66_,1691,made it into the roundup somehow #FridayFaves,none,2,0,0,0,0,470,hi,
x452784204131150535,2026-08-25T23:11:48Z,meera501,106,"genuinely good thread on repairability scores, worth a read #RepairNotReplace",none,1,0,0,0,0,47,bn,
x121514134418621550,2026-08-25T00:01:25Z,omar381_in,160,"parts pairing is the real problem, not the screws #RightToRepair",photo,2,0,0,0,0,75,hi,x584821995140174844
x222674686176105753,2026-08-25T17:18:39Z,anaya561_,446,"the whole crowd singing along, chills #SingalongChallenge",video,11,2,1,0,0,148,en,
x878423219146916330,2026-08-25T16:20:26Z,arjun362official,1188,"the whole crowd singing along, chills #SingalongChallenge",none,8,1,1,0,0,287,hi,
x690832620870092003,2026-08-24T23:19:32Z,sunny60_,760,watch party er environment ta osadharon chilo #WatchParty,photo,2,0,0,0,0,71,hi,x376751064802584213
x129991842537828394,2026-08-24T19:40:45Z,hasan65_in,480,"repair karana sasta hai, log samajhte nahi #RepairNotReplace",photo,10,1,0,0,0,291,en,
x356623250318261212,2026-08-25T15:50:17Z,omar775official,327,"repair karana sasta hai, log samajhte nahi #RightToRepair",photo,18,2,0,0,2,237,en,
x771972237817363062,2026-08-25T16:58:46Z,fastsupport507,133,order stuck? DM @helpdeskx2official solution guaranteed #RefundDelay,photo,0,0,0,0,0,128,hi,
x266974274009954469,2026-08-25T01:20:05Z,claimnow8,109,refund pending since 48 hours. contact @refundhelp1 for fast resolution #OrderIssue,photo,0,0,0,0,0,24,bn,x601178053968255639
x990601258915555134,2026-08-25T21:17:35Z,rizwan714official,1319,last over replay pe replay dekh raha hu #UnderdogWin,video,13,1,2,0,0,509,bn,
x354770060177135420,2026-08-24T04:04:50Z,refundhelp307,56,"order issue solved in 10 min, DM @fastsupport0_in #OrderIssue",photo,0,0,0,0,0,21,en,
x157168790756508948,2026-08-25T09:41:00Z,bina580775,821,watch party er environment ta osadharon chilo #WatchParty,video,21,2,3,0,2,598,en,
x139527788730694348,2026-08-24T17:27:50Z,kabir40107,944,ei match ta bhulte parbo na #UnderdogWin,video,5,0,0,0,0,146,bn,
x975360610864625888,2026-08-25T13:59:54Z,shreya881_,4699,queue was 40 min long and honestly worth it #LateNightEats,photo,232,47,5,2,10,4073,en,
x230757528361815119,2026-08-25T20:11:31Z,dipu72707,617,"college list banaya hai, kuch reh gaya? #BackToCampus",none,20,5,1,1,0,230,en,
x470987775171513393,2026-08-25T21:20:27Z,helpdeskx6official,111,order stuck? DM @claimnow8 solution guaranteed #RefundDelay,none,0,0,0,0,0,51,en,
x744343480255284567,2026-08-25T11:14:23Z,nadia337305,212,ei match ta bhulte parbo na #MatchNight,video,5,1,0,0,0,49,ur,
x386343990262449100,2026-08-25T22:22:46Z,tara89607,1292,"ok it's a regional thing, not a full outage #AppDown",gif,5,0,0,0,0,951,en,
x357672755555165269,2026-08-25T20:02:54Z,imran37307,275,"the whole crowd singing along, chills #SingalongChallenge",none,1,0,0,0,0,32,en,
x368580142798274760,2026-08-24T00:35:23Z,omar10_in,1057,last over replay pe replay dekh raha hu #UnderdogWin,photo,2,0,0,0,0,,en,
x101767227308718129,2026-08-25T11:14:32Z,meera891official,161,underdogs really did that tonight #MatchNight,video,3,0,0,0,0,128,en,
x529138930978506866,2026-08-25T22:20:56Z,farhan29007,74,"late night eats thread, adding this one to the list #StreetFoodFinds",photo,1,0,0,0,0,39,en,
x169893376078226040,2026-08-25T21:58:59Z,aisha507official,68,this haul format is everywhere on my feed now #BackToCampus,video,1,0,0,0,0,65,en,
x208857887139803905,2026-08-25T10:38:58Z,farhan656_in,811,everyone using this audio as a template #WatchParty,video,20,2,1,1,1,545,en,
x297321609215059030,2026-08-25T11:35:37Z,fastsupport4_in,7,refund pending since 48 hours. contact @fastsupport4_in for fast resolution #RefundDelay,none,0,0,0,0,0,22,hi,
x243568359067782051,2026-08-25T21:20:46Z,omar25807,636,ei match ta bhulte parbo na #UnderdogWin,photo,17,5,3,0,2,428,hi,
x634715345992132100,2026-08-24T04:42:04Z,sunny90,585,is the app down for everyone or just me #AppDown,photo,2,0,0,0,0,195,ur,
x932044159799847779,25/08/2026 17:43,shreya195official,1478,queue was 40 min long and honestly worth it #StreetFoodFinds,photo,,12,1,2,2,,ur,
x860221019337908471,2026-08-24T06:52:34Z,vikram3707,1664,is the app down for everyone or just me #AppDown,none,6,1,0,0,0,212,hi,
x311764037675897425,2026-08-25T10:25:07Z,farhan356x,426,"parts pairing is the real problem, not the screws #RightToRepair",none,1,0,0,0,0,155,en,
x466893207996659184,2026-08-25T16:35:03Z,farhan300_,3424,"the whole crowd singing along, chills #SingalongChallenge",video,47,13,9,0,5,834,en,
x377125436375442576,2026-08-25T16:17:40Z,anaya294official,1298,biggest upset of the season easily #MatchNight,none,38,12,6,2,3,733,en,
x395087021652229478,2026-08-25T23:38:17Z,anaya74107,297,"genuinely good thread on repairability scores, worth a read #RepairNotReplace",none,6,0,0,0,0,70,hi,
x163278618256500006,2026-08-25T17:05:55Z,farhan96531,136,queue was 40 min long and honestly worth it #LateNightEats,photo,1,0,0,0,0,72,en,x743372827293476528
x174767719247319905,2026-08-25T16:29:48Z,rizwan14907,611,hostel room setup part 2 #CampusHaul,photo,25,6,4,1,3,725,hi,x300128212915222435
x690650516249989052,2026-08-25T08:55:48Z,helpdeskx2official,4,refund pending since 48 hours. contact @helpdeskx6official for fast resolution #OrderIssue,none,0,0,0,0,0,33,en,x480160212155284063
x715752721217754233,2026-08-25T09:18:37Z,aisha507official,68,biggest upset of the season easily #UnderdogWin,video,0,0,0,0,0,72,en,
x144446149678608789,2026-08-25T21:59:33Z,vikram33official,237,biggest upset of the season easily #UnderdogWin,none,11,1,1,0,0,240,en,x321505921117510604
x528241160502008146,2026-08-25T16:06:48Z,hasan1045_,1658,"the whole crowd singing along, chills #WatchParty",none,62,20,6,2,1,1000,bn,
x542776257286837661,2026-08-25T21:38:17Z,zoya434official,184,"the whole crowd singing along, chills #SingalongChallenge",photo,3,0,0,0,0,36,en,
x441833885975539165,2026-08-25T14:05:57Z,rahul711_,1253,last over replay pe replay dekh raha hu #MatchNight,video,20,6,2,0,1,423,bn,x479658590751861913
x336745285697061545,25/08/2026 17:20,fastsupport4_in,7,refund not credited yet. @refundhelp307 fastest support #RefundDelay,video,0,0,0,0,0,32,en,
x245110534961936003,2026-08-25T22:03:57Z,jay574,928,watch party er environment ta osadharon chilo #SingalongChallenge,video,27,4,2,1,2,863,en,
x546257663926393677,2026-08-24T20:48:57Z,aisha37907,564,clip of that moment is everywhere now #WatchParty,photo,2,0,0,0,0,83,en,
x208188209154622048,2026-08-25T17:47:28Z,meera793official,103,"ok it's a regional thing, not a full outage #AppDown",video,2,0,0,0,0,40,en,
x734480815624691837,2026-08-25T16:26:41Z,aisha507official,68,underdogs really did that tonight #MatchNight,photo,2,0,0,0,0,40,en,
x329975066644321023,2026-08-25T16:45:14Z,kabir56_in,557,"genuinely good thread on repairability scores, worth a read #RepairNotReplace",photo,6,2,1,0,0,338,en,
x885887927288061751,2026-08-25T20:28:52Z,jay446707,938,everyone using this audio as a template #SingalongChallenge,none,1,0,0,0,0,123,en,
x233031176498412767,2026-08-25T11:21:03Z,sana457x,212,[deleted],photo,0,0,0,0,0,59,bn,
x713477262254915495,2026-08-25T22:29:15Z,tara65707,208,found this 34-rupee plate near the station and i'm never recovering #StreetFoodFinds,photo,6,1,0,0,0,104,en,x206311684719741053
x628569933929346856,2026-08-25T22:33:49Z,rahul833,160,"genuinely good thread on repairability scores, worth a read #RightToRepair",none,0,0,0,0,0,59,en,
x492662500046218727,2026-08-25T19:56:46Z,dipu914,827,"bhai ye wala stall best hai, 27 me itna khana #LateNightEats",video,7,1,0,0,1,389,hi,
x538259175533190513,2026-08-25T19:10:43Z,fastsupport507,133,refund not credited yet. @claimnow8 fastest support #RefundDelay,photo,0,0,0,0,0,,en,
x368834016938043373,2026-08-25T01:04:15Z,zoya519_,558,watch party er environment ta osadharon chilo #WatchParty,photo,0,0,0,0,0,106,en,
x947090639568079459,2026-08-25T13:02:15Z,helpdeskx7x,14,refund pending since 48 hours. contact @helpdeskx2official for fast resolution #RefundDelay,video,0,0,0,0,0,20,bn,
x458397985622599882,2026-08-25T18:26:45Z,shreya261x,1519,"bhai ye wala stall best hai, 12 me itna khana #StreetFoodFinds",video,2,0,0,0,0,255,en,
x888349641881280674,2026-08-25T21:21:59Z,refundhelp307,56,refund pending since 48 hours. contact @helpdeskx2official for fast resolution #RefundDelay,photo,0,0,0,0,0,36,en,
x522649474697982312,2026-08-25T15:51:34Z,imran749_,3162,biggest upset of the season easily #MatchNight,none,42,14,4,1,4,2122,en,
x237921785849409512,2026-08-25T22:55:35Z,farhan760official,457,NOBODY saw that result coming #UnderdogWin,photo,7,1,1,0,0,107,en,
x728141897406567603,2026-08-25T15:22:56Z,omar38207,688,"ok it's a regional thing, not a full outage #ServerOutage",photo,4,0,0,0,0,153,hi,
x500746110388648462,2026-08-25T21:25:55Z,neel26307,771,everyone using this audio as a template #SingalongChallenge,photo,11,2,0,0,0,203,hi,
x942414870708507957,2026-08-24T13:39:08Z,neel352,842,is the app down for everyone or just me #ServerOutage,none,36,8,4,2,3,586,en,
x275066629432489956,2026-08-25T16:14:52Z,rizwan543_in,369,"the whole crowd singing along, chills #WatchParty",video,9,1,1,0,0,253,hi,
x361339698112396782,2026-08-24T22:01:40Z,helpdeskx2official,4,"order issue solved in 10 min, DM @helpdeskx2official #RefundDelay",video,0,0,0,0,0,27,en,
x677553234045356038,2026-08-25T14:13:13Z,fastsupport0_in,71,"order issue solved in 10 min, DM @helpdeskx7x #RefundDelay",photo,0,0,0,0,0,28,bn,
x626390576682886920,2026-08-25T17:47:43Z,meera136_in,557,this haul format is everywhere on my feed now #CampusHaul,none,15,3,0,1,0,644,bn,
x443950688291879802,2026-08-25T15:04:02Z,omar693648,182,"repair karana sasta hai, log samajhte nahi #RightToRepair",photo,2,0,0,0,0,66,en,
x577504537005041880,2026-08-25T23:19:45Z,kabir1207official,1671,third time this week honestly #AppDown,none,24,2,4,0,0,638,en,x730869824400187599
x380149945377607981,2026-08-25T10:55:43Z,hasan817_,149,"ok it's a regional thing, not a full outage #ServerOutage",none,2,0,0,0,0,160,en,x850964111810030055
x589332001882564915,2026-08-25T10:31:13Z,meera327792,191,"the whole crowd singing along, chills #WatchParty",video,3,0,0,0,0,135,hi,x706495910210415209
x293692590554528511,2026-08-24T03:50:12Z,meera19,136,anyone know how long the update usually takes? #DeliveryStatus,photo,1,0,0,0,0,40,en,
x496566511287490983,2026-08-25T08:10:48Z,sana578_,2600,last over replay pe replay dekh raha hu #MatchNight,video,46,10,1,1,4,1201,en,
x219345305002725140,2026-08-25T11:44:22Z,fastsupport507,133,"order issue solved in 10 min, DM @claimnow8 #RefundDelay",video,0,0,0,0,0,41,hi,
x402314213434834425,2026-08-25T19:27:39Z,rizwan29718,450,"repair karana sasta hai, log samajhte nahi #RightToRepair",none,11,1,0,0,0,216,en,
x303101842291857783,2026-08-25T18:03:58Z,helpdeskx2official,4,order stuck? DM @claimnow8 solution guaranteed #RefundDelay,video,0,0,0,0,0,35,en,
x454060698937720929,2026-08-25T20:48:37Z,helpdeskx6official,111,refund pending since 48 hours. contact @fastsupport0_in for fast resolution #OrderIssue,none,0,0,0,0,0,23,hi,
x963006916540067240,2026-08-24T23:56:38Z,refundhelp1,15,refund not credited yet. @claimnow8 fastest support #RefundDelay,photo,0,0,0,0,0,42,hi,
x373397577493182005,2026-08-24T18:28:50Z,farhan213x,53,hostel room setup part 2 #BackToCampus,photo,0,0,0,0,0,40,en,
x428045679483627215,2026-08-25T21:11:04Z,zoya861official,10501,"parts pairing is the real problem, not the screws #RepairNotReplace",none,88,14,7,2,9,3053,hi,
x492322352157757688,2026-08-25T08:00:30Z,rizwan29718,450,clip of that moment is everywhere now #WatchParty,video,3,0,0,0,0,148,hi,
x964435529636114047,2026-08-25T20:04:28Z,meera84507,353,clip of that moment is everywhere now #WatchParty,video,3,0,0,0,0,50,en,
x695791708572658276,2026-08-25T12:07:17Z,omar25807,636,everyone using this audio as a template #WatchParty,photo,15,3,1,0,0,344,en,
x612302982683873825,2026-08-25T21:00:39Z,aisha1098x,8565,is the app down for everyone or just me #AppDown,video,92,17,6,3,8,,en,
x691862322681417870,2026-08-25T12:31:44Z,tara54907,150,underdogs really did that tonight #MatchNight,photo,1,0,0,0,0,34,bn,
x251746118877193626,2026-08-25T18:41:57Z,aisha1003_in,6148,clip of that moment is everywhere now #SingalongChallenge,photo,116,17,2,1,7,1772,bn,
x587814791910158979,2026-08-25T15:06:54Z,shreya751_,556,"late night eats thread, adding this one to the list #LateNightEats",photo,3,0,0,0,0,394,en,x563173261612623655
x767903622812752574,2026-08-25T15:03:45Z,kabir6,644,"parts pairing is the real problem, not the screws #RightToRepair",none,28,6,2,1,3,523,en,x609308539462698999
x652854479533029085,2026-08-25T17:43:21Z,imran125_,913,last over replay pe replay dekh raha hu #UnderdogWin,video,11,3,0,0,1,592,en,x740741822907750189
x813697695721724509,2026-08-25T17:13:54Z,meera49939,174,ei match ta bhulte parbo na #UnderdogWin,none,5,0,0,0,0,78,en,x556564763996363667
x259957318271220763,2026-08-25T15:58:43Z,aisha570_in,100,this haul format is everywhere on my feed now #CampusHaul,none,2,0,0,0,0,86,en,
x383390962072214778,2026-08-25T17:50:17Z,rahul615,25,watch party er environment ta osadharon chilo #SingalongChallenge,video,1,0,0,0,0,33,en,
x590138218334232025,2026-08-25T13:30:03Z,bina91607,627,NOBODY saw that result coming #UnderdogWin,photo,27,5,1,1,3,314,hi,
x538648074537535751,2026-08-25T15:22:55Z,tanvir110,1349,biggest upset of the season easily #UnderdogWin,video,58,16,1,1,1,685,hi,
x921264629599297232,2026-08-25T20:37:42Z,meera1058994,272,"college list banaya hai, kuch reh gaya? #CampusHaul",photo,10,2,1,0,0,187,en,x687773884275580794
x362769997978594298,2026-08-25T10:19:18Z,sana457x,212,everyone using this audio as a template #WatchParty,video,0,0,0,0,0,66,hi,
x721568655601868258,2026-08-25T14:15:08Z,imran963x,197,watch party er environment ta osadharon chilo #WatchParty,photo,1,0,0,0,0,117,hi,
x207937796805696436,2026-08-25T12:25:04Z,jay418905,3735,watch party er environment ta osadharon chilo #SingalongChallenge,photo,119,13,15,3,7,1972,en,
x914958756134003040,2026-08-25T15:16:12Z,zoya81507,3941,"ei jaygar khabar ta darun, must try #StreetFoodFinds",none,156,46,21,4,11,2415,bn,
x171671357812597263,2026-08-25T15:07:23Z,priya49,6005,"late night eats thread, adding this one to the list #StreetFoodFinds",photo,192,17,27,4,27,3093,bn,
x949389178325903308,2026-08-25T11:17:55Z,vikram884731,1021,"back to campus haul, everything under 5800 #CampusHaul",none,34,7,3,1,3,524,en,
x444232393317313798,2026-08-25T21:10:22Z,kabir776321,1290,"ei jaygar khabar ta darun, must try #StreetFoodFinds",photo,11,1,1,0,1,1440,ur,
x144022899084309784,2026-08-25T17:25:12Z,dipu1027128,,biggest upset of the season easily #MatchNight,photo,,0,0,0,0,,hi,x747866847764558367
x776847702006050904,2026-08-25T15:57:23Z,shreya27507,1461,third time this week honestly #AppDown,photo,14,3,2,0,1,1026,bn,
x450519668733691397,2026-08-25T15:22:32Z,vikram183official,425,why is replacing the battery cheaper than the whole phone now #RightToRepair,none,6,1,0,0,0,276,en,
x261225645524871778,2026-08-25T12:58:33Z,sunny463official,562,biggest upset of the season easily #MatchNight,video,11,3,0,0,1,214,hi,
x796746196445944837,2026-08-25T11:42:08Z,meera327792,191,last over replay pe replay dekh raha hu #UnderdogWin,photo,0,0,0,0,0,30,en,
x171301377399241428,2026-08-25T21:48:27Z,kabir522_,562,"the whole crowd singing along, chills #SingalongChallenge",video,13,4,1,0,1,476,hi,x376067914025326412
x877551713492454489,2026-08-25T23:07:18Z,kabir78307,1119,ei match ta bhulte parbo na #UnderdogWin,video,43,7,3,2,3,467,hi,x850775909898259490
x747768076655563189,2026-08-25T11:25:35Z,dipu4607,1616,still stuck on the loading screen #ServerOutage,photo,24,2,4,1,0,1336,en,
x268998358517561966,2026-08-25T17:09:47Z,tara872375,2735,"took it to a local shop, fixed for 10300. brand quoted 5x that #RepairNotReplace",photo,104,34,7,8,0,3077,hi,
x690539074458705144,2026-08-24T22:39:59Z,hasan341official,1137,"repair karana sasta hai, log samajhte nahi #RightToRepair",none,7,0,1,0,0,643,en,
x780942428027394930,2026-08-25T13:17:11Z,imran620210,,"bhai ye wala stall best hai, 12 me itna khana #StreetFoodFinds",photo,,7,9,3,4,,en,
x500111305190920818,2026-08-25T18:44:57Z,aisha634_in,198,"bhai ye wala stall best hai, 18 me itna khana #StreetFoodFinds",none,5,1,0,0,0,179,hi,
x879204037568747048,2026-08-25T12:57:46Z,arjun244x,430,"ei jaygar khabar ta darun, must try #LateNightEats",photo,3,0,0,0,0,409,hi,
x647489002119651453,2026-08-25T14:52:47Z,claimnow8,109,refund not credited yet. @helpdeskx6official fastest support #OrderIssue,none,0,0,0,0,0,20,en,
x961103852461760865,2026-08-24T21:41:55Z,imran37307,275,hostel room setup part 2 #BackToCampus,photo,7,2,0,0,0,281,en,
x945590890595092882,2026-08-25T15:55:01Z,neel126official,52,"late night eats thread, adding this one to the list #LateNightEats",photo,1,0,0,0,0,35,hi,
x275095285524006419,2026-08-24T23:06:18Z,meera136_in,557,found this 18-rupee plate near the station and i'm never recovering #StreetFoodFinds,photo,2,0,0,0,0,79,en,
x747845023121363895,2026-08-25T01:11:28Z,sunny209207,187,clip of that moment is everywhere now #WatchParty,none,1,0,0,0,0,118,hi,
x939818306640270436,2026-08-24T02:12:17Z,tanvir80_,367,"the whole crowd singing along, chills #SingalongChallenge",video,1,0,0,0,0,43,en,
x597481392661588353,2026-08-25T17:36:52Z,aisha154_,390,is the app down for everyone or just me #AppDown,gif,3,0,0,0,0,335,en,x899373338710599534
x346176820454657236,2026-08-24T22:15:41Z,hasan429x,354,found this 42-rupee plate near the station and i'm never recovering #LateNightEats,photo,10,2,1,0,1,267,en,
x863883065436239334,2026-08-25T13:04:19Z,omar864,545,clip of that moment is everywhere now #SingalongChallenge,video,21,5,2,1,1,300,en,
x488238706521353094,2026-08-25T16:24:38Z,helpdeskx7x,14,order stuck? DM @claimnow8 solution guaranteed #RefundDelay,none,0,0,0,0,0,32,en,
x214707557385451220,2026-08-25T17:53:00Z,shreya751_,556,"genuinely good thread on repairability scores, worth a read #RepairNotReplace",none,26,4,1,0,3,510,en,
x378783669436976391,2026-08-25T13:47:41Z,jay31707,459,"parts pairing is the real problem, not the screws #RepairNotReplace",none,24,4,0,0,3,379,en,x910700589334591162
x781740782352230567,2026-08-25T18:37:05Z,sana1014_,,ei match ta bhulte parbo na #UnderdogWin,video,,3,1,1,2,,en,
x663418761152718074,2026-08-25T15:33:24Z,refundhelp307,56,[deleted],none,0,0,0,0,0,36,en,x370685931346377957
x238242915656437200,2026-08-25T14:33:08Z,dipu975_in,1812,watch party er environment ta osadharon chilo #SingalongChallenge,video,26,8,1,1,3,1472,en,
x427833304797095693,2026-08-25T10:31:55Z,hasan508,382,everyone using this audio as a template #WatchParty,video,16,0,2,0,1,360,en,x305157577588997647
x953067837370592387,2026-08-25T21:56:03Z,fastsupport0_in,71,order stuck? DM @helpdeskx2official solution guaranteed #RefundDelay,video,0,0,0,0,0,31,ur,
x936485202513035379,2026-08-25T09:05:46Z,refundhelp1,15,"order issue solved in 10 min, DM @helpdeskx6official #RefundDelay",gif,0,0,0,0,0,21,bn,
x994251598746341746,2026-08-25T19:52:00Z,priya109907,111,biggest upset of the season easily #MatchNight,video,3,0,0,0,0,82,en,
x407422864694428570,2026-08-25T21:28:13Z,meera2207,140,"took it to a local shop, fixed for 2700. brand quoted 5x that #RightToRepair",photo,3,0,0,0,0,165,hi,
x568185568804232529,2026-08-25T08:19:14Z,aisha226_,192,clip of that moment is everywhere now #SingalongChallenge,photo,2,0,0,0,0,94,ur,
x694910846807130320,2026-08-25T20:46:21Z,neel70807,1153,clip of that moment is everywhere now #SingalongChallenge,none,3,0,0,0,0,194,en,
x198202679074361525,2026-08-25T22:58:54Z,refundhelp307,56,order stuck? DM @fastsupport4_in solution guaranteed #RefundDelay,none,0,0,0,0,0,36,hi,
x827852047241206411,2026-08-25T16:09:33Z,tara65707,208,NOBODY saw that result coming #MatchNight,video,6,1,0,0,0,133,en,
x172056329043516966,2026-08-25T18:34:36Z,priya90307,467,queue was 40 min long and honestly worth it #LateNightEats,photo,17,2,1,1,0,257,hi,
x800193759824281435,2026-08-24T21:10:54Z,anaya54_in,484,anyone know how long the update usually takes? #DeliveryStatus,none,3,0,0,0,0,70,en,
x233477736909691509,2026-08-25T13:09:11Z,dipu281official,174,ei match ta bhulte parbo na #UnderdogWin,photo,6,0,0,0,0,86,hi,
x893299422407678059,2026-08-25T10:40:29Z,shreya764648,474,"false alarm apparently, working again on my end #AppDown",video,2,0,0,0,0,113,en,x537435939530448418
x996578312444307736,2026-08-25T09:20:58Z,claimnow8,109,refund pending since 48 hours. contact @refundhelp307 for fast resolution #OrderIssue,none,0,0,0,0,0,73,en,
x873081778110403436,2026-08-25T14:59:13Z,bina459242,83,"bhai ye wala stall best hai, 18 me itna khana #LateNightEats",none,1,0,0,0,0,20,en,
x705583257032351921,2026-08-24T17:06:07Z,zoya129_in,1436,"delivery took 3 days longer than promised, finally here #DeliveryStatus",photo,11,2,1,0,0,648,bn,
x707568672401918023,2026-08-25T22:49:46Z,anaya1156_in,8885,"repair karana sasta hai, log samajhte nahi #RightToRepair",photo,93,21,15,3,1,3122,en,x718054972994192176
x290159679596454320,2026-08-25T22:13:53Z,tara923x,651,"ei jaygar khabar ta darun, must try #StreetFoodFinds",photo,13,0,2,0,0,198,en,x517407423181249258
x542353482526017394,2026-08-25T20:28:30Z,hasan841_in,374,"bhai ye wala stall best hai, 103 me itna khana #StreetFoodFinds",photo,5,1,0,0,0,126,ur,
x912392993125519471,2026-08-24T11:51:35Z,tara17,355,shipping status change hone me kitna time lagta hai #ShippingUpdate,none,2,0,0,0,0,208,bn,
x315618472921968647,2026-08-24T19:07:20Z,fastsupport507,133,refund not credited yet. @helpdeskx6official fastest support #RefundDelay,photo,0,0,0,0,0,38,bn,x287310042850964208
x317082845201122979,2026-08-25T23:48:26Z,arjun411official,1197,NOBODY saw that result coming #MatchNight,video,78,19,13,2,1,798,en,
x554290134000713029,2026-08-25T21:34:45Z,imran810x,112,everyone using this audio as a template #SingalongChallenge,none,4,0,0,0,0,110,bn,
x297439269357103081,2026-08-25T10:30:01Z,rizwan220x,496,"the whole crowd singing along, chills #WatchParty",photo,6,1,1,0,0,286,hi,x948125955538538490
x455094560575923167,2026-08-25T13:08:01Z,bina252x,2789,"late night eats thread, adding this one to the list #LateNightEats",photo,31,8,3,0,3,566,hi,
x381092397808965508,2026-08-25T17:49:42Z,arjun745_,5869,queue was 40 min long and honestly worth it #StreetFoodFinds,photo,170,33,14,5,12,3670,en,
x255511597046844882,2026-08-25T17:54:04Z,jay257_in,721,"ei jaygar khabar ta darun, must try #LateNightEats",photo,2,0,0,0,0,81,hi,
x524189151378851584,2026-08-25T13:10:39Z,jay418905,3735,found this 42-rupee plate near the station and i'm never recovering #LateNightEats,none,11,2,1,0,1,471,en,
x311827018384277663,2026-08-25T11:01:44Z,arjun244x,430,underdogs really did that tonight #UnderdogWin,video,12,1,2,0,1,201,en,
x472955711252105839,2026-08-25T08:43:51Z,refundhelp307,56,"order issue solved in 10 min, DM @helpdeskx7x #OrderIssue",none,0,0,0,0,0,25,hi,
x549592174962335003,2026-08-25T10:11:09Z,hasan841_in,374,"took it to a local shop, fixed for 3400. brand quoted 5x that #RepairNotReplace",none,2,0,0,0,0,152,en,
x962880882963556954,2026-08-25T19:48:49Z,rahul677,251,everyone using this audio as a template #SingalongChallenge,video,6,0,0,0,0,219,hi,
x737837334426631342,2026-08-25T12:07:38Z,meera834,344,watch party er environment ta osadharon chilo #SingalongChallenge,video,21,4,1,0,0,266,bn,
x112053031057819435,2026-08-25T09:10:17Z,rahul704official,1302,found this 34-rupee plate near the station and i'm never recovering #StreetFoodFinds,photo,21,7,0,0,0,436,ur,
x393326668722946397,2026-08-25T23:17:10Z,sana419,285,why is replacing the battery cheaper than the whole phone now #RepairNotReplace,photo,2,0,0,0,0,49,en,
x723971647320554226,2026-08-25T19:52:37Z,kabir769_in,276,why is replacing the battery cheaper than the whole phone now #RepairNotReplace,none,4,0,0,0,0,108,bn,
x657601067771252548,2026-08-25T20:08:30Z,sunny1172_,304,watch party er environment ta osadharon chilo #SingalongChallenge,video,6,1,0,0,0,246,bn,
x108917958418900938,2026-08-25T17:41:39Z,neel26307,771,"bhai ye wala stall best hai, 27 me itna khana #StreetFoodFinds",none,8,1,0,0,0,205,bn,x232455088445806828
x452781258847496435,2026-08-25T16:11:42Z,farhan760official,457,everyone using this audio as a template #WatchParty,none,4,0,0,0,0,,en,
x292253261560218509,2026-08-24T07:01:44Z,arjun26_,33,anyone know how long the update usually takes? #ShippingUpdate,none,0,0,0,0,0,30,hi,
x595663302707572421,2026-08-25T20:38:03Z,sunny1033x,1157,why is replacing the battery cheaper than the whole phone now #RightToRepair,none,23,4,3,1,2,689,en,
x762844075608586653,2026-08-25T18:35:34Z,imran837_,200,watch party er environment ta osadharon chilo #SingalongChallenge,video,0,0,0,0,0,36,en,
x965187680273286160,2026-08-25T20:01:25Z,omar173677,510,this haul format is everywhere on my feed now #CampusHaul,photo,18,4,0,0,2,265,en,
x922204045543434192,2026-08-25T17:47:36Z,zoya832_in,1483,watch party er environment ta osadharon chilo #SingalongChallenge,none,64,3,4,3,1,644,hi,
x483741312286871396,2026-08-25T22:21:29Z,tanvir28589,569,underdogs really did that tonight #MatchNight,photo,15,2,2,1,0,246,en,
x359790424398621315,2026-08-25T22:21:38Z,sana442_in,1605,biggest upset of the season easily #MatchNight,none,113,22,22,6,7,1694,hi,
x817694838256368297,2026-08-25T20:50:26Z,sunny716official,86,"back to campus haul, everything under 3400 #CampusHaul",none,1,0,0,0,0,32,en,
x206315598414606399,2026-08-25T16:09:01Z,jay118_,1840,"took it to a local shop, fixed for 2700. brand quoted 5x that #RepairNotReplace",video,64,9,10,3,1,1534,hi,
x539819861099144610,2026-08-25T11:07:17Z,sana182,1242,ei match ta bhulte parbo na #UnderdogWin,video,8,0,1,0,0,110,en,
x761593015257642190,2026-08-25T13:57:54Z,omar396,771,why is replacing the battery cheaper than the whole phone now #RepairNotReplace,none,9,2,1,0,0,464,hi,
x883081110487669521,2026-08-24T12:42:08Z,rizwan163_,113,queue was 40 min long and honestly worth it #LateNightEats,none,2,0,0,0,0,,hi,
x921465869120517140,2026-08-25T08:25:55Z,dipu787official,107,"ei jaygar khabar ta darun, must try #LateNightEats",photo,0,0,0,0,0,28,bn,
x562251877233329242,2026-08-25T09:53:02Z,bina50207,195,queue was 40 min long and honestly worth it #StreetFoodFinds,photo,2,0,0,0,0,67,en,x355035723194528108
x125757781916162530,2026-08-25T17:27:49Z,helpdeskx2official,4,order stuck? DM @fastsupport507 solution guaranteed #OrderIssue,none,0,0,0,0,0,21,en,
x872972437374042666,2026-08-25T00:26:50Z,shreya612,301,underdogs really did that tonight #UnderdogWin,video,1,0,0,0,0,72,hi,
x520238397396458734,2026-08-25T17:30:38Z,priya167official,1401,this haul format is everywhere on my feed now #CampusHaul,photo,40,2,7,2,0,834,bn,
x347561102103853135,2026-08-25T12:08:22Z,jay164536,473,biggest upset of the season easily #UnderdogWin,none,4,0,0,0,0,74,en,
x220171821216506265,2026-08-25T17:14:02Z,priya695x,11071,"the whole crowd singing along, chills #SingalongChallenge",none,335,70,60,24,16,7123,ur,
x877243591567120265,2026-08-24T07:48:04Z,meera91_in,1298,this haul format is everywhere on my feed now #BackToCampus,photo,7,1,0,0,0,418,hi,
x920865754947965694,2026-08-25T21:00:18Z,sana93007,2369,clip of that moment is everywhere now #WatchParty,video,46,9,6,3,1,1459,en,x455338228316832617
x681124957370800326,2026-08-24T14:18:41Z,rizwan62_in,696,"late night eats thread, adding this one to the list #LateNightEats",photo,3,0,0,0,0,355,bn,
x102073052994784017,2026-08-25T20:26:32Z,imran192official,1828,clip of that moment is everywhere now #WatchParty,photo,12,3,0,0,0,1083,en,
x738416198969203459,2026-08-24T22:33:49Z,omar10_in,1057,clip of that moment is everywhere now #WatchParty,photo,16,0,1,0,0,323,ur,
x404504198211074398,2026-08-24T17:33:56Z,rahul248307,271,why is replacing the battery cheaper than the whole phone now #RepairNotReplace,none,1,0,0,0,0,35,en,
x568751301140479509,2026-08-24T22:03:52Z,shreya29507,685,is it actually worth 12k or nah #HonestReview,none,4,1,0,0,0,221,hi,
x549793284229923086,2026-08-25T19:51:45Z,kabir328,1022,clip of that moment is everywhere now #WatchParty,video,24,5,3,0,2,562,en,
x189885725521317279,2026-08-25T21:47:44Z,aisha902x,6158,this haul format is everywhere on my feed now #CampusHaul,photo,317,70,30,0,6,6100,en,
x871094994940649756,2026-08-25T14:59:55Z,nadia388472,1087,"repair karana sasta hai, log samajhte nahi #RepairNotReplace",photo,45,3,6,2,1,1261,en,x198142077959862506
x616668285742143023,2026-08-24T23:21:03Z,hasan33007,447,"took it to a local shop, fixed for 5800. brand quoted 5x that #RepairNotReplace",none,4,0,0,0,0,485,en,
x154832393577671897,2026-08-25T17:24:43Z,tara42,147,NOBODY saw that result coming #MatchNight,video,7,1,1,0,0,123,en,
x406648118631501138,2026-08-25T21:00:41Z,neel77007,661,NOBODY saw that result coming #UnderdogWin,video,3,0,0,0,0,344,en,
x509633187395889925,2026-08-25T10:13:20Z,arjun244x,430,queue was 40 min long and honestly worth it #StreetFoodFinds,photo,2,0,0,0,0,138,en,
x225227425662458542,2026-08-25T16:15:33Z,claimnow8,109,"order issue solved in 10 min, DM @fastsupport507 #RefundDelay",photo,0,0,0,0,0,34,en,
x548812902189960700,2026-08-25T19:58:34Z,sana133_,102,"parts pairing is the real problem, not the screws #RepairNotReplace",none,4,0,0,0,0,76,bn,x105713228608200447
x996643509965780438,2026-08-25T11:14:25Z,jay470official,237,everyone using this audio as a template #WatchParty,video,2,0,0,0,0,127,hi,
x754454380276826142,2026-08-25T22:12:51Z,meera91_in,1298,ei match ta bhulte parbo na #UnderdogWin,video,,0,1,0,0,,en,
x756147076232785437,2026-08-25T23:24:34Z,kabir1158592,523,found this 103-rupee plate near the station and i'm never recovering #StreetFoodFinds,video,4,0,0,0,0,42,ur,
x200052581915392800,2026-08-25T23:06:25Z,priya78840,285,"the whole crowd singing along, chills #SingalongChallenge",video,4,0,0,0,0,214,en,
x606894247866948024,2026-08-25T20:51:10Z,dipu221_in,196,[deleted],gif,0,0,0,0,0,119,hi,
x634363519296213594,25/08/2026 18:04,imran51_,151,biggest upset of the season easily #MatchNight,none,1,0,0,0,0,86,en,
x904785160923193475,2026-08-25T20:42:11Z,meera1032,561,ei match ta bhulte parbo na #UnderdogWin,video,14,2,0,0,1,515,en,
x782497404756130831,2026-08-25T21:41:12Z,fastsupport0_in,71,refund pending since 48 hours. contact @fastsupport507 for fast resolution #RefundDelay,none,0,0,0,0,0,52,en,
x445323122611517587,2026-08-25T11:47:28Z,bina85607,2282,is the app down for everyone or just me #ServerOutage,gif,47,8,3,1,3,2561,bn,
x977520403205929076,2026-08-25T20:55:18Z,tanvir976x,462,this haul format is everywhere on my feed now #CampusHaul,none,12,2,1,0,0,505,hi,x516585057883363792
x662330890465934644,2026-08-24T06:19:05Z,rizwan119_,751,last over replay pe replay dekh raha hu #MatchNight,photo,1,0,0,0,0,65,en,
x481921181013082672,2026-08-25T10:41:06Z,anaya74107,297,last over replay pe replay dekh raha hu #MatchNight,video,2,0,0,0,0,109,en,
x247561448534514400,2026-08-25T23:27:27Z,meera920_,1694,clip of that moment is everywhere now #SingalongChallenge,video,68,12,13,0,6,1765,en,
x589029567813353381,2026-08-25T11:24:47Z,omar449,1183,"the whole crowd singing along, chills #SingalongChallenge",none,52,3,3,1,7,983,en,x744387036792361996
x239147409293730798,2026-08-24T09:49:12Z,zoya48_in,287,honest review after two weeks of daily use #HonestReview,none,1,0,0,0,0,30,en,x444752233019429561
x687358831212296705,2026-08-25T09:04:30Z,hasan35094,225,watch party er environment ta osadharon chilo #WatchParty,photo,3,0,0,0,0,202,en,
x290461955903356295,2026-08-25T21:22:10Z,helpdeskx6official,111,"order issue solved in 10 min, DM @helpdeskx7x #OrderIssue",none,0,0,0,0,0,81,ur,x580644138045995674
x768103214941898647,2026-08-25T10:37:00Z,helpdeskx7x,14,refund pending since 48 hours. contact @claimnow8 for fast resolution #RefundDelay,none,0,0,0,0,0,34,en,x409903744360013332
x373200301504324939,2026-08-25T22:21:31Z,arjun1169_in,392,everyone using this audio as a template #WatchParty,video,0,0,0,0,0,49,en,
x308061623801147575,2026-08-25T18:39:28Z,omar4407,2871,honest review after two weeks of daily use #HonestReview,video,2,0,0,0,0,309,en,
x667292533020190176,2026-08-25T19:26:41Z,vikram50407,1546,underdogs really did that tonight #MatchNight,photo,24,3,4,1,2,1157,en,
x135363708683914484,2026-08-25T09:30:44Z,meera36195,5174,underdogs really did that tonight #MatchNight,none,85,13,6,3,0,1692,hi,x154201094267020178
x747624590628912396,2026-08-25T11:48:12Z,arjun340official,810,"parts pairing is the real problem, not the screws #RightToRepair",none,8,1,0,0,0,665,en,x241032476456712489
x253124574507529492,2026-08-25T13:42:22Z,aisha935,134,biggest upset of the season easily #MatchNight,photo,2,0,0,0,0,92,hi,
x710471847378030561,2026-08-25T23:28:37Z,tara1023767,176,"repair karana sasta hai, log samajhte nahi #RepairNotReplace",none,1,0,0,0,0,43,bn,
x685224188324971597,2026-08-25T00:38:58Z,nadia406x,206,why is replacing the battery cheaper than the whole phone now #RightToRepair,photo,1,0,0,0,0,36,hi,
x740025242153777460,2026-08-25T21:12:23Z,rahul1038,1177,"the whole crowd singing along, chills #WatchParty",video,1,0,0,0,0,197,en,
x666195857915883111,2026-08-25T21:49:53Z,zoya977,216,"the whole crowd singing along, chills #SingalongChallenge",photo,7,0,0,0,0,95,ur,
x354428609340001937,2026-08-24T03:54:42Z,aisha13x,206,hostel room setup part 2 #CampusHaul,photo,6,1,0,0,0,,en,
x932872924400112901,2026-08-25T19:03:29Z,zoya434official,184,clip of that moment is everywhere now #WatchParty,video,8,1,1,0,0,179,en,
x145567296897991954,2026-08-25T13:06:43Z,bina186_in,2328,"ok it's a regional thing, not a full outage #AppDown",none,62,21,4,1,6,1053,en,
x213124337989806301,2026-08-25T20:55:39Z,rahul1101x,10778,everyone using this audio as a template #SingalongChallenge,none,122,28,20,0,13,7244,en,
x349282579265768427,2026-08-25T13:30:15Z,rahul729_,215,queue was 40 min long and honestly worth it #StreetFoodFinds,video,6,0,0,0,0,107,ur,
x115984271665262214,2026-08-25T18:48:02Z,tara65707,208,"genuinely good thread on repairability scores, worth a read #RightToRepair",none,2,0,0,0,0,124,en,
x309456572122069017,2026-08-25T15:05:20Z,aisha13x,206,ei match ta bhulte parbo na #MatchNight,photo,4,0,0,0,0,126,en,
x433067990373292697,2026-08-25T09:49:24Z,dipu72official,353,underdogs really did that tonight #UnderdogWin,video,9,1,1,0,0,270,hi,
x862737677647702591,2026-08-25T21:16:56Z,zoya828157,11584,queue was 40 min long and honestly worth it #StreetFoodFinds,photo,250,68,17,16,12,6071,ur,x952717333196243294
x823305890923096657,2026-08-25T20:00:47Z,neel358991,763,"genuinely good thread on repairability scores, worth a read #RightToRepair",none,1,0,0,0,0,120,en,
x250864945320928021,2026-08-25T23:25:58Z,meera834,344,everyone using this audio as a template #WatchParty,video,1,0,0,0,0,59,en,
x821226764565637605,2026-08-25T19:35:20Z,shreya355official,846,"the whole crowd singing along, chills #WatchParty",photo,7,0,0,0,0,165,en,
x379791848577347222,2026-08-24T03:54:06Z,arjun26_,33,clip of that moment is everywhere now #SingalongChallenge,video,0,0,0,0,0,21,en,x928614613208036689
x158860609406755141,2026-08-25T10:31:21Z,imran68107,409,"the whole crowd singing along, chills #SingalongChallenge",video,19,3,2,0,2,401,en,
x807832961231526181,2026-08-24T15:30:35Z,arjun26_,33,ei match ta bhulte parbo na #UnderdogWin,none,1,0,0,0,0,28,hi,
x171626867570555663,2026-08-25T21:47:08Z,sana109358,474,"bhai ye wala stall best hai, 18 me itna khana #StreetFoodFinds",none,20,5,0,0,2,264,en,
x197332977441526008,2026-08-25T17:42:08Z,farhan950_in,368,everyone using this audio as a template #SingalongChallenge,none,5,0,0,0,0,92,hi,
x700337082444459890,2026-08-25T22:15:04Z,imran613_,591,queue was 40 min long and honestly worth it #LateNightEats,photo,1,0,0,0,0,51,bn,
x654945763170994068,2026-08-25T17:44:41Z,farhan55_,1319,found this 42-rupee plate near the station and i'm never recovering #LateNightEats,none,18,6,1,0,1,350,en,
x950111649673997270,2026-08-25T14:03:18Z,fastsupport507,133,refund not credited yet. @claimnow8 fastest support #RefundDelay,photo,0,0,0,0,0,120,en,
x492612466740204485,2026-08-25T12:12:12Z,tanvir28589,569,clip of that moment is everywhere now #WatchParty,video,0,0,0,0,0,64,hi,
x926519202610791428,25/08/2026 18:29,aisha357511,574,biggest upset of the season easily #UnderdogWin,video,6,0,0,0,0,193,hi,
x989826261440970672,2026-08-25T12:07:22Z,priya725644,2160,biggest upset of the season easily #MatchNight,video,10,1,0,0,0,,hi,
x896930573398229921,2026-08-25T09:22:03Z,sunny838official,348,found this 42-rupee plate near the station and i'm never recovering #StreetFoodFinds,photo,10,1,0,0,0,150,hi,
x505866099361061576,2026-08-24T19:07:26Z,meera13529,3158,"friday faves, 42 things i actually used this week #WeeklyRoundup",photo,24,3,3,0,0,2340,en,
x876878703022730820,2026-08-25T21:07:50Z,sunny1044official,427,third time this week honestly #AppDown,none,8,2,1,0,0,315,hi,
x901749938487303441,2026-08-25T12:59:06Z,meera588official,948,"genuinely good thread on repairability scores, worth a read #RepairNotReplace",none,8,0,0,0,1,186,ur,x900434297385343425
x121255175867223895,2026-08-25T17:50:47Z,kabir134_,2531,"delivery took 3 days longer than promised, finally here #DeliveryStatus",video,20,2,3,1,0,1655,en,
x583981687972546064,2026-08-25T16:56:39Z,meera891official,161,"ei jaygar khabar ta darun, must try #StreetFoodFinds",photo,1,0,0,0,0,128,en,x661774470540599164
x295415813617538432,2026-08-25T18:10:41Z,refundhelp1,15,"order issue solved in 10 min, DM @fastsupport0_in #RefundDelay",none,0,0,0,0,0,37,ur,
x416223227440499319,2026-08-25T09:39:02Z,bina630_in,756,"the whole crowd singing along, chills #SingalongChallenge",video,26,5,3,1,1,392,bn,
x434636686608237200,2026-08-24T14:31:00Z,dipu123,60,made it into the roundup somehow #FridayFaves,none,0,0,0,0,0,46,en,
x241637595417167950,2026-08-25T21:15:07Z,dipu35407,770,queue was 40 min long and honestly worth it #StreetFoodFinds,photo,19,3,3,1,0,354,en,x555193825001732879
x322201167452154166,2026-08-25T19:42:55Z,sunny838official,348,found this 27-rupee plate near the station and i'm never recovering #LateNightEats,photo,4,0,0,0,0,225,en,
x389997183508181444,2026-08-25T10:20:37Z,neel66_,1691,everyone using this audio as a template #SingalongChallenge,none,,3,1,0,1,,en,
x978934965673082952,2026-08-25T19:48:17Z,sunny577x,289,last over replay pe replay dekh raha hu #UnderdogWin,video,11,3,0,0,0,117,en,
x635816215833207702,2026-08-25T20:00:48Z,zoya181,335,queue was 40 min long and honestly worth it #LateNightEats,photo,19,2,0,1,1,200,en,
x283352132450892583,2026-08-25T17:31:52Z,jay973212,1247,clip of that moment is everywhere now #SingalongChallenge,video,3,0,0,0,0,93,en,
x729419428013931583,2026-08-25T13:56:33Z,sunny557,795,"the whole crowd singing along, chills #SingalongChallenge",none,7,0,0,0,0,509,en,
x928306701524409197,2026-08-25T01:07:41Z,vikram180_,362,everyone using this audio as a template #SingalongChallenge,video,2,0,0,0,0,403,en,
x343092085947363881,2026-08-25T22:15:48Z,aisha1083x,728,found this 34-rupee plate near the station and i'm never recovering #LateNightEats,photo,8,1,0,0,0,186,en,
x278563877536181628,2026-08-25T14:44:18Z,sana43719,656,"repair karana sasta hai, log samajhte nahi #RepairNotReplace",video,9,0,0,0,0,157,en,
x416122323605227408,2026-08-25T18:52:59Z,kabir776321,1290,ei match ta bhulte parbo na #MatchNight,photo,8,0,1,0,0,168,en,
x835287115068206265,2026-08-25T23:22:54Z,aisha377x,245,NOBODY saw that result coming #UnderdogWin,photo,2,0,0,0,0,22,en,
x657902562808922355,2026-08-24T09:50:23Z,rizwan86,593,queue was 40 min long and honestly worth it #LateNightEats,none,12,1,2,0,0,337,bn,
x693127384857723019,2026-08-25T21:42:12Z,helpdeskx7x,14,refund not credited yet. @fastsupport0_in fastest support #RefundDelay,none,0,0,0,0,0,33,en,
x589960688737562398,2026-08-24T23:46:50Z,sunny417official,491,"genuinely good thread on repairability scores, worth a read #RightToRepair",photo,15,2,2,0,1,314,en,
x419436009504485482,2026-08-25T22:03:10Z,aisha377x,245,this haul format is everywhere on my feed now #BackToCampus,video,2,0,0,0,0,145,bn,
x330011867268762170,2026-08-25T13:51:41Z,sana457x,212,watch party er environment ta osadharon chilo #SingalongChallenge,video,8,1,1,0,0,111,en,
x534207960942158823,2026-08-25T17:52:39Z,dipu453809,172,this haul format is everywhere on my feed now #CampusHaul,photo,2,0,0,0,0,26,en,x848787803449514132
x517982184423720377,2026-08-25T09:23:33Z,bina86507,875,last over replay pe replay dekh raha hu #UnderdogWin,video,9,0,1,0,0,243,hi,x535648804261568262
x996821314980244729,2026-08-25T13:49:21Z,neel596,950,clip of that moment is everywhere now #SingalongChallenge,none,5,1,0,0,0,564,en,
x755575681758867521,2026-08-25T17:22:57Z,fastsupport0_in,71,refund pending since 48 hours. contact @refundhelp307 for fast resolution #RefundDelay,none,0,0,0,0,0,66,en,
x715589437140650837,2026-08-25T16:31:21Z,vikram204official,5223,ei match ta bhulte parbo na #UnderdogWin,video,72,12,8,5,7,5022,en,
x142235158404249668,2026-08-25T12:56:53Z,sana823819,287,"repair karana sasta hai, log samajhte nahi #RightToRepair",gif,2,0,0,0,0,45,en,
x897945061636488375,2026-08-25T11:27:57Z,arjun362official,1188,"false alarm apparently, working again on my end #ServerOutage",none,10,1,1,0,0,295,bn,
x227315263192043331,2026-08-25T16:46:52Z,hasan894official,197,"parts pairing is the real problem, not the screws #RightToRepair",none,3,0,0,0,0,52,hi,
x328417990615199247,2026-08-25T22:50:32Z,imran148_,1827,this haul format is everywhere on my feed now #BackToCampus,photo,29,9,0,1,3,682,en,
x872288532533454734,2026-08-25T21:37:33Z,zoya726official,5865,watch party er environment ta osadharon chilo #WatchParty,photo,144,13,22,0,3,6175,hi,x328143894977305706
x997742538995384811,2026-08-25T13:10:59Z,refundhelp1,15,refund pending since 48 hours. contact @fastsupport507 for fast resolution #OrderIssue,none,0,0,0,0,0,41,bn,x472668053770045275
x464504404976234103,2026-08-25T14:16:55Z,sunny591x,247,clip of that moment is everywhere now #WatchParty,photo,2,0,0,0,0,86,en,x584703803458775581
x521740706451207881,2026-08-24T17:44:26Z,aisha20607,161,"the whole crowd singing along, chills #WatchParty",video,0,0,0,0,0,47,en,
x780849849733271642,2026-08-25T20:17:52Z,dipu914,827,"ok it's a regional thing, not a full outage #AppDown",none,27,4,4,0,1,703,hi,x780599603028417907
x668895807876338952,2026-08-25T12:43:36Z,neel675_in,115,"ei jaygar khabar ta darun, must try #StreetFoodFinds",video,0,0,0,0,0,107,hi,
x178666499839972965,2026-08-25T18:19:19Z,sana43719,656,found this 27-rupee plate near the station and i'm never recovering #LateNightEats,none,19,2,2,0,2,578,en,
x870297372573630443,2026-08-25T17:31:11Z,nadia955official,1184,"ei jaygar khabar ta darun, must try #LateNightEats",photo,33,8,4,1,3,1262,en,
x841590638941758974,2026-08-25T16:43:35Z,nadia409_in,67,"ei jaygar khabar ta darun, must try #LateNightEats",none,0,0,0,0,0,50,hi,
x451982810031709207,2026-08-25T08:55:11Z,hasan841_in,374,ei match ta bhulte parbo na #MatchNight,video,5,0,0,0,0,193,en,
x922279164270661155,2026-08-25T17:20:18Z,anaya624,323,last over replay pe replay dekh raha hu #MatchNight,video,6,1,1,0,0,199,hi,
x883180720703066960,2026-08-25T21:04:27Z,hasan33007,447,"took it to a local shop, fixed for 1800. brand quoted 5x that #RepairNotReplace",none,12,1,1,0,0,246,en,
x919486408174095124,2026-08-25T00:06:36Z,bina551_in,709,"bhai ye wala stall best hai, 34 me itna khana #StreetFoodFinds",photo,18,5,1,0,1,571,hi,x853373015985142655
x538030189058120635,2026-08-25T22:16:39Z,arjun43807,103,this haul format is everywhere on my feed now #BackToCampus,photo,0,0,0,0,0,39,en,
x823246446315750790,2026-08-25T09:35:57Z,rizwan8907,1275,"parts pairing is the real problem, not the screws #RepairNotReplace",video,6,1,0,0,0,209,en,
x573885595055556859,2026-08-25T00:50:03Z,imran610_in,1689,"ei jaygar khabar ta darun, must try #StreetFoodFinds",photo,8,2,1,0,0,891,en,
x122707163085095976,2026-08-25T01:30:46Z,sana43719,656,NOBODY saw that result coming #MatchNight,none,17,4,2,0,1,380,en,
x886361400849678599,2026-08-25T19:15:41Z,kabir523x,181,"repair karana sasta hai, log samajhte nahi #RightToRepair",none,1,0,0,0,0,49,bn,
x849590669450958091,2026-08-24T03:31:58Z,aisha11_in,907,everyone using this audio as a template #WatchParty,video,20,2,3,1,0,721,ur,
x270631309218963948,2026-08-25T11:12:58Z,helpdeskx2official,4,order stuck? DM @helpdeskx6official solution guaranteed #OrderIssue,none,0,0,0,0,0,29,hi,
x726052443115279908,2026-08-25T13:20:09Z,bina558official,833,"bhai ye wala stall best hai, 18 me itna khana #StreetFoodFinds",photo,5,1,0,0,0,310,en,
x945430254631368272,2026-08-25T14:06:50Z,anaya624,323,watch party er environment ta osadharon chilo #WatchParty,photo,4,0,0,0,0,85,ur,
x152172858055738363,2026-08-25T23:51:10Z,arjun1072_,1635,NOBODY saw that result coming #MatchNight,video,47,14,5,2,6,1087,en,
x342732209657408183,2026-08-25T22:22:51Z,jay747x,1355,"back to campus haul, everything under 4200 #BackToCampus",none,74,6,12,0,1,818,hi,
x712280134503139028,2026-08-25T12:44:12Z,helpdeskx7x,14,refund not credited yet. @refundhelp307 fastest support #OrderIssue,photo,0,0,0,0,0,35,en,
x713863187771736460,2026-08-25T13:24:19Z,vikram204official,5223,"genuinely good thread on repairability scores, worth a read #RightToRepair",none,13,1,1,0,1,726,en,x387245107386898162
x932108903625080055,2026-08-25T22:55:08Z,omar693648,182,biggest upset of the season easily #MatchNight,video,3,0,0,0,0,76,hi,
x851619500190115257,2026-08-25T08:54:35Z,helpdeskx2official,4,refund not credited yet. @fastsupport0_in fastest support #OrderIssue,none,0,0,0,0,0,29,bn,x124466003621845804
x309470598512269602,2026-08-25T10:40:13Z,tanvir723x,2439,clip of that moment is everywhere now #WatchParty,photo,78,21,2,5,10,1231,en,
x720792756199827665,2026-08-25T16:45:49Z,meera84507,353,last over replay pe replay dekh raha hu #UnderdogWin,none,8,0,1,0,0,183,en,
x824775405644728374,2026-08-24T10:47:19Z,vikram24_in,720,queue was 40 min long and honestly worth it #LateNightEats,photo,12,3,1,0,0,696,en,
x390127265896151633,2026-08-24T16:11:20Z,farhan205_,3317,NOBODY saw that result coming #UnderdogWin,video,13,4,1,0,1,428,en,
x667570184628288767,2026-08-25T09:49:29Z,omar693648,182,"ok it's a regional thing, not a full outage #AppDown",photo,7,1,0,0,0,108,hi,
x917357384697886258,2026-08-24T06:40:20Z,zoya79,3470,third time this week honestly #ServerOutage,none,77,13,2,5,11,2913,en,x874807669985682034
x280135548647238288,2026-08-24T13:41:54Z,helpdeskx6official,111,"order issue solved in 10 min, DM @fastsupport4_in #RefundDelay",photo,0,0,0,0,0,23,bn,
x300182058318632797,2026-08-25T23:01:28Z,bina12807,80,"repair karana sasta hai, log samajhte nahi #RightToRepair",none,1,0,0,0,0,39,hi,
x893066783998888668,2026-08-25T13:29:02Z,rizwan119_,751,clip of that moment is everywhere now #WatchParty,video,14,2,1,0,0,418,hi,
x946020214838332857,2026-08-25T18:27:15Z,omar132_in,699,"parts pairing is the real problem, not the screws #RepairNotReplace",photo,32,8,1,0,4,545,hi,
x307446692465585667,2026-08-25T14:45:23Z,nadia380_,491,last over replay pe replay dekh raha hu #UnderdogWin,video,3,0,0,0,0,90,en,
x792591834283661804,2026-08-25T16:11:18Z,tara872375,2735,"took it to a local shop, fixed for 5800. brand quoted 5x that #RepairNotReplace",none,11,3,0,0,1,305,en,
x739559147590093397,2026-08-25T18:38:47Z,imran987,614,found this 12-rupee plate near the station and i'm never recovering #LateNightEats,none,21,3,0,1,0,360,ur,x411714169623492406
x807950809673974236,2026-08-25T18:30:09Z,zoya1084344,822,"parts pairing is the real problem, not the screws #RightToRepair",none,17,1,3,1,0,377,en,
x941759691680922800,2026-08-24T20:06:07Z,anaya54_in,484,"this week's roundup is live, have a read #FridayFaves",video,0,0,0,0,0,58,bn,
x596844178667748595,2026-08-25T15:12:41Z,rahul26207,1136,biggest upset of the season easily #UnderdogWin,video,15,0,1,1,0,614,hi,
x576375413980849554,2026-08-25T10:09:36Z,tanvir158454,4032,"the whole crowd singing along, chills #WatchParty",video,32,10,1,1,1,2180,en,
x482616689400020450,2026-08-25T16:33:50Z,farhan55_,1319,anyone know how long the update usually takes? #DeliveryStatus,photo,4,1,0,0,0,331,en,
x923447871975329023,2026-08-25T15:40:37Z,rahul105x,293,anyone know how long the update usually takes? #DeliveryStatus,none,1,0,0,0,0,117,en,
x258323611644882210,2026-08-24T15:22:33Z,bina6807,131,"the whole crowd singing along, chills #WatchParty",video,1,0,0,0,0,48,en,
x611419997154082774,2026-08-25T17:48:30Z,bina89707,175,clip of that moment is everywhere now #SingalongChallenge,video,0,0,0,0,0,43,bn,
x458209087390375555,2026-08-24T23:48:26Z,kabir428,338,ei match ta bhulte parbo na #UnderdogWin,video,0,0,0,0,0,49,hi,
x817380565294681190,2026-08-25T23:57:04Z,rahul704official,1302,why is replacing the battery cheaper than the whole phone now #RepairNotReplace,photo,57,6,3,1,1,636,hi,x525021143990475473
x518854643254598382,2026-08-25T16:44:09Z,omar693648,182,"took it to a local shop, fixed for 3400. brand quoted 5x that #RepairNotReplace",video,3,0,0,0,0,217,en,
x113345432520886911,2026-08-25T21:56:39Z,vikram1026381,3750,"back to campus haul, everything under 10300 #BackToCampus",none,12,0,1,0,1,1011,en,
x214060563005739164,2026-08-24T15:13:54Z,sana419,285,everyone using this audio as a template #SingalongChallenge,none,5,0,0,0,0,366,en,
x736778503863084184,2026-08-25T10:32:59Z,sunny78507,55,"false alarm apparently, working again on my end #AppDown",video,1,0,0,0,0,27,bn,
x396193116709462434,2026-08-24T13:56:52Z,zoya48_in,,"friday faves, 12 things i actually used this week #WeeklyRoundup",none,,1,0,0,0,,hi,
x589960688737562398,2026-08-24T23:46:50Z,sunny417official,491,"genuinely good thread on repairability scores, worth a read #RightToRepair",photo,15,2,2,0,1,314,en,
x245687505918250217,2026-08-25T19:20:25Z,sunny421_in,88,"back to campus haul, everything under 5800 #BackToCampus",photo,1,0,0,0,0,56,en,x278861834534517466
x703830768644243314,2026-08-25T20:56:42Z,anaya853_,239,"the whole crowd singing along, chills #SingalongChallenge",photo,8,1,0,0,0,154,en,
x394580594205677329,2026-08-25T12:55:58Z,jay654x,268,why is replacing the battery cheaper than the whole phone now #RightToRepair,none,4,0,0,0,0,199,hi,
x360415678499389777,2026-08-25T15:37:49Z,tanvir843_in,486,"repair karana sasta hai, log samajhte nahi #RepairNotReplace",none,2,0,0,0,0,168,hi,
x105351530988077255,2026-08-24T18:14:05Z,sunny63270,153,"the whole crowd singing along, chills #WatchParty",none,3,1,0,0,0,90,hi,
x822331852468613306,2026-08-25T13:53:13Z,rahul64official,309,"ok it's a regional thing, not a full outage #ServerOutage",photo,10,1,1,0,1,286,hi,
x965492266098506959,2026-08-25T17:07:33Z,arjun59,276,"genuinely good thread on repairability scores, worth a read #RightToRepair",none,3,0,0,0,0,43,en,
x736857861886090373,2026-08-25T14:54:28Z,dipu369x,1355,[deleted],none,0,0,0,2,5,1062,en,
x519178669341776290,2026-08-25T14:47:59Z,vikram960270,5085,found this 18-rupee plate near the station and i'm never recovering #StreetFoodFinds,photo,47,16,3,1,4,662,en,
x524428090179592206,25/08/2026 17:03,vikram1026381,3750,this haul format is everywhere on my feed now #BackToCampus,none,138,8,10,7,9,2598,hi,
x161617322988977919,2026-08-24T17:06:04Z,aisha4_in,356,"delivery took 3 days longer than promised, finally here #DeliveryStatus",none,8,2,1,0,0,246,hi,
x903923967761179464,2026-08-25T21:29:37Z,hasan33007,447,this haul format is everywhere on my feed now #BackToCampus,photo,6,1,1,0,0,91,hi,
x418248975656492573,2026-08-25T00:06:39Z,nadia234official,6179,"college list banaya hai, kuch reh gaya? #BackToCampus",none,112,27,11,6,11,2520,en,
x244990274274626827,2026-08-25T10:27:42Z,rizwan818x,84,watch party er environment ta osadharon chilo #WatchParty,video,1,0,0,0,0,36,en,x485441662093225957
x289433276147919430,2026-08-25T13:02:26Z,meera535_,650,underdogs really did that tonight #UnderdogWin,video,4,0,0,0,0,280,en,
x241133449842565017,2026-08-25T23:17:51Z,refundhelp1,15,refund pending since 48 hours. contact @fastsupport507 for fast resolution #OrderIssue,none,0,0,0,0,0,32,hi,
x296981536853089360,2026-08-25T22:46:34Z,aisha44507,245,last over replay pe replay dekh raha hu #UnderdogWin,none,3,0,0,0,0,50,hi,
x300182058318632797,2026-08-25T23:01:28Z,bina12807,80,"repair karana sasta hai, log samajhte nahi #RightToRepair",none,1,0,0,0,0,39,hi,
x561052923366695789,2026-08-25T23:23:53Z,hasan165_,290,NOBODY saw that result coming #MatchNight,video,7,0,1,0,0,140,en,
x143416094402891418,2026-08-25T19:14:45Z,jay1114,488,queue was 40 min long and honestly worth it #StreetFoodFinds,photo,11,2,0,0,0,146,en,x741853251855398410
x597832249615975581,2026-08-25T20:31:32Z,tanvir319official,1664,"the whole crowd singing along, chills #SingalongChallenge",photo,34,2,5,1,3,1750,hi,
x997900581700285786,2026-08-25T15:07:58Z,omar652,225,"the whole crowd singing along, chills #WatchParty",none,2,0,0,0,0,71,en,x122811243679490431
x197141696393035446,2026-08-25T13:42:18Z,meera663_,2423,biggest upset of the season easily #MatchNight,none,5,0,0,0,0,246,en,x688910845975173407
x753374706028910372,2026-08-25T22:42:41Z,rahul309official,168,queue was 40 min long and honestly worth it #LateNightEats,photo,5,0,0,0,0,79,bn,
x953717034747530428,2026-08-25T11:25:08Z,rizwan873_in,866,last over replay pe replay dekh raha hu #UnderdogWin,none,18,3,0,0,2,213,hi,
x852935068218481448,2026-08-25T18:31:05Z,imran756x,172,everyone using this audio as a template #SingalongChallenge,none,1,0,0,0,0,57,hi,
x418702286299523592,2026-08-25T22:25:52Z,meera170686,253,this haul format is everywhere on my feed now #CampusHaul,photo,0,0,0,0,0,26,en,
x167546218564976238,2026-08-25T13:06:48Z,hasan93,2018,last over replay pe replay dekh raha hu #UnderdogWin,photo,50,9,7,3,2,731,en,
x302768154779718840,2026-08-25T19:22:39Z,sunny526,802,"ei jaygar khabar ta darun, must try #LateNightEats",none,16,3,1,0,0,313,en,x542399972550389374
x655946630080892822,2026-08-25T12:32:04Z,fastsupport0_in,71,refund not credited yet. @refundhelp1 fastest support #OrderIssue,video,0,0,0,0,0,67,en,x180912678512078642
x944622241723703070,2026-08-25T19:23:29Z,bina186_in,2328,everyone using this audio as a template #WatchParty,video,25,6,1,0,1,1537,en,
x479254711898011977,2026-08-24T23:41:40Z,shreya404_,766,clip of that moment is everywhere now #SingalongChallenge,none,8,0,0,0,0,302,en,
x258385445699269082,2026-08-25T14:33:07Z,arjun20269,1062,watch party er environment ta osadharon chilo #SingalongChallenge,none,7,0,0,0,0,276,hi,
x208930387775190780,2026-08-25T09:22:31Z,fastsupport0_in,71,refund pending since 48 hours. contact @helpdeskx6official for fast resolution #RefundDelay,video,0,0,0,0,0,57,en,
x455021383456357334,2026-08-24T17:09:16Z,vikram24_in,720,everyone using this audio as a template #WatchParty,video,1,0,0,0,0,120,hi,
x261702652155313462,2026-08-24T05:40:05Z,dipu1,848,still stuck on the loading screen #AppDown,none,29,4,2,2,3,512,bn,
x203337914610971597,2026-08-25T23:08:47Z,kabir1059_,1664,watch party er environment ta osadharon chilo #SingalongChallenge,photo,13,3,0,0,1,634,bn,
x317927138204522323,2026-08-25T18:00:27Z,priya799_in,61,biggest upset of the season easily #MatchNight,video,0,0,0,0,0,35,en,
x444881592085582677,2026-08-25T13:02:39Z,rahul782x,279,biggest upset of the season easily #MatchNight,none,1,0,0,0,0,298,en,x744816164797528949
x334807137773428905,2026-08-25T23:49:40Z,tara1145639,10103,ei match ta bhulte parbo na #MatchNight,video,554,97,19,35,5,10959,hi,
x685420602818108445,2026-08-25T17:32:39Z,imran8707,361,found this 12-rupee plate near the station and i'm never recovering #LateNightEats,photo,8,1,1,0,0,252,en,
x285446051047633295,2026-08-25T22:03:34Z,sana419,285,"bhai ye wala stall best hai, 103 me itna khana #LateNightEats",photo,4,0,0,0,0,143,en,
x541024245022406974,2026-08-25T21:22:41Z,meera920_,1694,NOBODY saw that result coming #UnderdogWin,photo,46,10,2,1,4,1449,en,
x731385286838966259,2026-08-25T15:38:19Z,kabir321774,1168,"the whole crowd singing along, chills #SingalongChallenge",none,9,2,1,0,0,456,bn,
x818142794439455843,2026-08-24T16:10:29Z,arjun351378,337,watch party er environment ta osadharon chilo #WatchParty,video,4,0,0,0,0,79,en,x390895299436691507
x742580212671031021,2026-08-25T13:19:24Z,dipu231_in,244,biggest upset of the season easily #UnderdogWin,photo,1,0,0,0,0,99,en,
x117729897555110689,2026-08-24T19:11:22Z,aisha414,428,"bhai ye wala stall best hai, 103 me itna khana #LateNightEats",photo,3,0,0,0,0,172,en,
x136580141479121308,2026-08-25T18:37:12Z,zoya600_,91,watch party er environment ta osadharon chilo #SingalongChallenge,video,2,0,0,0,0,74,hi,
x503655680715530124,2026-08-25T17:17:21Z,kabir108207,463,hostel room setup part 2 #BackToCampus,photo,4,0,0,0,0,82,en,
x374680472778525966,2026-08-25T12:17:20Z,tanvir33107,476,"ei jaygar khabar ta darun, must try #LateNightEats",none,14,2,2,0,1,467,en,
x364550193340942940,2026-08-25T10:51:54Z,rahul26207,1136,"took it to a local shop, fixed for 1200. brand quoted 5x that #RepairNotReplace",none,67,11,5,4,6,1162,hi,
x824911254659878641,2026-08-24T18:18:15Z,fastsupport0_in,71,refund pending since 48 hours. contact @fastsupport0_in for fast resolution #RefundDelay,none,0,0,0,0,0,63,en,
x424899625409523854,2026-08-25T00:29:14Z,shreya143x,241,everyone using this audio as a template #WatchParty,video,1,0,0,0,0,61,en,
x508516631910035894,2026-08-25T12:04:33Z,farhan742_,86,ei match ta bhulte parbo na #MatchNight,video,1,0,0,0,0,47,hi,x104270132925260411
x968723822690310749,2026-08-25T22:06:26Z,anaya739_in,553,last over replay pe replay dekh raha hu #UnderdogWin,video,3,0,0,0,0,189,hi,
x280850887639072934,2026-08-25T20:12:44Z,arjun112007,519,"late night eats thread, adding this one to the list #StreetFoodFinds",photo,8,0,1,0,1,330,en,
x346406979439300272,2026-08-25T14:20:07Z,priya806230,2493,hostel room setup part 2 #CampusHaul,photo,7,2,1,0,0,308,en,x981268070612778320
x870338543217212927,2026-08-24T22:33:09Z,priya117official,224,ei match ta bhulte parbo na #UnderdogWin,video,6,0,0,0,0,110,en,
x882255797706920574,2026-08-25T20:49:52Z,kabir796official,148,"ei jaygar khabar ta darun, must try #StreetFoodFinds",none,1,0,0,0,0,135,en,
x554110962620218356,2026-08-24T23:56:43Z,imran37307,275,clip of that moment is everywhere now #WatchParty,none,5,0,0,0,0,178,hi,x624739222943848305
x906051809043394936,2026-08-24T21:04:53Z,fastsupport507,133,refund not credited yet. @claimnow8 fastest support #RefundDelay,photo,0,0,0,0,0,93,hi,x676476368489173422
x992630993836141319,2026-08-25T20:22:02Z,jay161official,887,everyone using this audio as a template #SingalongChallenge,video,2,0,0,0,0,188,hi,
x870944340007858813,2026-08-25T22:46:16Z,helpdeskx6official,111,order stuck? DM @fastsupport0_in solution guaranteed #OrderIssue,photo,0,0,0,0,0,49,ur,
x321311640851154611,2026-08-25T14:11:56Z,farhan1000,909,why is replacing the battery cheaper than the whole phone now #RightToRepair,none,2,0,0,0,0,145,en,
x426373703952852046,2026-08-25T20:31:14Z,anaya452x,569,watch party er environment ta osadharon chilo #SingalongChallenge,video,5,1,0,0,0,453,en,x694706495774212916
x338515157270715303,2026-08-25T08:16:20Z,hasan20,72,"bhai ye wala stall best hai, 18 me itna khana #LateNightEats",photo,0,0,0,0,0,,hi,
x957792423286455617,2026-08-25T01:06:40Z,claimnow8,109,order stuck? DM @refundhelp1 solution guaranteed #OrderIssue,photo,0,0,0,0,0,72,bn,x849673284765102261
x722291875293735526,2026-08-25T14:09:01Z,tara65707,208,watch party er environment ta osadharon chilo #WatchParty,video,7,1,1,0,0,99,hi,
x871971829594744412,2026-08-24T07:34:15Z,zoya47official,690,"false alarm apparently, working again on my end #ServerOutage",photo,2,0,0,0,0,72,hi,
x781806672327936040,2026-08-24T19:03:02Z,tanvir95x,1177,"parts pairing is the real problem, not the screws #RightToRepair",none,12,2,2,0,1,725,en,
x389019202605091837,2026-08-25T01:08:53Z,hasan165_,290,found this 12-rupee plate near the station and i'm never recovering #StreetFoodFinds,photo,3,1,0,0,0,84,hi,
x451444723654788609,2026-08-25T15:38:15Z,anaya565_in,105,ei match ta bhulte parbo na #MatchNight,photo,0,0,0,0,0,36,en,x251852957803013884
x546161504545782580,2026-08-25T17:12:56Z,vikram313x,463,clip of that moment is everywhere now #SingalongChallenge,video,2,0,0,0,0,237,hi,x824302013482982194
x816682728146405629,2026-08-25T16:56:05Z,claimnow8,109,refund pending since 48 hours. contact @refundhelp307 for fast resolution #OrderIssue,none,0,0,0,0,0,60,en,
x269333752645883729,2026-08-25T09:53:15Z,arjun54707,318,NOBODY saw that result coming #UnderdogWin,video,5,0,0,0,0,143,en,
x102909157375020586,2026-08-25T10:07:58Z,imran51_,151,everyone using this audio as a template #SingalongChallenge,video,0,0,0,0,0,26,en,
x873056120819799434,2026-08-25T11:35:12Z,tanvir924x,1981,"the whole crowd singing along, chills #WatchParty",video,38,2,1,0,3,808,bn,
x130068374895656211,2026-08-25T23:16:04Z,farhan760official,457,"bhai ye wala stall best hai, 42 me itna khana #StreetFoodFinds",video,2,0,0,0,0,115,en,
x821148494846386921,2026-08-25T21:30:23Z,shreya105407,220,watch party er environment ta osadharon chilo #WatchParty,video,1,0,0,0,0,86,bn,
x743602058653801858,2026-08-24T23:50:12Z,farhan96531,136,honest review after two weeks of daily use #GadgetCheck,none,0,0,0,0,0,,en,
x174865692243847397,2026-08-24T01:41:19Z,sana30460,103,NOBODY saw that result coming #MatchNight,video,0,0,0,0,0,50,en,x246879526240694265
x786096100013106875,2026-08-24T21:19:29Z,sana457x,212,queue was 40 min long and honestly worth it #LateNightEats,none,8,2,0,0,1,130,hi,
x251152563068669031,2026-08-24T21:41:29Z,hasan23x,822,"repair karana sasta hai, log samajhte nahi #RepairNotReplace",none,9,2,0,0,0,517,hi,
x988846596479226341,2026-08-24T05:57:34Z,dipu123,60,third time this week honestly #AppDown,none,0,0,0,0,0,46,hi,
x948151249392886069,2026-08-25T20:20:37Z,fastsupport0_in,71,order stuck? DM @fastsupport507 solution guaranteed #OrderIssue,none,0,0,0,0,0,63,ur,
x809647939636751492,2026-08-25T11:56:08Z,farhan76607,820,"the whole crowd singing along, chills #SingalongChallenge",video,4,0,0,0,0,367,hi,
x222281389209271890,2026-08-25T16:17:13Z,sunny716official,86,"the whole crowd singing along, chills #WatchParty",video,1,0,0,0,0,32,en,x190250359987396372
x194362942441041033,2026-08-25T09:13:24Z,nadia406x,206,still stuck on the loading screen #ServerOutage,none,1,0,0,0,0,97,ur,
x605212146443667334,2026-08-25T10:22:42Z,tanvir349179,203,NOBODY saw that result coming #MatchNight,video,0,0,0,0,0,95,bn,x387088477831340284
x722846306376739083,2026-08-25T19:35:29Z,tanvir602_,564,"repair karana sasta hai, log samajhte nahi #RepairNotReplace",none,17,1,1,0,2,395,bn,
x969812406226181904,2026-08-25T17:06:31Z,omar280official,662,"ok it's a regional thing, not a full outage #AppDown",photo,5,1,0,0,0,181,en,x423540242213023989
x785591530247195677,2026-08-25T10:16:10Z,meera479_,416,biggest upset of the season easily #MatchNight,video,11,0,0,0,0,150,en,
x710423708751048733,2026-08-25T11:20:08Z,nadia515,2654,"ei jaygar khabar ta darun, must try #LateNightEats",none,13,1,2,0,0,1448,en,
x950915944620058363,2026-08-25T13:12:42Z,bina702official,2425,queue was 40 min long and honestly worth it #LateNightEats,photo,56,18,6,4,3,1096,ur,
x916972482386694964,2026-08-25T10:41:33Z,vikram33official,237,found this 58-rupee plate near the station and i'm never recovering #LateNightEats,photo,3,0,0,0,0,60,bn,
x577589716215792557,2026-08-25T13:53:05Z,hasan841_in,374,queue was 40 min long and honestly worth it #StreetFoodFinds,none,0,0,0,0,0,61,en,
x706024967471275661,2026-08-25T01:20:41Z,fastsupport507,133,refund pending since 48 hours. contact @fastsupport0_in for fast resolution #RefundDelay,photo,0,0,0,0,0,,ur,x280613371824916894
x656811046706488258,2026-08-25T18:50:49Z,bina953,1665,everyone using this audio as a template #SingalongChallenge,video,28,2,0,1,1,,hi,
x940004318239218875,2026-08-25T13:32:01Z,sunny577x,289,last over replay pe replay dekh raha hu #UnderdogWin,video,3,0,0,0,0,212,hi,
x127585120126013373,2026-08-25T11:37:02Z,hasan335_,168,clip of that moment is everywhere now #SingalongChallenge,video,2,0,0,0,0,52,hi,
x631997959203246598,2026-08-25T19:03:12Z,dipu72official,353,"delivery took 3 days longer than promised, finally here #ShippingUpdate",photo,13,1,0,0,0,208,en,
x528680327344925360,2026-08-25T16:32:20Z,arjun411official,1197,"bhai ye wala stall best hai, 34 me itna khana #LateNightEats",none,20,6,1,0,0,436,en,
x939040282213784275,2026-08-25T00:07:29Z,dipu520official,299,"ok it's a regional thing, not a full outage #AppDown",photo,6,1,0,0,0,151,hi,
x471523342116721181,25/08/2026 10:01,jay790_,861,queue was 40 min long and honestly worth it #StreetFoodFinds,none,30,3,5,0,4,968,bn,
x810026326166573800,2026-08-25T12:31:12Z,bina551_in,709,underdogs really did that tonight #UnderdogWin,video,2,0,0,0,0,63,bn,
x554769045281488007,2026-08-25T22:53:19Z,rahul1221,2700,"college list banaya hai, kuch reh gaya? #CampusHaul",photo,89,26,4,4,2,1526,en,
x870841647483977168,2026-08-25T08:43:03Z,fastsupport0_in,71,"order issue solved in 10 min, DM @fastsupport507 #OrderIssue",none,0,0,0,0,0,34,en,
x702552438636232751,2026-08-25T13:33:59Z,priya883_,529,"bhai ye wala stall best hai, 18 me itna khana #StreetFoodFinds",none,10,2,1,0,1,387,en,
x673477403757174381,2026-08-25T21:55:12Z,zoya9207,407,"took it to a local shop, fixed for 2700. brand quoted 5x that #RepairNotReplace",none,6,1,0,0,0,337,en,
x349700227010124226,2026-08-25T18:52:13Z,vikram65307,761,ei match ta bhulte parbo na #MatchNight,video,5,0,0,0,0,463,hi,
x330492351447356015,2026-08-24T20:43:23Z,anaya25371,485,is it actually worth 103k or nah #GadgetCheck,photo,2,0,0,0,0,87,en,
x605917053032948113,2026-08-24T21:01:21Z,sana69official,241,shipping status change hone me kitna time lagta hai #ShippingUpdate,none,2,0,0,0,0,138,en,
x204003070225410138,2026-08-25T20:36:38Z,tara26407,181,biggest upset of the season easily #UnderdogWin,none,1,0,0,0,0,26,hi,
x945633103307483072,2026-08-25T15:34:13Z,sunny421_in,88,last over replay pe replay dekh raha hu #UnderdogWin,video,1,0,0,0,0,72,hi,
x414279658604441151,2026-08-25T10:28:39Z,dipu308_,404,still stuck on the loading screen #AppDown,none,1,0,0,0,0,55,en,x732709835466896506
x370405515147467918,2026-08-24T18:47:57Z,neel39official,529,"late night eats thread, adding this one to the list #LateNightEats",photo,20,4,0,0,0,271,en,
x370479167740046819,2026-08-25T16:14:16Z,tanvir924x,1981,this haul format is everywhere on my feed now #BackToCampus,photo,14,4,1,0,1,391,en,
x327320387688549576,2026-08-24T17:00:26Z,priya49,6005,honest review after two weeks of daily use #GadgetCheck,video,104,13,3,0,5,4912,hi,x326356632264087611
x549236616585863842,2026-08-25T11:22:22Z,sunny456x,1812,"the whole crowd singing along, chills #SingalongChallenge",none,6,1,0,0,0,473,en,
x882858325687667988,2026-08-25T21:44:03Z,priya799_in,61,watch party er environment ta osadharon chilo #WatchParty,video,1,0,0,0,0,33,en,
x761213654110509503,2026-08-25T14:12:26Z,dipu77907,98,"the whole crowd singing along, chills #WatchParty",photo,1,0,0,0,0,73,bn,
x485293819837117131,2026-08-24T04:56:37Z,bina113_in,549,"spec sheet looks great, real world is mid imo #HonestReview",video,9,1,0,0,0,379,hi,
x835490679148687366,2026-08-25T10:12:40Z,bina12807,80,queue was 40 min long and honestly worth it #LateNightEats,photo,1,0,0,0,0,39,en,
x546346073307030739,2026-08-25T12:58:19Z,jay287_in,3492,everyone using this audio as a template #WatchParty,video,216,51,17,1,1,3662,en,
x460141183517646312,2026-08-25T22:13:43Z,jay1191official,1687,watch party er environment ta osadharon chilo #SingalongChallenge,video,73,6,4,4,5,952,bn,
x276881542166537179,2026-08-25T13:02:28Z,sunny456x,1812,watch party er environment ta osadharon chilo #SingalongChallenge,photo,2,0,0,0,0,186,en,
x252668194242055178,2026-08-25T20:47:57Z,sunny1071x,160,"repair karana sasta hai, log samajhte nahi #RightToRepair",photo,2,0,0,0,0,134,hi,
x535149087844608872,2026-08-25T14:25:45Z,omar66807,3510,clip of that moment is everywhere now #WatchParty,video,124,31,14,5,0,3166,ur,x623734777670152595
x510725807393168529,2026-08-25T14:41:48Z,priya883_,529,queue was 40 min long and honestly worth it #StreetFoodFinds,none,18,3,0,1,0,649,hi,
x868842933249495113,2026-08-24T15:56:53Z,meera91_in,1298,"friday faves, 58 things i actually used this week #WeeklyRoundup",photo,19,4,0,1,2,1023,en,
x352964613572816447,2026-08-25T23:10:48Z,refundhelp307,56,refund not credited yet. @refundhelp1 fastest support #RefundDelay,video,0,0,0,0,0,39,hi,
x540791980016089946,2026-08-25T22:32:27Z,tanvir230x,753,underdogs really did that tonight #MatchNight,video,8,2,0,0,0,445,hi,x468060918052949622
x727868501830782802,2026-08-25T10:15:38Z,neel39official,529,everyone using this audio as a template #SingalongChallenge,photo,13,2,0,0,1,407,ur,
x668651117652854952,2026-08-25T11:15:46Z,omar132_in,699,made it into the roundup somehow #WeeklyRoundup,none,9,0,1,0,0,627,en,x663824496226413646
x739504736532951769,2026-08-25T14:09:03Z,farhan28607,598,biggest upset of the season easily #MatchNight,video,21,4,4,1,1,466,hi,
x990224738614580355,2026-08-25T16:05:39Z,imran963x,197,NOBODY saw that result coming #UnderdogWin,photo,5,1,0,0,0,150,en,
x581868797473419778,2026-08-25T10:37:54Z,omar606x,301,found this 27-rupee plate near the station and i'm never recovering #StreetFoodFinds,photo,6,0,0,0,0,104,en,
x514261239796629323,2026-08-25T16:20:20Z,zoya103507,752,underdogs really did that tonight #UnderdogWin,photo,18,4,1,1,1,419,hi,
x450584393632637949,2026-08-25T16:30:55Z,arjun278x,802,third time this week honestly #AppDown,video,5,1,0,0,0,185,en,
x335343178511232387,2026-08-25T20:18:14Z,fastsupport507,133,refund not credited yet. @helpdeskx7x fastest support #OrderIssue,photo,0,0,0,0,0,127,en,
x976715724173132582,2026-08-25T20:04:04Z,tara193839,511,"repair karana sasta hai, log samajhte nahi #RightToRepair",photo,2,0,0,0,0,269,hi,
x770107890320217198,2026-08-24T15:57:30Z,fastsupport507,133,refund pending since 48 hours. contact @helpdeskx2official for fast resolution #RefundDelay,none,0,0,0,0,0,42,en,
x167150704218108953,2026-08-25T09:52:37Z,hasan165_,290,last over replay pe replay dekh raha hu #UnderdogWin,video,4,1,0,0,0,53,hi,x712008134452021200
x902752264292174976,2026-08-25T01:17:17Z,imran15,1338,"the whole crowd singing along, chills #SingalongChallenge",video,54,17,5,3,3,673,en,
x358899584023445020,2026-08-24T22:47:22Z,meera13529,3158,biggest upset of the season easily #UnderdogWin,photo,20,3,1,0,2,2695,en,
x447443078103050002,2026-08-25T01:40:14Z,rahul241official,1414,"late night eats thread, adding this one to the list #LateNightEats",none,18,4,1,0,2,937,en,
x476207926927141288,2026-08-25T09:58:23Z,dipu4607,1616,"spec sheet looks great, real world is mid imo #GadgetCheck",none,15,4,0,0,2,1016,ur,
x636827325279847407,2026-08-25T17:07:00Z,fastsupport0_in,71,"order issue solved in 10 min, DM @fastsupport4_in #OrderIssue",video,0,0,0,0,0,39,hi,
x746901296571196004,2026-08-25T00:37:13Z,vikram76,413,"bhai ye wala stall best hai, 42 me itna khana #StreetFoodFinds",video,7,2,1,0,0,98,en,
x822053787364718554,2026-08-25T15:12:11Z,anaya948968,622,underdogs really did that tonight #MatchNight,none,18,6,2,0,1,560,en,
x226482869269309084,2026-08-25T09:43:41Z,omar280official,662,"the whole crowd singing along, chills #WatchParty",none,21,1,1,0,2,272,en,x632296283511183629
x775810598877769338,2026-08-25T20:56:30Z,refundhelp1,15,[deleted],none,0,0,0,0,0,23,hi,
x704982745850232965,2026-08-25T14:04:20Z,fastsupport507,133,refund pending since 48 hours. contact @refundhelp307 for fast resolution #RefundDelay,none,0,0,0,0,0,89,hi,
x803182105073383610,2026-08-25T20:34:06Z,anaya998_in,1024,"the whole crowd singing along, chills #WatchParty",photo,55,7,6,2,1,1099,en,
x747768076655563189,2026-08-25T11:25:35Z,dipu4607,1616,still stuck on the loading screen #ServerOutage,photo,24,2,4,1,0,1336,en,
x275268957455202166,2026-08-24T00:43:47Z,meera2207,140,"ei jaygar khabar ta darun, must try #LateNightEats",none,1,0,0,0,0,43,hi,
x272720351405157982,2026-08-25T21:31:26Z,vikram389x,517,everyone using this audio as a template #WatchParty,video,8,1,1,0,0,419,hi,
x556718583584774601,2026-08-25T17:53:58Z,tanvir803official,679,everyone using this audio as a template #SingalongChallenge,video,25,5,4,0,1,414,en,
x146016554841757527,2026-08-25T19:25:13Z,vikram460472,1273,"took it to a local shop, fixed for 1200. brand quoted 5x that #RightToRepair",none,10,2,0,0,0,701,hi,
x490937571351048490,2026-08-25T12:55:51Z,rizwan8907,1275,ei match ta bhulte parbo na #MatchNight,video,65,18,4,0,6,964,bn,
x378596742249235149,2026-08-25T11:12:23Z,meera462x,75,everyone using this audio as a template #WatchParty,video,1,0,0,0,0,61,en,
x692436579828721491,2026-08-25T18:00:13Z,fastsupport4_in,7,order stuck? DM @fastsupport0_in solution guaranteed #OrderIssue,photo,0,0,0,0,0,36,hi,
x164062680343971824,2026-08-25T18:49:36Z,rahul680,1226,watch party er environment ta osadharon chilo #WatchParty,video,13,3,2,0,1,615,en,
x436943757539751010,2026-08-25T20:19:14Z,meera27907,560,"college list banaya hai, kuch reh gaya? #CampusHaul",photo,5,0,0,0,0,363,hi,
x545478395064488750,2026-08-25T00:29:37Z,fastsupport0_in,71,"order issue solved in 10 min, DM @refundhelp1 #RefundDelay",none,0,0,0,0,0,47,en,
x209602076702284484,2026-08-25T17:43:05Z,anaya556official,1022,"genuinely good thread on repairability scores, worth a read #RepairNotReplace",gif,32,11,5,0,3,387,en,x620899510813201979
x795217440788664580,2026-08-25T18:41:15Z,rahul1017,261,everyone using this audio as a template #WatchParty,video,6,1,0,0,0,207,hi,
x797469958629240571,2026-08-25T08:11:25Z,shreya344x,304,queue was 40 min long and honestly worth it #LateNightEats,photo,9,2,0,0,0,193,en,
x897442051041363662,2026-08-25T19:14:42Z,tanvir602_,564,"genuinely good thread on repairability scores, worth a read #RightToRepair",none,5,0,0,0,0,169,en,
x250481413053497656,2026-08-25T09:41:20Z,jay287_in,3492,"took it to a local shop, fixed for 1200. brand quoted 5x that #RepairNotReplace",video,39,8,5,1,2,2238,ur,x172285253152672540
x256404425500203921,2026-08-25T23:28:02Z,sana568x,1922,found this 103-rupee plate near the station and i'm never recovering #LateNightEats,video,53,10,2,1,5,831,en,
x697479906308978384,2026-08-25T22:24:45Z,hasan165_,290,queue was 40 min long and honestly worth it #StreetFoodFinds,photo,1,0,0,0,0,37,en,
x797421977030497124,2026-08-25T11:40:52Z,tara496,1102,"late night eats thread, adding this one to the list #StreetFoodFinds",none,44,12,7,1,2,569,en,
x872995188951426678,2026-08-25T22:49:31Z,zoya795535,209,"back to campus haul, everything under 3400 #BackToCampus",video,2,0,0,0,0,24,bn,
x480252632344399388,2026-08-25T08:35:23Z,rahul437official,1661,clip of that moment is everywhere now #SingalongChallenge,video,28,4,4,0,1,1578,hi,
x760269683533912992,2026-08-25T10:05:58Z,farhan213x,53,"the whole crowd singing along, chills #WatchParty",video,0,0,0,0,0,39,en,
x427847804431829805,2026-08-25T09:19:02Z,fastsupport0_in,71,order stuck? DM @helpdeskx7x solution guaranteed #OrderIssue,none,0,0,0,0,0,27,en,
x663379901331279639,2026-08-25T10:49:37Z,dipu52x,655,"bhai ye wala stall best hai, 42 me itna khana #LateNightEats",photo,13,0,0,1,0,266,en,
x911622841001176257,2026-08-25T14:50:00Z,tanvir464,2146,"repair karana sasta hai, log samajhte nahi #RepairNotReplace",photo,22,4,1,0,1,1108,en,
x199952217852667907,2026-08-25T12:35:01Z,rahul11407,626,"the whole crowd singing along, chills #WatchParty",none,7,0,1,0,0,587,bn,x840826665654244955
x222862201701759271,2026-08-25T17:07:04Z,farhan75307,668,"took it to a local shop, fixed for 1800. brand quoted 5x that #RightToRepair",none,9,2,0,0,0,579,en,
x947210125193719773,2026-08-25T21:23:34Z,anaya761,1110,queue was 40 min long and honestly worth it #StreetFoodFinds,photo,10,3,1,0,1,563,en,
x560650650343571487,2026-08-25T12:09:27Z,tara944_,580,everyone using this audio as a template #WatchParty,none,10,2,1,0,1,192,en,
x471293970861163155,2026-08-25T17:39:34Z,rahul21507,633,found this 27-rupee plate near the station and i'm never recovering #StreetFoodFinds,photo,9,1,1,0,0,355,en,x669172995380296065
x679194522641246960,2026-08-25T13:53:22Z,bina6807,131,"spec sheet looks great, real world is mid imo #HonestReview",photo,0,0,0,0,0,52,bn,
x843726520437541409,2026-08-25T15:56:39Z,jay287_in,3492,why is replacing the battery cheaper than the whole phone now #RightToRepair,video,26,6,1,0,3,1639,en,
x392894738182886981,2026-08-25T11:48:01Z,meera385398,2042,queue was 40 min long and honestly worth it #StreetFoodFinds,none,17,1,1,1,1,863,en,
x130441477967418654,2026-08-25T17:42:29Z,zoya11507,178,"friday faves, 58 things i actually used this week #WeeklyRoundup",video,1,0,0,0,0,94,hi,
x339190160730784815,25/08/2026 12:50,refundhelp1,15,order stuck? DM @helpdeskx7x solution guaranteed #OrderIssue,none,0,0,0,0,0,26,bn,
x703168788658299962,2026-08-24T13:13:31Z,neel21_in,459,last over replay pe replay dekh raha hu #MatchNight,video,2,0,0,0,0,223,bn,
x958577587415612782,2026-08-25T10:34:53Z,rahul392official,135,underdogs really did that tonight #MatchNight,photo,3,0,0,0,0,117,en,x122044887992163121
x281504425689306482,2026-08-25T16:00:04Z,neel996219,1962,"late night eats thread, adding this one to the list #StreetFoodFinds",photo,2,0,0,0,0,227,hi,
x666811351485832912,2026-08-25T12:11:36Z,sana30460,103,underdogs really did that tonight #UnderdogWin,none,3,1,0,0,0,97,en,
x765913365933534039,2026-08-25T20:08:59Z,jay259_in,565,"repair karana sasta hai, log samajhte nahi #RightToRepair",video,7,0,0,0,0,370,en,
x284092696449533067,2026-08-25T14:08:06Z,zoya685x,185,clip of that moment is everywhere now #WatchParty,none,5,1,0,0,0,87,hi,
x445007956691173887,2026-08-25T19:46:55Z,imran113307,44,"bhai ye wala stall best hai, 42 me itna khana #LateNightEats",photo,2,0,0,0,0,27,hi,
x876847232783977937,2026-08-25T18:54:57Z,rizwan826_in,575,[deleted],video,0,0,0,0,1,186,hi,
x931041296736502796,2026-08-25T23:18:43Z,aisha929x,122,found this 42-rupee plate near the station and i'm never recovering #StreetFoodFinds,none,2,0,0,0,0,124,en,
x460396556875660119,2026-08-25T08:35:22Z,rizwan14907,611,clip of that moment is everywhere now #SingalongChallenge,photo,11,3,0,0,0,145,hi,
x149904208608724253,2026-08-25T15:57:48Z,farhan656_in,811,found this 12-rupee plate near the station and i'm never recovering #LateNightEats,photo,3,1,0,0,0,87,bn,
x459264267697468137,2026-08-25T16:53:51Z,omar611official,932,ei match ta bhulte parbo na #MatchNight,photo,3,1,0,0,0,231,hi,
x215441516891067822,2026-08-25T18:34:55Z,meera13529,3158,watch party er environment ta osadharon chilo #WatchParty,video,7,1,1,0,1,547,en,
x819254625034061032,2026-08-25T22:12:27Z,refundhelp1,15,refund not credited yet. @fastsupport0_in fastest support #RefundDelay,none,0,0,0,0,0,21,hi,
x310945069580577654,2026-08-25T14:37:51Z,helpdeskx2official,4,"order issue solved in 10 min, DM @fastsupport0_in #RefundDelay",photo,0,0,0,0,0,22,ur,
x763955165322646997,2026-08-25T16:03:31Z,arjun244x,430,ei match ta bhulte parbo na #MatchNight,video,6,1,0,0,0,143,hi,
x440765059750593338,2026-08-25T23:32:49Z,zoya181,335,watch party er environment ta osadharon chilo #WatchParty,video,6,1,0,0,0,89,hi,
x221460440654805334,2026-08-24T02:54:05Z,farhan55_,1319,"spec sheet looks great, real world is mid imo #HonestReview",video,12,3,2,0,0,558,bn,
x363859978042526388,2026-08-25T01:31:31Z,aisha20607,161,underdogs really did that tonight #MatchNight,none,0,0,0,0,0,58,hi,
x174967805479926951,2026-08-25T11:13:46Z,meera50787,1446,NOBODY saw that result coming #UnderdogWin,video,31,6,4,0,4,1061,hi,x641798597424762052
x139912299029214261,2026-08-25T15:51:07Z,rizwan1028_,1272,"the whole crowd singing along, chills #SingalongChallenge",photo,12,0,2,0,0,661,en,
x510138993930292821,2026-08-25T20:41:14Z,tara862_,1454,everyone using this audio as a template #WatchParty,photo,15,1,2,0,1,1648,en,
x437567432647693258,2026-08-25T22:15:26Z,sunny591x,247,last over replay pe replay dekh raha hu #MatchNight,video,12,1,1,0,1,184,ur,x885751276684977237
x887207696697368120,2026-08-25T19:37:09Z,fastsupport0_in,71,"order issue solved in 10 min, DM @refundhelp1 #OrderIssue",photo,0,0,0,0,0,54,en,
x289058294570002596,2026-08-25T13:41:40Z,helpdeskx7x,14,order stuck? DM @refundhelp307 solution guaranteed #RefundDelay,none,0,0,0,0,0,27,en,
x463467167513126293,2026-08-25T12:33:04Z,aisha889409,691,last over replay pe replay dekh raha hu #UnderdogWin,photo,20,3,3,0,2,249,en,
x584596503999535563,2026-08-25T01:18:52Z,nadia403x,1965,"bhai ye wala stall best hai, 42 me itna khana #StreetFoodFinds",photo,9,0,0,0,0,456,en,
x845352217855217417,2026-08-25T20:42:22Z,kabir12007,666,clip of that moment is everywhere now #SingalongChallenge,none,3,0,0,0,0,174,en,
x417196486555713915,2026-08-25T20:49:41Z,kabir1069224,5159,why is replacing the battery cheaper than the whole phone now #RightToRepair,none,8,1,0,0,1,1529,hi,
x101281971489912128,2026-08-25T18:40:48Z,sunny589652,683,"the whole crowd singing along, chills #SingalongChallenge",photo,4,0,0,0,0,258,en,
x456346822779206056,2026-08-25T09:44:02Z,claimnow8,109,refund pending since 48 hours. contact @fastsupport507 for fast resolution #OrderIssue,none,0,0,0,0,0,89,en,
x225643886725533982,2026-08-25T11:18:14Z,nadia476301,149,queue was 40 min long and honestly worth it #LateNightEats,photo,4,1,0,0,0,139,en,
x743386107082418150,2026-08-25T15:45:36Z,tara957_in,232,NOBODY saw that result coming #UnderdogWin,photo,6,0,0,0,0,146,en,x309913640579538869
x796926551011133899,2026-08-25T18:30:30Z,zoya9207,407,biggest upset of the season easily #UnderdogWin,video,3,0,0,0,0,144,en,
x653646461394190851,2026-08-25T20:17:38Z,imran260_in,629,"late night eats thread, adding this one to the list #LateNightEats",photo,25,6,1,1,0,294,bn,
x238628913603617324,2026-08-25T20:40:22Z,nadia311_,1643,"back to campus haul, everything under 4200 #BackToCampus",photo,47,7,8,2,5,858,hi,
x526164723878557311,2026-08-25T09:03:01Z,tanvir110,1349,"ei jaygar khabar ta darun, must try #StreetFoodFinds",photo,17,3,1,1,0,280,bn,
x855096941318530850,2026-08-25T09:29:52Z,farhan356x,426,clip of that moment is everywhere now #WatchParty,none,1,0,0,0,0,53,hi,x612063804426231974
x966392713641908101,2026-08-25T14:58:09Z,fastsupport0_in,71,refund pending since 48 hours. contact @claimnow8 for fast resolution #OrderIssue,video,0,0,0,0,0,40,hi,
x601798559087971857,2026-08-25T20:19:48Z,nadia971,1961,biggest upset of the season easily #UnderdogWin,photo,2,0,0,0,0,279,en,
x141840361211593845,2026-08-24T11:12:37Z,vikram0_,602,"friday faves, 103 things i actually used this week #WeeklyRoundup",video,2,0,0,0,0,184,en,
x699797471088601611,2026-08-25T01:40:11Z,shreya152official,315,found this 27-rupee plate near the station and i'm never recovering #StreetFoodFinds,none,4,1,0,0,0,119,bn,
x461459309229606403,2026-08-25T18:06:34Z,dipu510_in,546,"parts pairing is the real problem, not the screws #RepairNotReplace",photo,3,0,0,0,0,198,hi,
x457503193899480873,2026-08-24T19:27:09Z,bina459242,83,everyone using this audio as a template #SingalongChallenge,video,2,0,0,0,0,88,en,
x970336518278000430,2026-08-24T03:09:37Z,zoya58official,3147,"ei jaygar khabar ta darun, must try #LateNightEats",none,83,22,11,1,4,1818,en,
x544604416071998493,2026-08-25T19:01:46Z,helpdeskx6official,111,refund not credited yet. @helpdeskx2official fastest support #RefundDelay,photo,0,0,0,0,0,20,hi,
x391455487149962012,2026-08-25T20:32:41Z,imran1157907,226,NOBODY saw that result coming #UnderdogWin,none,3,0,0,0,0,129,en,
x605206782842262627,2026-08-25T08:03:32Z,rizwan53_,1168,found this 34-rupee plate near the station and i'm never recovering #StreetFoodFinds,none,4,0,0,0,0,714,en,
x942695476710639927,2026-08-25T12:47:57Z,tanvir11607,811,"took it to a local shop, fixed for 2700. brand quoted 5x that #RightToRepair",photo,3,0,0,0,0,153,hi,
x727568391699613519,2026-08-24T22:00:21Z,priya49,6005,"the whole crowd singing along, chills #SingalongChallenge",none,220,26,37,4,7,5167,en,
x992289065676030251,2026-08-25T18:40:12Z,shreya545official,195,watch party er environment ta osadharon chilo #SingalongChallenge,video,1,0,0,0,0,68,en,
x373021042106226613,2026-08-25T17:58:50Z,jay22407,560,everyone using this audio as a template #SingalongChallenge,video,4,0,0,0,0,193,en,
x664343682706456673,2026-08-25T15:54:15Z,tara669_in,521,"bhai ye wala stall best hai, 18 me itna khana #StreetFoodFinds",photo,1,0,0,0,0,83,en,
x295103380256168699,2026-08-25T21:13:21Z,tara89607,1292,ei match ta bhulte parbo na #MatchNight,none,6,1,0,0,0,147,ur,
x821085512331336708,2026-08-25T18:42:03Z,aisha908,132,ei match ta bhulte parbo na #MatchNight,photo,4,0,0,0,0,75,en,x582185113315787519
x209920760344234791,2026-08-25T08:30:43Z,shreya29507,685,clip of that moment is everywhere now #SingalongChallenge,video,1,0,0,0,0,162,hi,
x626285500033086919,2026-08-25T22:48:54Z,kabir1158592,523,found this 27-rupee plate near the station and i'm never recovering #LateNightEats,photo,14,4,1,0,1,335,ur,x405039132635440786
x147192928168875018,2026-08-25T17:54:23Z,tanvir976x,462,"parts pairing is the real problem, not the screws #RepairNotReplace",none,15,2,1,0,1,,bn,
x213233582728029416,2026-08-25T19:46:41Z,arjun17807,841,hostel room setup part 2 #CampusHaul,photo,16,3,2,0,1,228,en,
x908024043553120010,2026-08-25T08:20:30Z,omar329_in,6110,NOBODY saw that result coming #UnderdogWin,video,154,45,5,6,12,4591,hi,x926566674526993918
x218707565584953798,2026-08-25T16:01:23Z,neel1807,67,biggest upset of the season easily #UnderdogWin,video,2,0,0,0,0,64,en,
x905266973160196258,2026-08-24T21:14:05Z,refundhelp1,15,refund pending since 48 hours. contact @fastsupport507 for fast resolution #OrderIssue,video,0,0,0,0,0,26,en,
x959209586816084955,2026-08-25T01:12:05Z,imran15,1338,biggest upset of the season easily #UnderdogWin,video,20,1,2,0,2,780,hi,
x973282363777929133,2026-08-24T18:04:17Z,kabir139_,196,"parts pairing is the real problem, not the screws #RepairNotReplace",photo,1,0,0,0,0,87,en,x143698735568915469
x238544881307048350,2026-08-25T23:04:54Z,arjun17807,841,everyone using this audio as a template #WatchParty,photo,7,0,0,0,1,455,en,
x104513957330991690,2026-08-25T15:36:36Z,imran756x,172,ei match ta bhulte parbo na #UnderdogWin,video,0,0,0,0,0,57,bn,
x751338225115842361,2026-08-25T15:48:43Z,neel126official,52,is the app down for everyone or just me #ServerOutage,photo,1,0,0,0,0,,hi,
x402020237041492498,2026-08-25T19:57:29Z,zoya600_,91,NOBODY saw that result coming #UnderdogWin,video,2,0,0,0,0,36,en,
x421790068476763394,2026-08-25T15:03:47Z,arjun623_,1487,everyone using this audio as a template #WatchParty,video,56,6,9,0,1,966,hi,x797055599653478519
x272537358675454269,2026-08-25T09:07:53Z,omar396,771,"late night eats thread, adding this one to the list #StreetFoodFinds",video,5,1,0,0,0,391,en,
x414887233171361636,2026-08-25T19:13:36Z,aisha935,134,"back to campus haul, everything under 5800 #CampusHaul",photo,1,0,0,0,0,25,en,
x763230981843142219,2026-08-25T21:40:38Z,neel477275,72,biggest upset of the season easily #MatchNight,video,1,0,0,0,0,23,en,
x977520403205929076,2026-08-25T20:55:18Z,tanvir976x,462,this haul format is everywhere on my feed now #CampusHaul,none,12,2,1,0,0,505,hi,x516585057883363792
x382899327645302887,2026-08-25T11:56:23Z,rahul214,810,"bhai ye wala stall best hai, 12 me itna khana #LateNightEats",photo,7,1,0,0,0,267,hi,
x733080480337553680,2026-08-24T19:23:01Z,helpdeskx6official,111,order stuck? DM @helpdeskx6official solution guaranteed #OrderIssue,video,0,0,0,0,0,31,en,
x946591326721068181,2026-08-24T19:37:49Z,omar73,538,why is replacing the battery cheaper than the whole phone now #RepairNotReplace,none,8,1,0,0,0,447,en,
x691443848236882260,2026-08-25T12:45:27Z,zoya839_,53,"late night eats thread, adding this one to the list #StreetFoodFinds",video,2,0,0,0,0,42,en,
x656815789513600143,2026-08-25T21:53:55Z,helpdeskx6official,111,refund not credited yet. @fastsupport507 fastest support #RefundDelay,none,0,0,0,0,0,,en,
x404949493415434432,2026-08-25T09:05:59Z,aisha154_,390,watch party er environment ta osadharon chilo #SingalongChallenge,photo,1,0,0,0,0,24,hi,
x351161455906685264,2026-08-25T11:32:12Z,nadia576x,135,"the whole crowd singing along, chills #SingalongChallenge",none,0,0,0,0,0,32,bn,
x490390593136333882,2026-08-25T16:25:43Z,fastsupport507,133,"order issue solved in 10 min, DM @fastsupport0_in #OrderIssue",video,0,0,0,0,0,48,bn,
x297924228361722303,2026-08-25T20:18:07Z,jay287_in,3492,this haul format is everywhere on my feed now #BackToCampus,photo,14,4,1,0,1,762,hi,
x105134780846581696,2026-08-25T11:57:53Z,sana740_,323,clip of that moment is everywhere now #SingalongChallenge,none,12,1,1,0,1,284,en,
x403082520685455961,2026-08-25T15:59:16Z,farhan197x,1736,"took it to a local shop, fixed for 2700. brand quoted 5x that #RepairNotReplace",none,13,1,1,0,1,1111,hi,
x745461325649011308,2026-08-25T19:04:37Z,jay498635,1991,"genuinely good thread on repairability scores, worth a read #RightToRepair",video,21,2,2,1,2,289,hi,
x949670786892043106,2026-08-25T15:51:48Z,sana568x,1922,NOBODY saw that result coming #UnderdogWin,video,32,5,5,1,1,1131,ur,x449000983188097137
x143234702645555282,2026-08-25T23:12:21Z,shreya1065_in,46,"ok it's a regional thing, not a full outage #AppDown",photo,1,0,0,0,0,39,en,
x709768472693382450,2026-08-25T21:14:33Z,aisha527_,487,this haul format is everywhere on my feed now #CampusHaul,photo,11,1,0,0,1,217,hi,
x636354722443386993,2026-08-25T23:58:50Z,priya374x,1251,ei match ta bhulte parbo na #MatchNight,video,6,1,0,0,0,792,en,
x416534824701413937,2026-08-25T23:16:56Z,dipu221_in,196,underdogs really did that tonight #UnderdogWin,photo,8,1,0,0,0,160,hi,
x970970446486234592,2026-08-25T17:05:25Z,tanvir983x,1065,"bhai ye wala stall best hai, 34 me itna khana #LateNightEats",photo,14,1,0,0,1,674,en,
x110273332837718651,2026-08-25T09:05:54Z,meera479_,416,last over replay pe replay dekh raha hu #MatchNight,video,17,2,2,0,0,430,en,
x700535885267991376,2026-08-25T13:24:51Z,dipu52x,655,"ok it's a regional thing, not a full outage #AppDown",none,12,2,0,0,0,323,en,
x907445033113466190,2026-08-25T14:34:39Z,sana353official,475,watch party er environment ta osadharon chilo #WatchParty,video,8,0,1,0,0,116,en,
x662281813967438924,2026-08-25T09:58:44Z,fastsupport507,133,refund pending since 48 hours. contact @helpdeskx7x for fast resolution #RefundDelay,photo,0,0,0,0,0,43,en,
x692042888686409770,2026-08-25T15:10:05Z,rizwan220x,496,"took it to a local shop, fixed for 2700. brand quoted 5x that #RightToRepair",photo,1,0,0,0,0,68,hi,x766808078402365513
x804062190112901110,2026-08-25T16:17:14Z,rizwan368,1608,"genuinely good thread on repairability scores, worth a read #RightToRepair",photo,43,11,7,2,4,777,hi,
x748113056631141655,2026-08-25T22:28:53Z,omar900_,2219,everyone using this audio as a template #SingalongChallenge,video,49,12,7,2,7,1115,hi,
x397638699177690703,2026-08-25T09:14:55Z,aisha37907,564,watch party er environment ta osadharon chilo #WatchParty,photo,9,1,1,0,0,373,en,
x636057137331622483,2026-08-25T23:37:29Z,rahul13107,1474,biggest upset of the season easily #UnderdogWin,video,52,11,10,0,3,1569,en,x141232755098674297
x423083005307069345,2026-08-25T16:35:24Z,neel830928,352,found this 12-rupee plate near the station and i'm never recovering #LateNightEats,photo,3,0,0,0,0,42,en,
x152543563946846229,2026-08-24T21:53:15Z,rahul105x,293,watch party er environment ta osadharon chilo #SingalongChallenge,video,2,0,0,0,0,117,hi,x620141525833874829
x925918370346304244,2026-08-25T11:43:37Z,fastsupport0_in,71,refund not credited yet. @helpdeskx6official fastest support #RefundDelay,video,0,0,0,0,0,30,bn,
x160554998205792395,2026-08-25T23:00:21Z,meera301_in,1140,watch party er environment ta osadharon chilo #SingalongChallenge,video,19,6,2,0,0,657,en,
x624958373512743082,2026-08-25T14:05:40Z,rizwan289official,384,biggest upset of the season easily #UnderdogWin,none,2,0,0,0,0,120,en,x100135972188923010
x865344724338180092,2026-08-25T18:18:28Z,zoya141official,322,NOBODY saw that result coming #UnderdogWin,photo,1,0,0,0,0,119,en,x528165774477397562
x127628097835568157,2026-08-25T16:31:14Z,nadia388472,1087,"the whole crowd singing along, chills #WatchParty",photo,3,0,0,0,0,167,en,
x793080334397740650,2026-08-25T19:46:00Z,shreya261x,1519,"ei jaygar khabar ta darun, must try #LateNightEats",photo,10,3,1,0,0,467,en,
x951936150195997910,2026-08-25T16:13:18Z,imran991_in,406,watch party er environment ta osadharon chilo #WatchParty,video,2,0,0,0,0,181,hi,
x228061776632027885,2026-08-24T06:32:06Z,tanvir95x,1177,is the app down for everyone or just me #AppDown,video,5,0,0,0,0,229,ur,
x241913585744031974,2026-08-25T19:20:49Z,kabir51407,575,queue was 40 min long and honestly worth it #LateNightEats,video,9,1,0,0,0,174,en,
x144974420659067666,2026-08-25T14:23:27Z,vikram85807,1770,underdogs really did that tonight #UnderdogWin,none,10,1,0,0,0,1176,en,x563833536401154365
x395300961205940682,2026-08-25T15:54:19Z,farhan656_in,811,watch party er environment ta osadharon chilo #WatchParty,video,21,3,1,0,0,648,en,
x470556973813877233,2026-08-24T12:54:01Z,arjun100x,424,"friday faves, 27 things i actually used this week #FridayFaves",none,0,0,0,0,0,50,hi,
x264707567623250608,2026-08-25T13:04:16Z,meera19,136,"the whole crowd singing along, chills #WatchParty",video,1,0,0,0,0,41,en,
x496092519056102246,2026-08-25T22:35:43Z,vikram50407,1546,"ei jaygar khabar ta darun, must try #LateNightEats",none,14,2,2,0,1,1589,en,
x521438376192838451,2026-08-25T22:18:23Z,nadia70307,1062,"the whole crowd singing along, chills #WatchParty",none,40,2,4,2,4,1042,en,
x881231746738402680,2026-08-25T19:51:21Z,imran8707,361,"back to campus haul, everything under 1200 #BackToCampus",photo,2,0,0,0,0,66,ur,
x831162986304999931,2026-08-25T16:38:30Z,omar611official,932,queue was 40 min long and honestly worth it #LateNightEats,photo,52,15,6,3,6,402,en,x993046988376379002
x248637178143571207,2026-08-25T08:13:44Z,fastsupport4_in,7,refund pending since 48 hours. contact @refundhelp1 for fast resolution #RefundDelay,none,0,0,0,0,0,32,ur,
x994549080750136568,2026-08-25T11:52:02Z,zoya800,1341,[deleted],photo,0,0,0,0,0,233,hi,
x224691243770723122,2026-08-25T14:18:50Z,tara61,353,"late night eats thread, adding this one to the list #StreetFoodFinds",none,0,0,0,0,0,57,bn,
x931647229444431891,2026-08-25T22:12:01Z,zoya599official,189,hostel room setup part 2 #CampusHaul,photo,3,0,0,0,0,153,ur,
x133482640075044520,2026-08-25T17:10:52Z,nadia860official,502,"bhai ye wala stall best hai, 27 me itna khana #StreetFoodFinds",none,14,4,2,0,0,263,bn,
x599834780530283049,2026-08-24T19:34:14Z,tanvir230x,753,watch party er environment ta osadharon chilo #WatchParty,video,5,1,0,0,0,266,hi,
x140912584728907615,2026-08-25T09:54:10Z,meera793official,103,ei match ta bhulte parbo na #MatchNight,video,1,0,0,0,0,60,en,x705237073822717528
x807881910368281284,2026-08-25T12:46:26Z,tanvir80_,367,queue was 40 min long and honestly worth it #StreetFoodFinds,photo,9,0,0,0,0,250,en,
x361863045792056901,2026-08-25T16:51:37Z,meera479_,416,"the whole crowd singing along, chills #SingalongChallenge",video,14,4,0,1,0,179,hi,
x532317076483402825,2026-08-25T16:21:21Z,sana353official,475,"genuinely good thread on repairability scores, worth a read #RightToRepair",video,8,1,0,0,0,212,en,
x360069645926853467,2026-08-25T14:31:38Z,fastsupport0_in,71,"order issue solved in 10 min, DM @claimnow8 #OrderIssue",none,0,0,0,0,0,45,en,
x178837524015401442,2026-08-24T20:39:01Z,refundhelp307,56,order stuck? DM @refundhelp1 solution guaranteed #RefundDelay,photo,0,0,0,0,0,39,bn,
x656760251022703496,2026-08-24T20:12:40Z,farhan55_,1319,ei match ta bhulte parbo na #MatchNight,photo,36,11,3,2,4,,ur,
x310986113220209404,2026-08-25T23:41:28Z,arjun978_in,925,"genuinely good thread on repairability scores, worth a read #RepairNotReplace",none,13,1,0,0,1,501,bn,
x360210106085409403,2026-08-25T14:07:35Z,nadia825official,261,clip of that moment is everywhere now #SingalongChallenge,photo,8,1,1,0,0,141,bn,x386309817503705669
x115785275473429850,2026-08-24T00:58:38Z,shreya29507,685,underdogs really did that tonight #UnderdogWin,photo,2,0,0,0,0,114,hi,x658829279904175724
x369604050226934042,2026-08-25T12:22:51Z,fastsupport0_in,71,order stuck? DM @fastsupport0_in solution guaranteed #OrderIssue,none,0,0,0,0,0,,hi,x403574076147099262
x811676469723375086,2026-08-25T20:15:18Z,nadia388472,1087,ei match ta bhulte parbo na #UnderdogWin,video,40,11,1,2,2,415,en,
x795278833249759265,2026-08-25T21:13:17Z,dipu4607,1616,"genuinely good thread on repairability scores, worth a read #RepairNotReplace",photo,7,2,0,0,0,420,bn,
x381052767217499568,2026-08-25T14:38:24Z,shreya880x,718,"the whole crowd singing along, chills #WatchParty",none,35,10,3,2,2,636,en,
x196193612412240074,2026-08-25T12:25:26Z,aisha190x,122,"the whole crowd singing along, chills #SingalongChallenge",none,0,0,0,0,0,107,ur,
x695204761850743604,2026-08-25T12:45:38Z,nadia506_,221,found this 34-rupee plate near the station and i'm never recovering #StreetFoodFinds,none,10,1,1,0,0,124,bn,x489557478423608399
x722395430880774036,2026-08-24T00:10:16Z,dipu1,848,third time this week honestly #AppDown,gif,13,2,2,0,0,746,en,x315632667666407983
x414693377115214807,2026-08-25T18:59:37Z,tanvir983x,1065,ei match ta bhulte parbo na #UnderdogWin,video,31,10,4,0,0,665,hi,
x938739499613700310,2026-08-25T19:17:11Z,sunny343_,479,why is replacing the battery cheaper than the whole phone now #RightToRepair,none,6,0,0,0,0,322,en,x821875907313439248
x809788553769376241,2026-08-25T22:07:40Z,sana807_in,981,"late night eats thread, adding this one to the list #StreetFoodFinds",photo,16,1,2,0,0,611,en,
x338335177843475048,2026-08-25T14:05:51Z,priya901_,8601,clip of that moment is everywhere now #WatchParty,video,47,15,1,3,4,3739,hi,
x662143760323344143,2026-08-25T21:05:14Z,anaya371x,84,"late night eats thread, adding this one to the list #LateNightEats",none,6,1,1,0,0,92,en,
x854470182174242904,2026-08-25T20:26:36Z,helpdeskx6official,111,refund pending since 48 hours. contact @fastsupport0_in for fast resolution #RefundDelay,none,0,0,0,0,0,55,hi,
x867117318991195374,2026-08-24T13:34:52Z,dipu268official,139,queue was 40 min long and honestly worth it #LateNightEats,photo,1,0,0,0,0,77,en,
x569602010677636353,2026-08-25T15:27:38Z,imran260_in,629,"late night eats thread, adding this one to the list #StreetFoodFinds",photo,10,2,1,0,0,156,en,
x852550566156504974,2026-08-25T08:08:48Z,omar74407,5025,biggest upset of the season easily #UnderdogWin,none,62,10,5,2,0,5420,bn,
x689631743517468983,2026-08-25T20:26:05Z,anaya1046_,402,clip of that moment is everywhere now #WatchParty,none,1,0,0,0,0,104,en,
x405940609031712321,2026-08-25T16:22:43Z,aisha7135,991,"false alarm apparently, working again on my end #AppDown",video,6,0,1,0,0,109,bn,x481503150966897841
x855765667354603592,2026-08-25T16:18:20Z,priya98907,1163,"ei jaygar khabar ta darun, must try #StreetFoodFinds",photo,46,3,2,0,4,660,en,
x351463662265932889,2026-08-24T18:23:22Z,farhan201_in,1621,ei match ta bhulte parbo na #UnderdogWin,none,47,11,7,0,2,1078,hi,x723848853985543272
x730074665414238304,2026-08-25T18:04:47Z,claimnow8,109,refund not credited yet. @helpdeskx6official fastest support #OrderIssue,video,0,0,0,0,0,62,ur,
x284496565550268177,2026-08-25T17:32:26Z,aisha691x,1346,found this 27-rupee plate near the station and i'm never recovering #StreetFoodFinds,photo,22,5,1,1,0,462,en,
x517885857965335844,2026-08-25T08:30:15Z,sunny533,598,biggest upset of the season easily #MatchNight,photo,2,0,0,0,0,391,bn,
x629947000867175390,2026-08-25T09:32:03Z,shreya162x,3036,found this 18-rupee plate near the station and i'm never recovering #StreetFoodFinds,none,12,1,1,0,1,960,bn,
x567350722872385567,2026-08-25T12:04:29Z,kabir821_,263,everyone using this audio as a template #WatchParty,video,3,0,0,0,0,86,hi,
x321900892208884663,2026-08-24T05:32:43Z,priya150,270,watch party er environment ta osadharon chilo #SingalongChallenge,photo,1,0,0,0,0,202,en,x949031898636633006
x718895923930188405,2026-08-25T01:14:05Z,anaya17507,148,"parts pairing is the real problem, not the screws #RepairNotReplace",none,1,0,0,0,0,108,en,
x327413395123242306,2026-08-25T15:53:21Z,rizwan104107,572,clip of that moment is everywhere now #WatchParty,none,17,5,2,0,1,349,en,
x139003972809421011,2026-08-25T23:16:36Z,bina614,1437,"ei jaygar khabar ta darun, must try #StreetFoodFinds",video,51,16,1,2,1,829,hi,
x507492326140674182,2026-08-25T16:55:49Z,kabir51407,575,"took it to a local shop, fixed for 4200. brand quoted 5x that #RepairNotReplace",photo,25,2,3,1,3,500,hi,
x967709887762434429,2026-08-25T18:22:58Z,sunny591x,247,"repair karana sasta hai, log samajhte nahi #RepairNotReplace",none,3,0,0,0,0,247,en,x480942700687896282
x849498066689641997,2026-08-25T22:29:53Z,imran1157907,226,"late night eats thread, adding this one to the list #LateNightEats",photo,2,0,0,0,0,59,en,
x601354944931484491,2026-08-25T10:15:10Z,imran413official,387,biggest upset of the season easily #MatchNight,video,2,0,0,0,0,111,hi,
x606668801571049630,2026-08-25T15:09:32Z,priya755official,546,why is replacing the battery cheaper than the whole phone now #RightToRepair,none,15,4,2,0,1,448,en,
x465145221746468454,2026-08-25T12:05:17Z,tanvir602_,564,watch party er environment ta osadharon chilo #WatchParty,photo,,0,0,0,1,,hi,
x254866308081221284,2026-08-24T22:24:09Z,nadia388472,1087,"repair karana sasta hai, log samajhte nahi #RepairNotReplace",none,4,1,0,0,0,71,en,
x171807927200369169,2026-08-25T17:59:57Z,priya383,160,last over replay pe replay dekh raha hu #MatchNight,video,3,0,0,0,0,144,en,
x115289613730209482,2026-08-24T10:12:21Z,zoya38official,307,"bhai ye wala stall best hai, 42 me itna khana #LateNightEats",none,6,1,0,0,0,283,en,
x988035265948646887,2026-08-25T00:50:11Z,jay458_,575,biggest upset of the season easily #UnderdogWin,photo,9,1,0,0,1,389,en,
x317664329520189767,2026-08-25T21:01:56Z,neel39official,529,"bhai ye wala stall best hai, 58 me itna khana #LateNightEats",photo,16,4,1,0,1,244,en,
x697450087962009890,2026-08-25T18:06:56Z,neel910,568,hostel room setup part 2 #BackToCampus,photo,16,4,1,0,0,277,bn,
x672636672735149018,2026-08-25T21:19:55Z,shreya764648,474,last over replay pe replay dekh raha hu #MatchNight,video,7,1,0,0,0,305,bn,x114955586404436309
x690689977099405328,2026-08-25T22:28:32Z,nadia1166official,1115,"bhai ye wala stall best hai, 27 me itna khana #StreetFoodFinds",none,1,0,0,0,0,106,hi,
x310932944495758123,2026-08-25T00:46:30Z,vikram88759,2300,underdogs really did that tonight #UnderdogWin,photo,16,2,3,0,1,1042,en,
x246719079203808509,2026-08-25T15:55:27Z,bina459242,83,watch party er environment ta osadharon chilo #WatchParty,video,1,0,0,0,0,46,en,
x828733395245589002,2026-08-25T10:05:44Z,zoya839_,53,"genuinely good thread on repairability scores, worth a read #RepairNotReplace",none,1,0,0,0,0,32,hi,x152384409161313767
x166480314011087867,2026-08-25T23:59:47Z,rizwan1020,823,this haul format is everywhere on my feed now #CampusHaul,photo,6,1,0,0,0,78,en,
x490695089575529607,2026-08-25T19:42:32Z,vikram444_in,3371,"bhai ye wala stall best hai, 18 me itna khana #LateNightEats",photo,130,32,22,1,5,1775,hi,
x250191190782114457,2026-08-25T12:38:45Z,priya695x,11071,clip of that moment is everywhere now #SingalongChallenge,video,310,55,46,14,39,10429,bn,
x109716839563566915,2026-08-25T01:18:18Z,tanvir40,683,watch party er environment ta osadharon chilo #SingalongChallenge,video,2,0,0,0,0,143,hi,
x681420532949744485,2026-08-25T15:34:33Z,zoya505_in,379,"the whole crowd singing along, chills #WatchParty",video,2,0,0,0,0,115,en,
x880469509410613237,2026-08-25T20:55:02Z,priya890,517,watch party er environment ta osadharon chilo #SingalongChallenge,video,10,1,0,0,0,401,bn,
x853047740525859767,2026-08-24T07:24:50Z,dipu102x,726,still stuck on the loading screen #ServerOutage,photo,9,1,1,0,0,567,en,
x332935708202803206,2026-08-25T13:54:46Z,farhan57official,1296,shipping status change hone me kitna time lagta hai #DeliveryStatus,photo,8,2,0,0,0,,ur,
x179018103631994505,2026-08-25T19:00:44Z,bina558official,833,queue was 40 min long and honestly worth it #LateNightEats,video,27,5,3,0,3,718,en,x365128120937306445
x424234224999938205,2026-08-25T18:19:15Z,hasan841_in,374,found this 12-rupee plate near the station and i'm never recovering #StreetFoodFinds,photo,0,0,0,0,0,34,en,
x739504736532951769,2026-08-25T14:09:03Z,farhan28607,598,biggest upset of the season easily #MatchNight,video,21,4,4,1,1,466,hi,
x881842922100846411,2026-08-25T17:13:16Z,kabir1059_,1664,watch party er environment ta osadharon chilo #WatchParty,video,33,4,3,0,1,363,en,
x652537872952907562,2026-08-25T11:14:55Z,rahul92207,713,found this 58-rupee plate near the station and i'm never recovering #LateNightEats,none,24,7,1,1,0,627,en,
x190906672133313109,2026-08-24T16:54:18Z,arjun7_in,2810,anyone know how long the update usually takes? #DeliveryStatus,none,26,6,2,1,0,1010,en,
x438223337594337659,2026-08-25T13:11:21Z,dipu369x,1355,watch party er environment ta osadharon chilo #SingalongChallenge,photo,36,11,5,0,1,1059,en,
x827665116486724709,2026-08-25T18:18:57Z,jay1108_,1417,"ei jaygar khabar ta darun, must try #LateNightEats",photo,4,0,0,0,0,303,en,
x327371922008536451,2026-08-25T23:56:03Z,tara923x,651,queue was 40 min long and honestly worth it #StreetFoodFinds,none,30,4,4,0,2,446,en,x164854605864031231
x264305654610456961,2026-08-24T03:10:16Z,hasan23x,822,third time this week honestly #AppDown,video,3,0,0,0,0,164,en,
x898072091494343776,2026-08-25T10:06:56Z,sana823819,287,"ei jaygar khabar ta darun, must try #StreetFoodFinds",photo,8,0,1,0,0,260,en,x642101024187072013
x858488247920413268,2026-08-25T20:50:50Z,sana276486,930,clip of that moment is everywhere now #SingalongChallenge,video,12,2,1,0,0,548,ur,
x481811869615748843,2026-08-25T22:38:25Z,aisha86907,436,"ok it's a regional thing, not a full outage #ServerOutage",gif,17,1,1,1,2,248,en,
x462863785704901571,2026-08-25T23:06:55Z,farhan1115official,1994,ei match ta bhulte parbo na #UnderdogWin,photo,35,10,4,1,2,974,hi,
x720386998976436318,2026-08-24T07:17:35Z,zoya108x,491,clip of that moment is everywhere now #WatchParty,photo,3,0,0,0,0,98,hi,
x982534615576680491,2026-08-25T13:00:13Z,refundhelp307,56,order stuck? DM @helpdeskx7x solution guaranteed #OrderIssue,video,0,0,0,0,0,34,en,
x275070626845661909,2026-08-25T11:39:56Z,claimnow8,109,"order issue solved in 10 min, DM @fastsupport4_in #RefundDelay",none,0,0,0,0,0,45,en,
x717573036273555432,2026-08-25T13:58:31Z,nadia318260,225,last over replay pe replay dekh raha hu #UnderdogWin,photo,3,0,0,0,0,115,en,
x807107381143218977,2026-08-25T23:12:05Z,rizwan367_in,119,"bhai ye wala stall best hai, 27 me itna khana #LateNightEats",photo,4,1,0,0,0,100,en,x635770559461537197
x316686546629157066,2026-08-24T14:02:31Z,meera107_in,1060,clip of that moment is everywhere now #WatchParty,video,,12,5,0,0,,hi,x400731339788981686
x630679873915407998,2026-08-25T09:10:53Z,nadia406x,206,"bhai ye wala stall best hai, 34 me itna khana #StreetFoodFinds",photo,1,0,0,0,0,105,hi,
x501908649005102232,2026-08-25T10:34:15Z,tanvir579854,392,watch party er environment ta osadharon chilo #SingalongChallenge,none,22,5,3,0,2,257,ur,
x365579770549655460,2026-08-24T23:15:07Z,jay287_in,3492,last over replay pe replay dekh raha hu #UnderdogWin,none,26,5,1,0,2,1110,en,
x405528100989168303,2026-08-25T14:31:33Z,neel477275,72,NOBODY saw that result coming #MatchNight,photo,1,0,0,0,0,25,bn,
x388857253648880673,2026-08-25T21:05:20Z,omar280official,662,"took it to a local shop, fixed for 2700. brand quoted 5x that #RightToRepair",none,9,2,0,0,0,832,en,
x970588823232777037,2026-08-25T09:36:46Z,anaya4507,101,why is replacing the battery cheaper than the whole phone now #RepairNotReplace,photo,1,0,0,0,0,22,ur,
x824439493683317882,2026-08-25T21:48:44Z,meera240_,,is the app down for everyone or just me #AppDown,video,,1,1,0,0,,hi,
x972393724656633953,2026-08-25T23:28:16Z,priya98907,1163,underdogs really did that tonight #MatchNight,video,18,3,1,0,0,762,hi,x510212155431492014
x543556434733242373,2026-08-25T17:44:45Z,dipu453809,172,"repair karana sasta hai, log samajhte nahi #RepairNotReplace",gif,2,0,0,0,0,109,en,
x853767223386933152,2026-08-25T19:18:10Z,dipu369x,1355,"ok it's a regional thing, not a full outage #AppDown",photo,44,11,5,1,2,,bn,
x772727567721253235,2026-08-25T20:26:37Z,jay161official,887,"bhai ye wala stall best hai, 34 me itna khana #StreetFoodFinds",photo,6,1,0,0,0,197,en,
x717005095896137048,2026-08-25T01:48:21Z,farhan155x,426,found this 18-rupee plate near the station and i'm never recovering #LateNightEats,photo,12,1,0,0,1,437,en,
x727279200088515312,2026-08-25T10:25:21Z,rizwan670x,195,biggest upset of the season easily #UnderdogWin,video,2,0,0,0,0,27,en,
x993223767271852187,2026-08-25T10:26:21Z,fastsupport4_in,7,refund pending since 48 hours. contact @helpdeskx2official for fast resolution #RefundDelay,none,0,0,0,0,0,35,en,x962488369446595279
x452290053765112123,2026-08-24T23:22:32Z,kabir134_,2531,watch party er environment ta osadharon chilo #SingalongChallenge,video,53,16,1,3,1,1754,en,
x631993094157423453,2026-08-25T11:12:06Z,neel477275,72,why is replacing the battery cheaper than the whole phone now #RightToRepair,none,0,0,0,0,0,41,hi,
x439081866453675940,2026-08-25T13:58:32Z,priya759,555,found this 18-rupee plate near the station and i'm never recovering #StreetFoodFinds,none,16,4,1,0,0,581,en,
x634577119176774206,2026-08-25T11:40:54Z,nadia431x,324,clip of that moment is everywhere now #WatchParty,video,6,0,0,0,0,339,hi,x983590098094977355
x445682846072580400,2026-08-25T18:57:47Z,shreya9407,598,NOBODY saw that result coming #UnderdogWin,video,3,0,0,0,0,176,en,
x864547210312953191,2026-08-25T12:34:33Z,omar82707,1855,watch party er environment ta osadharon chilo #WatchParty,video,4,0,0,0,0,232,en,
x714544869180761858,2026-08-25T09:39:29Z,zoya726official,5865,"parts pairing is the real problem, not the screws #RightToRepair",none,74,15,1,2,5,2807,en,
x680674336363406236,2026-08-25T16:15:28Z,omar775official,327,"parts pairing is the real problem, not the screws #RepairNotReplace",none,10,3,1,0,0,332,en,x942540458720499933
x374561922951764174,2026-08-24T15:57:55Z,imran378_in,156,"took it to a local shop, fixed for 1800. brand quoted 5x that #RepairNotReplace",photo,2,0,0,0,0,38,ur,
x336136504189006397,2026-08-24T20:14:02Z,anaya184,505,"late night eats thread, adding this one to the list #LateNightEats",photo,6,1,0,0,0,149,en,
x578846118849327496,2026-08-25T16:44:25Z,aisha44507,245,watch party er environment ta osadharon chilo #WatchParty,photo,0,0,0,0,0,145,hi,
x320776820228978553,2026-08-25T17:41:17Z,shreya29507,685,ei match ta bhulte parbo na #MatchNight,none,16,4,0,0,1,,en,
x945292586482041138,2026-08-25T19:29:03Z,bina1125_in,625,this haul format is everywhere on my feed now #BackToCampus,photo,15,5,2,1,1,575,bn,
x343017489421191980,2026-08-25T16:26:52Z,anaya556official,1022,queue was 40 min long and honestly worth it #LateNightEats,photo,14,2,0,0,1,625,ur,
x476020745235973118,2026-08-25T14:06:13Z,priya806230,2493,"genuinely good thread on repairability scores, worth a read #RightToRepair",none,29,4,5,2,0,858,en,
x930896813418176671,2026-08-24T19:11:30Z,omar249,62,biggest upset of the season easily #MatchNight,photo,0,0,0,0,0,26,en,x849865379759835764
x679137720652556114,2026-08-25T20:44:08Z,hasan894official,197,"the whole crowd singing along, chills #WatchParty",none,1,0,0,0,0,63,en,
x827725747172264858,2026-08-24T12:05:27Z,dipu123,60,"genuinely good thread on repairability scores, worth a read #RightToRepair",video,2,0,0,0,0,53,en,
x476520912084536184,2026-08-24T11:22:38Z,claimnow8,109,refund pending since 48 hours. contact @fastsupport507 for fast resolution #OrderIssue,video,0,0,0,0,0,22,hi,
x573782453883047825,2026-08-25T17:37:34Z,tanvir924x,1981,"back to campus haul, everything under 1200 #BackToCampus",photo,62,7,11,1,4,943,en,x827750809705639814
x112282682591867239,2026-08-25T15:45:13Z,bina89707,175,"late night eats thread, adding this one to the list #LateNightEats",photo,4,1,0,0,0,64,hi,
x946132611039243222,2026-08-24T14:57:58Z,zoya48_in,287,underdogs really did that tonight #UnderdogWin,photo,1,0,0,0,0,,en,x592705131226019688
x981219472492704138,2026-08-25T15:48:32Z,shreya162x,3036,everyone using this audio as a template #SingalongChallenge,none,85,15,13,0,9,2175,bn,
x727351564229423601,2026-08-25T22:51:25Z,tanvir723x,2439,"false alarm apparently, working again on my end #AppDown",none,19,6,3,0,2,927,hi,x306831863887283934
x305340732980507959,2026-08-25T20:09:27Z,rizwan879414,805,"college list banaya hai, kuch reh gaya? #CampusHaul",video,22,3,0,1,2,313,en,
x324275258084503179,2026-08-25T13:58:08Z,tanvir158454,4032,"ei jaygar khabar ta darun, must try #LateNightEats",video,37,3,3,0,1,2314,en,
x893405355516124502,2026-08-25T15:22:06Z,hasan852official,156,queue was 40 min long and honestly worth it #LateNightEats,photo,9,0,1,0,0,172,en,
x657608553522546710,2026-08-25T21:26:52Z,sunny540x,668,"the whole crowd singing along, chills #SingalongChallenge",photo,21,6,0,0,0,570,en,x118273962375546151
x769115486110932464,2026-08-25T20:17:20Z,neel247official,47,"the whole crowd singing along, chills #WatchParty",video,0,0,0,0,0,42,en,
x474927798732138240,2026-08-24T15:53:02Z,dipu4607,1616,"delivery took 3 days longer than promised, finally here #DeliveryStatus",none,33,4,5,2,4,1035,en,
x908820544635371394,2026-08-24T13:30:21Z,farhan272official,4360,why is replacing the battery cheaper than the whole phone now #RepairNotReplace,none,15,2,1,0,1,503,hi,
x878898774187207786,2026-08-25T23:34:10Z,omar1146x,2673,"took it to a local shop, fixed for 1200. brand quoted 5x that #RightToRepair",photo,103,32,16,6,3,1890,en,
x733044555589842291,2026-08-25T12:18:50Z,sana124_,163,clip of that moment is everywhere now #SingalongChallenge,video,4,0,0,0,0,63,hi,
x629043247366042847,2026-08-25T23:39:33Z,sana970_,550,biggest upset of the season easily #MatchNight,photo,25,3,4,1,1,329,en,
x478600268224843013,2026-08-25T22:51:44Z,priya806230,2493,NOBODY saw that result coming #UnderdogWin,video,19,4,3,0,0,580,ur,
x591811225029534530,2026-08-25T21:25:24Z,dipu887_in,856,watch party er environment ta osadharon chilo #SingalongChallenge,video,22,1,2,0,2,314,en,
x525538945897862855,2026-08-25T18:00:33Z,arjun1060official,1626,underdogs really did that tonight #MatchNight,video,8,0,1,0,0,289,ur,
x470066349485662758,2026-08-25T21:57:43Z,rahul704official,1302,"parts pairing is the real problem, not the screws #RightToRepair",none,14,2,1,0,0,944,hi,
x460609558191329550,2026-08-25T18:41:35Z,shreya1067_,291,"back to campus haul, everything under 5800 #CampusHaul",video,15,4,1,0,1,175,ur,
x331524243091348798,2026-08-25T11:38:52Z,rahul26207,1136,watch party er environment ta osadharon chilo #WatchParty,video,8,1,0,0,0,306,hi,
x579074576297923006,2026-08-24T17:16:11Z,sunny463official,562,"took it to a local shop, fixed for 1800. brand quoted 5x that #RepairNotReplace",video,6,1,0,0,0,179,bn,
x443377400319156584,2026-08-25T21:49:04Z,tara271official,131,this haul format is everywhere on my feed now #BackToCampus,photo,2,0,0,0,0,48,en,
x556058883610847224,2026-08-25T01:42:26Z,bina621official,862,"genuinely good thread on repairability scores, worth a read #RightToRepair",photo,8,2,0,0,0,687,ur,x661708338893757213
x176967593123558303,2026-08-25T01:26:00Z,sunny622,851,queue was 40 min long and honestly worth it #LateNightEats,photo,6,1,0,0,0,599,en,
x347379382858122963,2026-08-25T12:08:57Z,meera462x,75,"genuinely good thread on repairability scores, worth a read #RepairNotReplace",photo,0,0,0,0,0,38,ur,
x289122606152771859,2026-08-25T16:02:46Z,jay688official,257,ei match ta bhulte parbo na #UnderdogWin,video,4,0,0,0,0,118,en,
x421806345780462237,2026-08-25T21:30:04Z,arjun1140official,250,this haul format is everywhere on my feed now #BackToCampus,video,1,0,0,0,0,137,en,
x762103527234363137,2026-08-25T14:06:12Z,omar692x,96,last over replay pe replay dekh raha hu #MatchNight,video,1,0,0,0,0,60,en,
x449379209137535923,2026-08-24T18:42:22Z,helpdeskx6official,111,refund not credited yet. @helpdeskx2official fastest support #RefundDelay,none,0,0,0,0,0,21,hi,
x502248326808805032,2026-08-25T18:32:57Z,arjun59,276,underdogs really did that tonight #MatchNight,video,8,1,1,0,0,242,en,
x379583228326012019,2026-08-25T17:22:51Z,tanvir277867,29,"took it to a local shop, fixed for 4200. brand quoted 5x that #RepairNotReplace",video,1,0,0,0,0,20,en,x727332392677899983
x322254269984011777,2026-08-25T09:04:06Z,farhan76607,820,ei match ta bhulte parbo na #UnderdogWin,none,12,2,0,0,0,283,en,
x206233149071410486,2026-08-24T22:46:25Z,shreya584official,455,underdogs really did that tonight #MatchNight,photo,13,1,2,0,0,261,hi,
x963810380657752802,2026-08-25T15:24:11Z,sunny420_,726,found this 27-rupee plate near the station and i'm never recovering #StreetFoodFinds,none,6,0,1,0,0,,hi,
x806337013842952734,2026-08-25T16:05:52Z,omar4407,2871,ei match ta bhulte parbo na #UnderdogWin,photo,22,6,1,1,2,1999,en,
x702415731343714220,2026-08-25T23:39:05Z,imran810x,112,"repair karana sasta hai, log samajhte nahi #RepairNotReplace",photo,1,0,0,0,0,44,bn,
x123901187262301249,2026-08-24T19:58:56Z,neel9_,294,is it actually worth 42k or nah #HonestReview,none,3,0,0,0,0,221,ur,x682549957331380008
x566570131240182661,2026-08-25T23:11:17Z,zoya1093official,287,watch party er environment ta osadharon chilo #WatchParty,photo,5,0,0,0,0,129,bn,
x834001797185154681,2026-08-24T18:09:14Z,bina285151,884,clip of that moment is everywhere now #SingalongChallenge,video,11,3,2,0,0,740,ur,
x702033935980386120,2026-08-25T23:53:52Z,tara89607,1292,watch party er environment ta osadharon chilo #WatchParty,photo,54,4,9,0,1,391,hi,x132105946777635065
x520849899036047507,2026-08-25T09:40:10Z,sana578_,2600,"bhai ye wala stall best hai, 58 me itna khana #LateNightEats",none,56,5,2,2,3,,ur,
x917990843573183620,2026-08-25T22:34:37Z,sunny90,585,last over replay pe replay dekh raha hu #MatchNight,video,4,0,0,0,0,491,hi,
x804891838415200943,2026-08-24T12:33:23Z,dipu185_in,617,last over replay pe replay dekh raha hu #MatchNight,none,13,2,1,0,0,187,en,
x737659960303926125,2026-08-25T22:36:46Z,sana353official,475,clip of that moment is everywhere now #SingalongChallenge,photo,2,0,0,0,0,51,bn,x663491453120211743
x946984176512755192,2026-08-25T21:06:41Z,helpdeskx7x,14,"order issue solved in 10 min, DM @fastsupport0_in #RefundDelay",photo,0,0,0,0,0,43,ur,
x448113627717182361,2026-08-25T13:04:20Z,tanvir95x,1177,"this week's roundup is live, have a read #WeeklyRoundup",none,18,3,1,0,2,371,bn,
x899222169304498441,2026-08-25T14:47:18Z,sunny581_in,4492,why is replacing the battery cheaper than the whole phone now #RepairNotReplace,none,15,4,2,1,0,768,hi,
x322593628334521784,2026-08-25T12:02:21Z,rizwan86,593,honest review after two weeks of daily use #HonestReview,photo,5,0,0,0,0,484,en,
x426129256362573370,2026-08-25T17:21:50Z,sunny581_in,4492,"took it to a local shop, fixed for 3400. brand quoted 5x that #RepairNotReplace",video,113,19,11,5,12,3742,hi,
x800933140966250628,2026-08-25T13:43:24Z,aisha20607,161,queue was 40 min long and honestly worth it #StreetFoodFinds,none,0,0,0,0,0,97,en,
x620308655703250730,2026-08-25T17:19:25Z,kabir816480,678,"genuinely good thread on repairability scores, worth a read #RightToRepair",photo,10,1,1,0,0,456,en,
x376497743815949647,2026-08-25T20:04:45Z,kabir90907,2025,watch party er environment ta osadharon chilo #SingalongChallenge,photo,50,6,4,1,5,989,en,
x237053519733334681,2026-08-25T13:24:09Z,hasan65_in,480,everyone using this audio as a template #WatchParty,video,10,2,0,0,0,235,hi,x382393024848348686
x553582129681252996,2026-08-25T08:09:51Z,hasan629915,569,queue was 40 min long and honestly worth it #StreetFoodFinds,photo,11,1,1,0,0,475,en,
x919353329965235949,2026-08-25T09:53:01Z,vikram0_,602,last over replay pe replay dekh raha hu #MatchNight,video,10,1,0,0,0,382,en,
x174511991913189462,2026-08-25T12:54:59Z,meera301_in,1140,queue was 40 min long and honestly worth it #LateNightEats,none,18,1,2,0,1,603,hi,
x799648658711836907,2026-08-25T11:47:22Z,kabir522_,562,found this 58-rupee plate near the station and i'm never recovering #StreetFoodFinds,none,14,3,2,0,1,422,hi,
x173667742418684807,2026-08-24T20:50:26Z,rahul22707,282,why is replacing the battery cheaper than the whole phone now #RightToRepair,photo,5,0,0,0,0,156,en,
x524659779639570657,2026-08-25T16:20:09Z,neel554official,1135,last over replay pe replay dekh raha hu #UnderdogWin,none,22,5,3,1,2,616,bn,
x409080791874157210,2026-08-25T12:40:24Z,priya374x,1251,why is replacing the battery cheaper than the whole phone now #RepairNotReplace,video,35,5,6,0,5,795,hi,
x212247155994342501,2026-08-25T16:05:48Z,tara271official,131,ei match ta bhulte parbo na #MatchNight,photo,1,0,0,0,0,51,en,
x203919458025091873,2026-08-25T15:34:07Z,meera665official,5996,"ei jaygar khabar ta darun, must try #StreetFoodFinds",none,76,4,11,3,5,1826,en,
x226457265273712574,2026-08-25T15:37:40Z,arjun20269,1062,"ei jaygar khabar ta darun, must try #StreetFoodFinds",photo,10,2,0,0,0,336,en,
x430243077665611241,2026-08-25T16:53:33Z,hasan638_,2002,"took it to a local shop, fixed for 10300. brand quoted 5x that #RepairNotReplace",none,55,9,2,2,0,1947,en,
x363685058230637047,2026-08-25T22:03:11Z,dipu4607,1616,found this 18-rupee plate near the station and i'm never recovering #StreetFoodFinds,video,25,7,2,1,3,868,en,
x984926966476830828,2026-08-25T00:47:12Z,claimnow8,109,order stuck? DM @helpdeskx7x solution guaranteed #RefundDelay,video,0,0,0,0,0,38,en,x765430388103192197
x798821081808129911,2026-08-25T12:04:02Z,farhan155x,426,"bhai ye wala stall best hai, 42 me itna khana #StreetFoodFinds",photo,6,0,0,0,0,395,hi,
x755233808609642262,2026-08-24T23:28:01Z,fastsupport507,133,"order issue solved in 10 min, DM @fastsupport0_in #OrderIssue",gif,0,0,0,0,0,76,en,
x936435303894368212,2026-08-25T22:33:45Z,refundhelp307,56,refund not credited yet. @refundhelp307 fastest support #OrderIssue,none,0,0,0,0,0,27,hi,
x631883907581945017,25/08/2026 08:53,sana632_,581,watch party er environment ta osadharon chilo #SingalongChallenge,photo,13,3,0,0,0,444,bn,
x228628055300914859,2026-08-25T20:25:20Z,priya1052official,2245,"the whole crowd singing along, chills #WatchParty",video,86,23,8,1,0,871,hi,
x816116765104561345,2026-08-25T14:58:43Z,shreya584official,455,"bhai ye wala stall best hai, 58 me itna khana #StreetFoodFinds",photo,18,2,0,0,0,447,en,
x724663863919319953,2026-08-25T11:34:10Z,sana448_in,252,biggest upset of the season easily #UnderdogWin,photo,5,0,0,0,0,133,en,
x874660692398176851,2026-08-25T19:58:37Z,shreya1065_in,46,everyone using this audio as a template #SingalongChallenge,video,1,0,0,0,0,39,en,x854421384362478605
x143907605876372442,2026-08-25T20:06:23Z,imran734_in,892,"false alarm apparently, working again on my end #AppDown",none,14,3,2,0,0,541,hi,
x751139035492446209,2026-08-25T10:33:26Z,kabir8x,341,queue was 40 min long and honestly worth it #LateNightEats,photo,2,0,0,0,0,91,en,
x735461756320904977,2026-08-25T15:31:03Z,tanvir1006_in,1813,clip of that moment is everywhere now #WatchParty,video,81,20,16,0,9,1707,en,
x862839817049001766,2026-08-25T20:42:30Z,nadia730official,150,"ei jaygar khabar ta darun, must try #StreetFoodFinds",photo,3,0,0,0,0,112,en,
x932795670686119655,2026-08-25T19:13:38Z,bina630_in,756,found this 27-rupee plate near the station and i'm never recovering #StreetFoodFinds,photo,5,1,0,0,0,400,ur,
x682986595939816651,2026-08-25T23:23:22Z,vikram138_in,500,anyone know how long the update usually takes? #DeliveryStatus,none,10,2,1,0,0,286,en,x227225092610670540
x730425704115351233,2026-08-25T14:48:39Z,vikram183official,425,"bhai ye wala stall best hai, 42 me itna khana #StreetFoodFinds",photo,12,1,0,0,1,294,hi,
x465510549292414270,2026-08-25T16:28:05Z,aisha1003_in,6148,watch party er environment ta osadharon chilo #SingalongChallenge,video,70,21,5,2,3,630,en,x805000857480828630
x999328573850062895,2026-08-25T19:19:55Z,helpdeskx2official,4,order stuck? DM @refundhelp1 solution guaranteed #RefundDelay,video,0,0,0,0,0,41,en,
x806408680993702730,2026-08-24T22:46:16Z,omar485,182,last over replay pe replay dekh raha hu #UnderdogWin,none,10,1,0,0,0,135,bn,
x977751351190318591,2026-08-25T11:38:54Z,hasan894official,197,"late night eats thread, adding this one to the list #LateNightEats",photo,1,0,0,0,0,101,en,
x657666969257967817,2026-08-25T08:15:44Z,tanvir687x,583,clip of that moment is everywhere now #WatchParty,photo,16,4,2,0,0,399,bn,
x504984711128652216,2026-08-24T23:57:35Z,bina468_,164,"took it to a local shop, fixed for 10300. brand quoted 5x that #RightToRepair",photo,5,1,0,0,0,114,en,
x850981795618371736,2026-08-25T08:05:36Z,dipu483_,637,underdogs really did that tonight #UnderdogWin,video,2,0,0,0,0,96,en,
x422788634690309317,2026-08-24T21:03:54Z,omar4407,2871,"parts pairing is the real problem, not the screws #RepairNotReplace",video,23,1,2,1,3,853,hi,
x589070952190966290,2026-08-24T13:17:41Z,omar127_in,1593,NOBODY saw that result coming #UnderdogWin,video,12,3,2,0,0,1574,hi,
x542566170306281580,2026-08-25T22:12:33Z,farhan656_in,811,"back to campus haul, everything under 2700 #CampusHaul",photo,25,1,2,1,2,307,en,x185628975995670157
x622126014370393541,2026-08-24T14:28:51Z,bina113_in,549,made it into the roundup somehow #FridayFaves,none,6,1,0,0,0,183,en,
x409134464508435003,2026-08-25T17:55:37Z,aisha37907,564,queue was 40 min long and honestly worth it #StreetFoodFinds,none,16,1,2,1,1,307,en,
x587657616862734137,2026-08-24T04:11:43Z,neel66_,1691,"friday faves, 12 things i actually used this week #FridayFaves",none,30,8,2,0,1,1807,en,
x802502480934375687,2026-08-24T22:37:41Z,sana353official,475,last over replay pe replay dekh raha hu #MatchNight,video,5,1,0,0,0,384,en,
x850262799168178468,2026-08-25T18:23:37Z,kabir139_,196,"repair karana sasta hai, log samajhte nahi #RepairNotReplace",photo,4,1,0,0,0,113,ur,
x249982378600868820,2026-08-25T01:33:49Z,zoya546_,441,"late night eats thread, adding this one to the list #LateNightEats",photo,11,2,0,0,1,153,hi,
x158114029444804528,2026-08-25T14:11:36Z,dipu73207,659,"the whole crowd singing along, chills #WatchParty",video,13,1,0,0,0,269,bn,
x141736495335884515,2026-08-25T22:06:07Z,farhan742_,86,"false alarm apparently, working again on my end #ServerOutage",video,1,0,0,0,0,35,en,x960398059778877826
x937055535987084046,2026-08-25T08:25:15Z,zoya493x,400,biggest upset of the season easily #UnderdogWin,video,5,1,0,0,0,324,hi,
x660775993489916846,2026-08-25T17:55:20Z,rizwan1028_,1272,biggest upset of the season easily #MatchNight,video,15,4,1,0,0,437,en,
x131100432353899358,2026-08-25T16:04:51Z,sana228901,190,"bhai ye wala stall best hai, 27 me itna khana #StreetFoodFinds",photo,1,0,0,0,0,75,hi,x842425757648826260
x730605694199360636,2026-08-25T20:21:48Z,tanvir1160_in,995,"bhai ye wala stall best hai, 27 me itna khana #StreetFoodFinds",none,9,0,0,0,0,262,ur,
x690145757484983303,2026-08-25T12:49:15Z,omar528official,260,clip of that moment is everywhere now #WatchParty,video,8,1,0,0,1,,en,x463535158948312018
x538490487219162165,2026-08-24T22:47:47Z,kabir139_,196,clip of that moment is everywhere now #WatchParty,video,2,0,0,0,0,95,en,x303344638510721570
x521073588470429740,2026-08-25T12:20:59Z,tanvir524_in,1208,clip of that moment is everywhere now #WatchParty,photo,59,20,9,3,3,1059,en,
x457407460038143065,2026-08-25T16:07:18Z,zoya82407,1135,underdogs really did that tonight #MatchNight,video,10,1,1,0,0,892,en,
x886125515329890431,2026-08-25T22:27:34Z,nadia959,417,"repair karana sasta hai, log samajhte nahi #RepairNotReplace",photo,3,0,0,0,0,64,en,
x463185390922463831,2026-08-25T15:43:37Z,priya3_in,216,"genuinely good thread on repairability scores, worth a read #RepairNotReplace",none,2,0,0,0,0,107,en,
x451192915079833709,2026-08-25T13:57:30Z,omar280official,662,watch party er environment ta osadharon chilo #SingalongChallenge,photo,17,2,2,0,1,269,hi,
x130682246983287172,2026-08-25T10:44:39Z,omar81307,764,found this 34-rupee plate near the station and i'm never recovering #StreetFoodFinds,none,5,1,0,0,0,115,en,x275084347960416001
x679052501476045623,2026-08-25T17:20:33Z,rizwan85official,167,everyone using this audio as a template #SingalongChallenge,photo,3,0,0,0,0,116,en,
x247981968381566179,2026-08-25T22:27:40Z,sunny63270,153,underdogs really did that tonight #UnderdogWin,video,3,0,0,0,0,118,en,
x825430197714207304,2026-08-25T12:14:38Z,neel85907,301,ei match ta bhulte parbo na #MatchNight,video,4,0,0,0,0,60,hi,
x263310969760495644,2026-08-25T20:51:01Z,fastsupport0_in,,order stuck? DM @refundhelp1 solution guaranteed #OrderIssue,gif,,0,0,0,0,,bn,x769381617890520619
x821112911795279951,2026-08-24T08:08:23Z,aisha13x,206,ei match ta bhulte parbo na #UnderdogWin,photo,1,0,0,0,0,76,ur,
x293709858102854373,2026-08-25T20:54:54Z,sunny456x,1812,still stuck on the loading screen #AppDown,none,42,4,3,3,2,470,en,
x965168937511895222,2026-08-24T22:54:38Z,bina23307,889,underdogs really did that tonight #MatchNight,video,11,3,1,0,0,281,en,
x747256820467394564,2026-08-25T22:17:03Z,imran37307,275,everyone using this audio as a template #WatchParty,video,4,0,0,0,0,163,hi,
x109096189991871247,2026-08-25T15:45:29Z,neel1807,67,honest review after two weeks of daily use #GadgetCheck,video,0,0,0,0,0,33,bn,
x176798791870088838,2026-08-25T18:29:37Z,tara944_,580,biggest upset of the season easily #MatchNight,none,0,0,0,0,0,,en,
x182308084321729168,2026-08-25T18:52:28Z,kabir56_in,557,is it actually worth 27k or nah #GadgetCheck,video,16,4,1,0,0,360,en,
x517804802114661362,2026-08-25T22:07:58Z,dipu194_in,1122,everyone using this audio as a template #SingalongChallenge,photo,2,0,0,0,0,246,en,x989868880907779815
x822938156583062358,2026-08-25T13:00:25Z,arjun100x,424,still stuck on the loading screen #AppDown,none,1,0,0,0,0,,en,
x900950999502808777,2026-08-25T15:30:47Z,jay574,928,still stuck on the loading screen #AppDown,none,20,5,1,1,2,241,en,
x466186600077138032,2026-08-25T14:41:09Z,anaya294official,1298,last over replay pe replay dekh raha hu #MatchNight,photo,11,1,0,0,0,771,bn,
x857942448761446492,2026-08-25T14:26:16Z,zoya38official,307,"this week's roundup is live, have a read #FridayFaves",photo,1,0,0,0,0,204,hi,x835583879835091903
x764345561061837994,2026-08-25T20:30:34Z,tanvir1086official,2224,"college list banaya hai, kuch reh gaya? #CampusHaul",photo,5,0,0,0,0,895,en,
x595846339538580993,2026-08-25T17:49:37Z,meera19,136,why is replacing the battery cheaper than the whole phone now #RepairNotReplace,none,1,0,0,0,0,38,en,
x345722072038466071,2026-08-24T05:40:00Z,vikram0_,602,still stuck on the loading screen #ServerOutage,video,1,0,0,0,0,85,en,
x954723774023469807,2026-08-25T23:39:42Z,anaya371x,84,found this 42-rupee plate near the station and i'm never recovering #StreetFoodFinds,photo,3,0,0,0,0,77,en,
x935698733079082000,2026-08-25T18:20:47Z,sunny177x,335,NOBODY saw that result coming #MatchNight,video,11,1,0,0,0,170,hi,
x761232649630059285,2026-08-25T23:03:40Z,tanvir976x,462,watch party er environment ta osadharon chilo #WatchParty,photo,0,0,0,0,0,39,en,
x345007518629936959,2026-08-25T20:14:29Z,omar25807,636,ei match ta bhulte parbo na #UnderdogWin,video,8,2,1,0,0,96,hi,
x752133725721314885,2026-08-24T10:25:27Z,fastsupport4_in,7,order stuck? DM @fastsupport4_in solution guaranteed #OrderIssue,photo,0,0,0,0,0,41,en,
x225201203425086335,2026-08-24T01:01:56Z,vikram3707,1664,third time this week honestly #ServerOutage,none,18,1,0,0,2,865,en,
x387928488250516561,2026-08-25T18:34:44Z,vikram183official,425,found this 27-rupee plate near the station and i'm never recovering #LateNightEats,photo,1,0,0,0,0,60,en,
x559418840088064885,2026-08-25T08:16:13Z,meera101_,213,"late night eats thread, adding this one to the list #LateNightEats",photo,1,0,0,0,0,92,en,x578619487250404897
x743671266885573953,2026-08-25T13:56:48Z,arjun100x,424,found this 58-rupee plate near the station and i'm never recovering #StreetFoodFinds,photo,4,0,0,0,0,71,hi,
x648046402802479749,2026-08-25T18:39:21Z,rahul936,398,"ok it's a regional thing, not a full outage #ServerOutage",none,5,0,0,0,0,164,en,
x943954394090899385,2026-08-25T18:45:21Z,kabir51407,575,NOBODY saw that result coming #MatchNight,video,3,0,0,0,0,71,bn,
x376497743815949647,2026-08-25T20:04:45Z,kabir90907,2025,watch party er environment ta osadharon chilo #SingalongChallenge,photo,50,6,4,1,5,989,en,
x902220364019934467,2026-08-25T18:57:23Z,shreya64107,886,"repair karana sasta hai, log samajhte nahi #RepairNotReplace",none,49,13,2,2,0,900,en,
x741292535422587833,2026-08-25T22:48:24Z,farhan760official,457,NOBODY saw that result coming #UnderdogWin,video,7,0,0,0,0,58,en,x180105933894967864
x442499674304172143,2026-08-25T22:09:49Z,rahul1107,319,"ok it's a regional thing, not a full outage #ServerOutage",photo,1,0,0,0,0,86,en,
x881634755823390552,2026-08-25T13:11:35Z,bina23307,889,"genuinely good thread on repairability scores, worth a read #RightToRepair",none,6,2,0,0,0,348,bn,
x972892774594099904,2026-08-25T13:32:06Z,sana436official,569,"ei jaygar khabar ta darun, must try #StreetFoodFinds",photo,13,4,1,0,0,415,en,x702894763553168903
x123003898373494836,2026-08-25T13:39:47Z,arjun7_in,2810,everyone using this audio as a template #SingalongChallenge,video,25,8,0,0,0,1558,hi,
x368807843062112171,2026-08-25T15:17:22Z,hasan35094,225,watch party er environment ta osadharon chilo #WatchParty,video,3,0,0,0,0,189,hi,
x650494484018058862,2026-08-25T17:17:12Z,dipu667x,774,underdogs really did that tonight #UnderdogWin,photo,40,3,5,0,3,976,en,
x744500952791594987,2026-08-25T15:32:52Z,sunny209207,187,watch party er environment ta osadharon chilo #SingalongChallenge,none,3,0,0,0,0,62,ur,
x149235623945364619,2026-08-25T16:01:13Z,priya49,6005,clip of that moment is everywhere now #WatchParty,video,110,13,3,3,4,2103,en,
x892644789374277571,2026-08-24T00:08:57Z,tanvir28589,569,"took it to a local shop, fixed for 1200. brand quoted 5x that #RepairNotReplace",video,15,4,0,0,0,538,hi,
x103758550903546018,2026-08-25T12:16:20Z,farhan28607,598,"genuinely good thread on repairability scores, worth a read #RepairNotReplace",none,2,0,0,0,0,70,en,x287205655186339854
x352490143330820643,2026-08-25T21:06:54Z,imran851official,309,biggest upset of the season easily #MatchNight,video,7,2,0,0,0,212,en,
x335150522939947710,2026-08-25T19:41:36Z,omar606x,301,"parts pairing is the real problem, not the screws #RightToRepair",video,4,0,0,0,0,123,en,x226516376748562576
x559743013176206550,2026-08-25T16:07:12Z,imran17207,323,why is replacing the battery cheaper than the whole phone now #RepairNotReplace,none,4,0,0,0,0,182,en,
x127030984798310833,2026-08-25T16:57:01Z,jay40007,736,clip of that moment is everywhere now #SingalongChallenge,video,17,4,1,1,1,433,en,
x106150394589922991,2026-08-25T01:16:11Z,refundhelp307,56,"order issue solved in 10 min, DM @helpdeskx7x #OrderIssue",photo,0,0,0,0,0,40,bn,
x251760117646204575,2026-08-24T06:55:13Z,meera5,192,"parts pairing is the real problem, not the screws #RepairNotReplace",none,1,0,0,0,0,55,ur,
x146970792034961833,2026-08-25T20:17:06Z,refundhelp307,56,refund pending since 48 hours. contact @fastsupport4_in for fast resolution #OrderIssue,video,0,0,0,0,0,27,en,
x569620382272077444,2026-08-25T18:41:46Z,farhan57official,1296,watch party er environment ta osadharon chilo #WatchParty,video,6,1,0,0,0,696,en,
x219927891362164319,2026-08-25T21:11:13Z,refundhelp307,56,"order issue solved in 10 min, DM @helpdeskx2official #RefundDelay",photo,0,0,0,0,0,23,hi,
x860157753491704389,2026-08-25T10:58:56Z,imran145_in,138,NOBODY saw that result coming #UnderdogWin,video,1,0,0,0,0,31,ur,
x259882512747583035,2026-08-25T14:53:08Z,dipu4607,1616,ei match ta bhulte parbo na #MatchNight,video,4,1,0,0,0,208,en,
x917318450144084098,2026-08-24T23:32:20Z,tara282x,441,biggest upset of the season easily #UnderdogWin,video,5,1,0,0,0,204,en,
x818359717179544193,2026-08-25T08:46:33Z,sana33807,2087,"genuinely good thread on repairability scores, worth a read #RepairNotReplace",photo,29,9,1,1,3,795,en,
x265696070313364899,2026-08-25T22:51:37Z,omar173677,510,"repair karana sasta hai, log samajhte nahi #RepairNotReplace",photo,4,0,0,0,0,259,en,
x913719104932944520,2026-08-25T10:43:42Z,anaya4507,101,"parts pairing is the real problem, not the screws #RightToRepair",photo,0,0,0,0,0,71,en,
x166299228370237075,2026-08-25T23:11:38Z,farhan1148_in,904,[deleted],none,0,0,0,0,0,573,hi,
x571351460327277942,2026-08-25T01:42:40Z,tanvir35_in,237,clip of that moment is everywhere now #SingalongChallenge,video,4,1,0,0,0,98,en,
x389437991863252427,2026-08-25T19:38:26Z,priya374x,1251,"the whole crowd singing along, chills #WatchParty",none,25,5,3,0,1,637,bn,
x134088703961234688,2026-08-24T13:55:20Z,dipu72official,353,"college list banaya hai, kuch reh gaya? #CampusHaul",photo,5,1,0,0,0,98,en,
x655059453830748777,2026-08-25T17:00:51Z,refundhelp1,15,refund not credited yet. @fastsupport507 fastest support #OrderIssue,none,0,0,0,0,0,22,en,
x264552112405105770,2026-08-25T14:58:38Z,rizwan39507,483,biggest upset of the season easily #MatchNight,photo,11,1,0,0,0,234,hi,
x795919905059820944,25/08/2026 23:21,dipu281official,174,biggest upset of the season easily #UnderdogWin,photo,1,0,0,0,0,45,bn,
x805685561640616791,2026-08-25T15:24:15Z,bina89507,456,queue was 40 min long and honestly worth it #LateNightEats,photo,8,2,1,0,0,237,en,
x141047542714515325,2026-08-25T01:26:04Z,tanvir110,1349,underdogs really did that tonight #MatchNight,video,40,3,5,3,0,1479,en,
x913816991287561043,2026-08-25T19:24:21Z,aisha634_in,198,everyone using this audio as a template #SingalongChallenge,photo,5,1,0,0,0,131,en,
x112839546884492577,2026-08-25T23:22:24Z,rahul24594,2270,"parts pairing is the real problem, not the screws #RepairNotReplace",none,60,8,4,2,7,1035,en,
x801988528042163989,2026-08-25T13:13:18Z,vikram33official,237,last over replay pe replay dekh raha hu #MatchNight,video,5,1,0,0,0,206,hi,x578155079023741301
x684817972411334173,2026-08-25T16:10:10Z,omar127_in,1593,honest review after two weeks of daily use #GadgetCheck,video,8,2,0,0,1,902,hi,x784730452176529615
x289477802714911904,2026-08-25T23:57:01Z,rizwan367_in,119,this haul format is everywhere on my feed now #BackToCampus,photo,2,0,0,0,0,119,bn,
x990637900600791353,2026-08-25T18:36:26Z,tanvir277867,29,NOBODY saw that result coming #UnderdogWin,none,1,0,0,0,0,25,en,
x314619030103871794,2026-08-25T21:42:22Z,neel949342,314,underdogs really did that tonight #MatchNight,video,10,0,1,0,0,156,ur,x810180697109714698
x196347364311380423,2026-08-25T17:24:28Z,imran15,1338,NOBODY saw that result coming #MatchNight,none,8,0,0,0,0,240,en,
x483989555148220698,2026-08-25T22:19:09Z,rahul1022_,80,queue was 40 min long and honestly worth it #StreetFoodFinds,photo,0,0,0,0,0,35,bn,
x772551291547517155,2026-08-25T18:24:22Z,fastsupport0_in,71,refund pending since 48 hours. contact @refundhelp1 for fast resolution #RefundDelay,none,0,0,0,0,0,27,en,
x537709750657747436,2026-08-25T15:07:29Z,omar73,538,is it actually worth 27k or nah #HonestReview,photo,1,0,0,0,0,80,hi,
x409953985655589567,2026-08-25T16:53:16Z,kabir3407,2038,queue was 40 min long and honestly worth it #LateNightEats,photo,18,3,1,0,0,357,hi,
x828296426357589172,2026-08-25T10:53:34Z,sunny591x,247,underdogs really did that tonight #UnderdogWin,video,0,0,0,0,0,33,hi,
x783660798379204886,2026-08-25T19:35:19Z,arjun745_,5869,clip of that moment is everywhere now #SingalongChallenge,video,33,10,1,1,4,1152,en,
x882327182991855031,2026-08-25T00:57:17Z,meera170686,253,watch party er environment ta osadharon chilo #WatchParty,video,5,0,0,0,0,110,hi,
x612104313239781934,2026-08-25T09:35:43Z,kabir758_,8288,found this 103-rupee plate near the station and i'm never recovering #LateNightEats,photo,316,40,17,5,5,,en,
x358756952678229821,2026-08-25T19:40:52Z,tanvir579854,392,underdogs really did that tonight #MatchNight,video,19,4,1,0,0,230,en,
x939605527503901031,2026-08-25T16:03:57Z,vikram180_,362,"late night eats thread, adding this one to the list #LateNightEats",none,6,0,1,0,0,228,en,
x366651166549023942,2026-08-25T11:03:34Z,kabir51407,575,"late night eats thread, adding this one to the list #LateNightEats",photo,5,0,0,0,0,402,en,
x194896878530896250,2026-08-25T23:50:06Z,meera107_in,1060,"delivery took 3 days longer than promised, finally here #DeliveryStatus",none,12,2,2,0,0,294,hi,x755653764272027645
x207553519015440891,2026-08-25T19:51:27Z,omar82707,1855,clip of that moment is everywhere now #WatchParty,photo,44,10,6,0,3,1203,hi,
x172649787439685049,2026-08-25T23:48:01Z,tanvir687x,583,"college list banaya hai, kuch reh gaya? #CampusHaul",photo,9,2,1,0,0,173,en,
x616672573881787963,2026-08-25T23:20:00Z,jay458_,575,queue was 40 min long and honestly worth it #StreetFoodFinds,photo,1,0,0,0,0,65,ur,
x906075411345874913,2026-08-25T22:24:24Z,neel995_in,213,"parts pairing is the real problem, not the screws #RightToRepair",photo,2,0,0,0,0,74,en,
x222757137319223370,2026-08-25T20:46:51Z,rahul915official,1402,found this 42-rupee plate near the station and i'm never recovering #StreetFoodFinds,photo,15,2,2,0,1,251,en,
x976512423789400093,2026-08-24T21:20:29Z,imran572x,508,clip of that moment is everywhere now #WatchParty,video,5,0,0,0,0,,en,
x953734321866179795,2026-08-25T14:46:43Z,zoya517official,514,found this 12-rupee plate near the station and i'm never recovering #StreetFoodFinds,photo,4,1,0,0,0,157,hi,
x994314233029038252,2026-08-25T20:49:51Z,tanvir723x,2439,biggest upset of the season easily #MatchNight,video,31,1,3,0,0,660,en,x110181569039308802
x648347906643004915,2026-08-25T23:46:39Z,meera13529,3158,"bhai ye wala stall best hai, 18 me itna khana #StreetFoodFinds",photo,88,29,5,5,5,982,en,x322173661210582173
x708632199040848209,2026-08-25T09:18:51Z,zoya237985,542,everyone using this audio as a template #WatchParty,video,4,1,0,0,0,128,en,
x423951426152543888,2026-08-24T01:10:08Z,neel1807,67,"genuinely good thread on repairability scores, worth a read #RightToRepair",video,0,0,0,0,0,31,en,
x488404732731519222,2026-08-24T20:05:33Z,priya374x,1251,ei match ta bhulte parbo na #MatchNight,none,32,5,0,0,4,1101,hi,
x337803381893778834,2026-08-25T18:38:24Z,jay259_in,565,last over replay pe replay dekh raha hu #MatchNight,photo,16,5,2,1,2,386,ur,x981453596634543851
x242185369068608342,2026-08-25T14:50:01Z,anaya166official,79,biggest upset of the season easily #UnderdogWin,video,2,0,0,0,0,45,bn,
x259660128464960451,2026-08-25T15:45:42Z,farhan592x,564,last over replay pe replay dekh raha hu #MatchNight,video,15,1,1,0,0,492,bn,
x499365425484808708,2026-08-25T17:30:57Z,anaya346929,631,everyone using this audio as a template #SingalongChallenge,photo,11,3,2,0,0,553,hi,x190543729543501079
x650129910455510548,2026-08-24T04:41:48Z,tanvir80_,367,is the app down for everyone or just me #AppDown,video,6,1,0,0,0,242,bn,
x846102035195356169,2026-08-25T16:51:45Z,omar86307,338,"late night eats thread, adding this one to the list #LateNightEats",photo,5,1,0,0,0,146,en,
x740025242153777460,2026-08-25T21:12:23Z,rahul1038,1177,"the whole crowd singing along, chills #WatchParty",video,1,0,0,0,0,197,en,
x483098184769206886,2026-08-25T22:29:33Z,tara89607,1292,queue was 40 min long and honestly worth it #StreetFoodFinds,video,14,3,1,0,0,340,en,
x258793113092044928,2026-08-25T16:14:31Z,rahul1017,261,biggest upset of the season easily #UnderdogWin,photo,9,0,1,0,0,140,en,
x330812543936536527,2026-08-25T01:22:08Z,claimnow8,109,order stuck? DM @helpdeskx2official solution guaranteed #RefundDelay,none,0,0,0,0,0,27,hi,
x637535871937656242,2026-08-25T11:09:36Z,zoya9207,407,queue was 40 min long and honestly worth it #StreetFoodFinds,photo,1,0,0,0,0,168,en,
x125090774657750932,2026-08-25T15:27:00Z,rahul214,810,"the whole crowd singing along, chills #WatchParty",video,5,0,0,0,0,196,en,
x747135923128901737,2026-08-25T15:48:57Z,shreya162x,3036,last over replay pe replay dekh raha hu #UnderdogWin,video,47,14,3,3,5,1352,en,
x618326848955826427,2026-08-25T20:50:36Z,vikram1173571,451,biggest upset of the season easily #MatchNight,video,8,1,0,0,0,363,hi,
x411070483382163183,2026-08-25T19:40:15Z,dipu73207,659,"the whole crowd singing along, chills #WatchParty",video,16,1,1,0,1,432,en,x341584398150711308
x581589135900885241,2026-08-25T18:18:36Z,bina113_in,549,ei match ta bhulte parbo na #MatchNight,video,27,3,3,1,0,667,bn,
x889134326109735336,2026-08-25T11:05:52Z,rahul13107,1474,watch party er environment ta osadharon chilo #SingalongChallenge,video,28,6,3,1,3,270,en,x277292997325852563
x111555503576590065,2026-08-24T05:10:24Z,kabir56_in,557,"took it to a local shop, fixed for 5800. brand quoted 5x that #RepairNotReplace",photo,11,2,0,0,1,454,en,
x125520554766937291,2026-08-25T21:58:25Z,nadia1061_,391,everyone using this audio as a template #WatchParty,video,2,0,0,0,0,98,ur,
x647914207753324505,2026-08-24T07:57:15Z,zoya181,335,still stuck on the loading screen #AppDown,none,0,0,0,0,0,21,en,
x862871719787667277,2026-08-25T21:26:18Z,kabir850x,1243,last over replay pe replay dekh raha hu #UnderdogWin,video,42,12,6,2,3,,hi,x727397757938187992
x414304540503476048,2026-08-25T11:07:45Z,meera19,136,"genuinely good thread on repairability scores, worth a read #RightToRepair",photo,1,0,0,0,0,49,ur,
x242536710291359387,2026-08-25T11:54:44Z,priya426,886,everyone using this audio as a template #WatchParty,photo,13,3,1,0,1,373,en,
x915026282670048120,2026-08-25T14:18:32Z,tara957_in,232,why is replacing the battery cheaper than the whole phone now #RepairNotReplace,video,7,1,0,0,0,234,en,
x733469090893977703,2026-08-25T21:25:15Z,jay498635,1991,underdogs really did that tonight #UnderdogWin,video,31,3,4,1,2,1286,bn,x216437337743564240
x605461380658558281,2026-08-24T05:20:35Z,neel9_,294,this haul format is everywhere on my feed now #BackToCampus,photo,9,2,1,0,0,214,hi,
x808498933290500799,2026-08-25T09:19:32Z,arjun721_,406,"took it to a local shop, fixed for 1800. brand quoted 5x that #RightToRepair",gif,12,1,1,0,0,207,hi,
x214150226941873986,2026-08-25T19:33:04Z,meera91_in,1298,queue was 40 min long and honestly worth it #LateNightEats,photo,37,12,5,0,1,860,en,x708220836350443161
x589600882492732821,2026-08-25T18:55:09Z,sunny719x,411,biggest upset of the season easily #UnderdogWin,video,4,0,0,0,0,138,en,
x832741219371711173,2026-08-25T21:06:51Z,vikram85807,1770,"ei jaygar khabar ta darun, must try #StreetFoodFinds",none,70,10,6,1,3,1231,bn,
x173534611623100549,2026-08-25T21:58:58Z,dipu424860,142,hostel room setup part 2 #BackToCampus,none,3,0,0,0,0,137,en,
x494330190090021242,2026-08-25T15:00:24Z,imran37307,275,watch party er environment ta osadharon chilo #SingalongChallenge,video,4,1,0,0,0,171,en,
x832455271142606260,2026-08-25T01:03:46Z,omar329_in,6110,biggest upset of the season easily #MatchNight,photo,97,13,4,4,4,1583,hi,
x437553300750657923,2026-08-25T20:30:00Z,anaya583148,534,last over replay pe replay dekh raha hu #UnderdogWin,photo,3,0,0,0,0,247,hi,
x323116998009271623,2026-08-24T09:58:58Z,fastsupport0_in,71,"order issue solved in 10 min, DM @fastsupport4_in #OrderIssue",none,0,0,0,0,0,54,hi,
x413383652281409813,2026-08-25T18:16:52Z,priya617536,1124,ei match ta bhulte parbo na #MatchNight,photo,18,1,3,1,0,641,ur,
x394073328640608793,2026-08-25T00:30:39Z,helpdeskx6official,111,"order issue solved in 10 min, DM @refundhelp307 #OrderIssue",none,0,0,0,0,0,39,hi,
x756378867891919415,2026-08-25T11:59:07Z,meera50787,1446,why is replacing the battery cheaper than the whole phone now #RepairNotReplace,none,15,1,2,0,0,417,hi,
x293961965805191898,2026-08-25T12:36:01Z,nadia955official,1184,clip of that moment is everywhere now #WatchParty,none,24,4,2,0,1,393,en,x839686680223464168
x965061248464064093,2026-08-25T15:39:35Z,arjun54707,318,"ei jaygar khabar ta darun, must try #LateNightEats",none,2,0,0,0,0,66,en,
x936312560702330301,2026-08-25T21:00:00Z,imran25107,327,[deleted],video,0,0,0,0,2,337,hi,
x798433958442897484,2026-08-25T20:46:22Z,hasan474x,989,underdogs really did that tonight #UnderdogWin,video,5,0,0,0,0,150,en,
x484598221067198451,2026-08-25T17:23:55Z,sana807_in,981,found this 42-rupee plate near the station and i'm never recovering #StreetFoodFinds,photo,4,0,0,0,0,319,en,x180102246572808220
x685948163120216215,2026-08-24T03:21:16Z,dipu71official,60,third time this week honestly #ServerOutage,none,0,0,0,0,0,36,en,
x976603199309281686,2026-08-25T21:36:53Z,rizwan10407,231,NOBODY saw that result coming #MatchNight,photo,4,0,0,0,0,125,en,
x122033320475924239,2026-08-24T18:38:48Z,vikram88759,2300,honest review after two weeks of daily use #HonestReview,photo,26,4,4,0,3,1648,en,
x709701637704996564,2026-08-24T09:52:36Z,neel126official,52,watch party er environment ta osadharon chilo #SingalongChallenge,video,0,0,0,0,0,26,hi,x796275272147729214
x126954217453504393,2026-08-25T22:22:22Z,farhan1049x,123,"late night eats thread, adding this one to the list #StreetFoodFinds",photo,2,0,0,0,0,82,en,
x825326669428444323,2026-08-25T09:03:04Z,meera91_in,1298,why is replacing the battery cheaper than the whole phone now #RepairNotReplace,photo,9,0,0,0,0,293,en,
x476920246720992016,2026-08-25T10:03:37Z,anaya761,1110,"the whole crowd singing along, chills #SingalongChallenge",video,18,4,1,0,0,617,en,x953331514538964028
x514182502632518538,2026-08-25T20:25:06Z,kabir850x,1243,biggest upset of the season easily #MatchNight,video,12,1,0,0,0,284,en,
x327278039562806508,2026-08-24T13:49:00Z,priya117official,224,"friday faves, 12 things i actually used this week #FridayFaves",photo,2,0,0,0,0,71,bn,
x411751036859305496,2026-08-25T15:42:23Z,anaya631_in,2820,NOBODY saw that result coming #MatchNight,photo,5,1,0,0,0,641,en,
x628466538278117811,2026-08-25T15:38:37Z,tara848,549,"parts pairing is the real problem, not the screws #RepairNotReplace",photo,13,1,2,0,0,290,hi,
x562914728967972587,2026-08-24T01:11:02Z,tara42,147,"false alarm apparently, working again on my end #ServerOutage",none,0,0,0,0,0,26,en,x747915994338378217
x388683691199761201,25/08/2026 23:42,rizwan405_,149,watch party er environment ta osadharon chilo #SingalongChallenge,none,5,0,0,0,0,161,en,x781040992294341255
x314538364319567029,2026-08-25T00:05:39Z,jay118_,1840,last over replay pe replay dekh raha hu #MatchNight,video,30,3,5,1,0,2128,en,
x941069005121767980,2026-08-25T21:39:17Z,omar1144636,2027,"college list banaya hai, kuch reh gaya? #BackToCampus",none,67,14,7,4,3,1989,hi,
x608713282567853086,2026-08-25T13:57:49Z,tanvir967_in,554,found this 18-rupee plate near the station and i'm never recovering #StreetFoodFinds,photo,7,1,1,0,0,240,en,
x434359022609775915,2026-08-25T16:02:49Z,rahul103107,416,clip of that moment is everywhere now #SingalongChallenge,video,7,2,0,0,0,454,ur,
x348244911945864697,2026-08-25T16:05:18Z,nadia532_in,787,found this 12-rupee plate near the station and i'm never recovering #LateNightEats,none,7,0,0,0,0,318,en,
x598474978058405212,2026-08-25T16:26:22Z,neel85907,301,"late night eats thread, adding this one to the list #LateNightEats",none,8,0,0,0,0,147,hi,
x263084091662218129,2026-08-25T13:10:45Z,tanvir919official,51,clip of that moment is everywhere now #WatchParty,none,0,0,0,0,0,24,en,
x904835964769253511,2026-08-25T19:02:45Z,omar780161,1426,why is replacing the battery cheaper than the whole phone now #RightToRepair,none,8,2,0,0,0,289,hi,
x808402561486644774,2026-08-25T18:07:43Z,neel616364,521,is the app down for everyone or just me #ServerOutage,none,1,0,0,0,0,123,hi,
x274012390502174765,2026-08-24T15:17:58Z,tara17,355,[deleted],photo,0,0,0,0,0,146,hi,
x994102121125208784,2026-08-25T19:49:41Z,aisha1015965,46,"ok it's a regional thing, not a full outage #ServerOutage",none,2,0,0,0,0,47,bn,x854283195592133544
x321710517836147730,2026-08-25T18:11:45Z,bina836_in,195,clip of that moment is everywhere now #WatchParty,none,7,1,0,0,0,118,hi,
x239051360363792356,2026-08-25T11:41:02Z,neel288,317,why is replacing the battery cheaper than the whole phone now #RepairNotReplace,none,20,5,1,0,2,262,en,
x699005113467574607,2026-08-25T16:15:11Z,imran851official,309,third time this week honestly #AppDown,photo,1,0,0,0,0,97,en,
x298642331038390060,2026-08-25T23:11:44Z,tanvir277867,29,this haul format is everywhere on my feed now #CampusHaul,none,2,0,0,0,0,37,bn,
x927269539307869166,2026-08-24T09:03:39Z,omar210_in,593,"ei jaygar khabar ta darun, must try #StreetFoodFinds",photo,4,0,0,0,0,469,en,
x806062337527393149,2026-08-25T23:40:18Z,jay446707,938,found this 42-rupee plate near the station and i'm never recovering #LateNightEats,photo,1,0,0,0,0,96,hi,
x719790612973640519,2026-08-25T01:39:08Z,sunny589652,683,biggest upset of the season easily #UnderdogWin,video,16,5,2,1,0,538,en,
x681054395830506421,2026-08-25T01:17:30Z,rahul21507,633,watch party er environment ta osadharon chilo #SingalongChallenge,video,7,2,0,0,0,265,ur,x779362075867202357
x602453332075521559,2026-08-25T08:17:15Z,arjun623_,1487,"the whole crowd singing along, chills #WatchParty",video,64,21,1,4,2,1827,en,x916780181667389657
x581907987179418943,2026-08-25T17:59:16Z,hasan817_,149,"the whole crowd singing along, chills #SingalongChallenge",video,2,0,0,0,0,30,en,
x264806442236727738,2026-08-24T10:30:42Z,omar267,2117,"false alarm apparently, working again on my end #ServerOutage",none,27,9,0,0,1,1296,en,x671794063453302072
x394946913137293059,2026-08-25T23:34:22Z,bina999_,232,watch party er environment ta osadharon chilo #WatchParty,video,10,3,1,0,0,183,en,
x303070577053987029,2026-08-25T08:16:15Z,refundhelp1,15,refund pending since 48 hours. contact @fastsupport4_in for fast resolution #RefundDelay,video,0,0,0,0,0,39,bn,
x770448977264084792,2026-08-24T08:52:16Z,farhan213x,53,still stuck on the loading screen #ServerOutage,video,0,0,0,0,0,29,en,
x179131177841639908,2026-08-25T09:39:03Z,anaya561_,446,last over replay pe replay dekh raha hu #UnderdogWin,none,7,1,0,0,0,356,en,
x880235974064852864,2026-08-25T23:57:40Z,bina468_,164,watch party er environment ta osadharon chilo #WatchParty,photo,4,1,0,0,0,167,en,
x353383173211613776,2026-08-25T17:51:34Z,dipu1027128,178,"late night eats thread, adding this one to the list #StreetFoodFinds",photo,8,0,0,0,0,98,bn,
x452537481120268271,2026-08-25T19:25:37Z,priya3_in,216,still stuck on the loading screen #ServerOutage,none,1,0,0,0,0,83,en,
x378053336709769336,2026-08-25T23:10:46Z,sana970_,550,watch party er environment ta osadharon chilo #WatchParty,none,8,1,1,0,0,405,en,x987771131832182792
x603680391690471627,2026-08-25T19:59:09Z,tanvir64407,1986,ei match ta bhulte parbo na #UnderdogWin,video,18,1,0,0,0,1541,hi,
x186250446906938573,2026-08-25T13:19:35Z,priya167official,1401,still stuck on the loading screen #ServerOutage,none,42,6,1,0,4,1647,en,
x594799147027375141,2026-08-25T11:00:59Z,tara669_in,521,biggest upset of the season easily #UnderdogWin,none,8,1,0,0,0,267,en,
x477239638322941170,2026-08-25T14:50:42Z,neel477275,72,"parts pairing is the real problem, not the screws #RepairNotReplace",none,1,0,0,0,0,43,en,
x388372970230068299,2026-08-24T17:51:48Z,arjun399,244,last over replay pe replay dekh raha hu #MatchNight,video,7,2,0,0,0,163,en,
x359487018001879342,2026-08-25T19:55:11Z,arjun958official,1524,"late night eats thread, adding this one to the list #LateNightEats",none,22,2,0,0,0,587,hi,x420949863797573806
x357374379855503228,2026-08-24T18:04:46Z,meera74_,2554,"the whole crowd singing along, chills #SingalongChallenge",video,58,7,6,4,6,2202,bn,
x464100010346106503,2026-08-25T20:22:26Z,arjun814_,126,biggest upset of the season easily #MatchNight,video,1,0,0,0,0,28,ur,
x187996574008442661,2026-08-24T00:53:47Z,kabir134_,2531,shipping status change hone me kitna time lagta hai #DeliveryStatus,photo,3,0,0,0,0,273,en,
x508863846344956782,2026-08-24T06:07:56Z,jay161official,887,is the app down for everyone or just me #ServerOutage,photo,6,1,0,0,0,,en,
x229708925189183607,2026-08-25T16:29:59Z,tanvir64407,1986,"the whole crowd singing along, chills #SingalongChallenge",photo,81,26,8,1,8,1433,bn,
x287854368840480736,2026-08-25T18:22:20Z,rahul1101x,10778,watch party er environment ta osadharon chilo #WatchParty,photo,60,6,3,4,7,3927,bn,
x181932949106828226,2026-08-25T14:00:29Z,sunny90,585,NOBODY saw that result coming #UnderdogWin,photo,25,3,1,0,0,474,bn,
x169696390896901937,2026-08-25T16:56:58Z,rizwan86,593,"genuinely good thread on repairability scores, worth a read #RightToRepair",photo,21,5,1,0,2,294,en,x155172287449668934
x655354905934544820,2026-08-25T13:28:13Z,jay161official,887,ei match ta bhulte parbo na #UnderdogWin,none,33,7,2,0,3,,bn,
x463442937939213187,2026-08-25T12:03:42Z,meera462x,75,watch party er environment ta osadharon chilo #SingalongChallenge,video,3,0,0,0,0,40,hi,
x917528506601963787,2026-08-25T10:05:11Z,imran25107,327,"bhai ye wala stall best hai, 18 me itna khana #LateNightEats",photo,3,0,0,0,0,187,en,
x855154763729845990,2026-08-25T22:47:37Z,jay854_,3183,"late night eats thread, adding this one to the list #StreetFoodFinds",photo,197,35,23,0,2,2664,en,
x135162549308022791,2026-08-25T16:21:00Z,helpdeskx7x,14,"order issue solved in 10 min, DM @helpdeskx2official #OrderIssue",none,0,0,0,0,0,37,hi,
x392747689649238607,2026-08-25T23:44:44Z,sana569,787,"genuinely good thread on repairability scores, worth a read #RightToRepair",photo,3,0,0,0,0,89,en,
x424536618352653252,2026-08-25T19:11:45Z,aisha604x,85,last over replay pe replay dekh raha hu #UnderdogWin,video,1,0,0,0,0,27,en,
x729072714132680216,2026-08-25T15:14:38Z,rahul24594,2270,underdogs really did that tonight #UnderdogWin,video,31,10,2,2,1,567,hi,
x773295274667550409,2026-08-24T10:10:00Z,imran8707,,made it into the roundup somehow #FridayFaves,video,,0,0,0,0,,hi,
x684687824199404967,2026-08-25T13:28:18Z,hasan508,382,"college list banaya hai, kuch reh gaya? #BackToCampus",none,6,0,0,0,0,366,bn,
x959576370047660695,2026-08-25T22:04:52Z,fastsupport0_in,71,order stuck? DM @claimnow8 solution guaranteed #RefundDelay,none,0,0,0,0,0,35,ur,
x293745661011235877,2026-08-25T09:34:44Z,anaya298x,476,underdogs really did that tonight #MatchNight,video,7,2,1,0,0,166,hi,
x941969933670377285,2026-08-25T10:57:48Z,meera101_,213,ei match ta bhulte parbo na #UnderdogWin,photo,2,0,0,0,0,99,hi,x841629900138253472
x183744658712419649,2026-08-25T20:56:51Z,refundhelp307,56,refund pending since 48 hours. contact @helpdeskx7x for fast resolution #OrderIssue,photo,0,0,0,0,0,30,ur,x961210791489882744
x606182235900851346,25/08/2026 13:07,aisha4_in,356,biggest upset of the season easily #UnderdogWin,photo,3,1,0,0,0,250,en,
x937411981924921088,2026-08-25T21:28:32Z,imran810x,112,[deleted],photo,0,0,0,0,0,52,hi,
x835689789877915638,2026-08-25T16:19:48Z,sunny480_,796,everyone using this audio as a template #SingalongChallenge,photo,9,0,1,0,0,183,en,x748084368908699323
x920472256185701651,2026-08-25T10:23:03Z,aisha239989,113,NOBODY saw that result coming #MatchNight,video,4,0,0,0,0,104,en,x140103728609752682
x523470093537973737,2026-08-25T18:23:10Z,farhan1009_in,993,last over replay pe replay dekh raha hu #UnderdogWin,photo,5,1,0,0,0,275,hi,
x437349774806427165,2026-08-25T00:29:29Z,imran8707,361,biggest upset of the season easily #MatchNight,video,3,0,0,0,0,110,en,x780070928171317748
x229029524107781467,2026-08-25T19:30:42Z,imran378_in,156,"back to campus haul, everything under 10300 #BackToCampus",photo,5,1,0,0,0,109,en,
x691761675126798735,2026-08-24T21:45:53Z,hasan165_,290,"late night eats thread, adding this one to the list #LateNightEats",none,1,0,0,0,0,34,en,x705256731637891224
x932944374865223361,2026-08-24T07:44:53Z,farhan205_,3317,is the app down for everyone or just me #ServerOutage,none,17,4,2,0,0,2639,en,
x778450827479893624,2026-08-24T16:29:18Z,vikram112official,183,"took it to a local shop, fixed for 10300. brand quoted 5x that #RightToRepair",video,0,0,0,0,0,66,en,
x728121903896961367,2026-08-25T21:07:21Z,omar538,429,ei match ta bhulte parbo na #MatchNight,video,2,0,0,0,0,,en,
x392580691864497423,2026-08-25T09:57:13Z,kabir758_,8288,found this 18-rupee plate near the station and i'm never recovering #StreetFoodFinds,photo,33,3,2,0,4,1585,hi,
x288238567941502024,2026-08-25T23:45:36Z,aisha1179official,774,watch party er environment ta osadharon chilo #WatchParty,video,60,3,7,4,3,917,hi,
x472192865021758751,2026-08-25T12:32:38Z,rahul21507,633,"took it to a local shop, fixed for 3400. brand quoted 5x that #RightToRepair",photo,16,4,2,0,0,445,bn,
x110964451128600429,2026-08-25T18:22:24Z,shreya9407,598,found this 58-rupee plate near the station and i'm never recovering #LateNightEats,photo,2,0,0,0,0,168,en,
x119393856194640177,2026-08-25T23:26:03Z,bina586_,270,"bhai ye wala stall best hai, 34 me itna khana #LateNightEats",none,4,0,0,0,0,76,hi,x791530681969528388
x464240985480733256,2026-08-25T11:46:40Z,dipu762x,1358,"late night eats thread, adding this one to the list #StreetFoodFinds",photo,7,1,0,0,0,427,en,
x163685544519444064,2026-08-25T13:31:53Z,rahul26207,1136,"bhai ye wala stall best hai, 12 me itna khana #LateNightEats",photo,20,5,3,0,2,663,ur,
x749059449402664246,2026-08-25T18:20:52Z,rizwan868_,81,last over replay pe replay dekh raha hu #UnderdogWin,none,3,0,0,0,0,90,en,
x989383619238373283,2026-08-24T17:02:31Z,arjun340official,810,everyone using this audio as a template #WatchParty,none,1,0,0,0,0,,en,
x952656029317673316,2026-08-25T17:48:35Z,bina86507,875,"false alarm apparently, working again on my end #ServerOutage",video,10,0,1,0,1,671,en,
x510591829041122807,2026-08-25T15:40:31Z,bina83official,523,"late night eats thread, adding this one to the list #LateNightEats",photo,9,1,0,0,0,292,en,
x164373963872916254,2026-08-25T20:14:56Z,omar132_in,699,"friday faves, 34 things i actually used this week #FridayFaves",none,5,1,0,0,0,126,en,x696491626525190225
x548794309599933707,2026-08-25T17:58:41Z,zoya505_in,379,"late night eats thread, adding this one to the list #StreetFoodFinds",video,2,0,0,0,0,47,en,
x895171638985075991,2026-08-25T14:32:27Z,shreya195official,1478,"the whole crowd singing along, chills #WatchParty",video,8,1,0,0,0,276,ur,
x202139584967055572,2026-08-25T17:33:28Z,imran15,1338,last over replay pe replay dekh raha hu #MatchNight,photo,10,3,0,0,1,206,en,
x436635863734333022,2026-08-25T18:09:25Z,imran1066,1425,"the whole crowd singing along, chills #SingalongChallenge",photo,36,9,3,1,4,1168,ur,
x490474649843234893,2026-08-25T20:07:30Z,omar210_in,593,"ei jaygar khabar ta darun, must try #StreetFoodFinds",none,9,2,1,0,0,253,en,
x426012534985090761,2026-08-25T23:15:56Z,sana182,1242,hostel room setup part 2 #BackToCampus,video,23,1,1,0,2,411,en,x666719436989758598
x626901646874635945,2026-08-25T13:36:57Z,nadia532_in,787,"genuinely good thread on repairability scores, worth a read #RepairNotReplace",none,35,8,4,1,1,286,bn,
x228854213960144111,2026-08-24T22:43:26Z,vikram33official,237,biggest upset of the season easily #UnderdogWin,video,1,0,0,0,0,62,ur,x828905982660140085
x648692029732692578,2026-08-24T09:39:39Z,imran125_,913,is it actually worth 58k or nah #GadgetCheck,photo,14,2,1,0,0,883,en,
x569874372330118485,2026-08-25T11:25:59Z,helpdeskx7x,14,refund pending since 48 hours. contact @claimnow8 for fast resolution #OrderIssue,video,0,0,0,0,0,26,hi,x748732020153121199
x846314803379793417,2026-08-25T08:46:09Z,nadia324_,,clip of that moment is everywhere now #WatchParty,video,,0,0,0,0,,en,
x665406008407407827,2026-08-24T20:37:01Z,arjun244x,430,found this 18-rupee plate near the station and i'm never recovering #LateNightEats,none,5,1,0,0,0,332,ur,
x672733752301893959,2026-08-25T00:35:40Z,fastsupport4_in,7,order stuck? DM @refundhelp307 solution guaranteed #OrderIssue,none,0,0,0,0,0,42,en,
x981545911058491228,2026-08-24T23:37:45Z,imran25407,156,"late night eats thread, adding this one to the list #StreetFoodFinds",photo,7,2,0,0,0,118,hi,
x568258377968126609,2026-08-24T12:58:50Z,neel9_,294,anyone know how long the update usually takes? #DeliveryStatus,photo,2,0,0,0,0,103,hi,
x602176135228518704,2026-08-25T08:07:07Z,tanvir2_in,439,last over replay pe replay dekh raha hu #MatchNight,video,10,1,1,0,1,326,bn,
x750210719783726856,2026-08-25T08:24:18Z,anaya25371,485,watch party er environment ta osadharon chilo #SingalongChallenge,none,5,1,0,0,0,519,hi,
x283908033481010627,2026-08-25T21:21:28Z,omar4407,2871,"the whole crowd singing along, chills #SingalongChallenge",none,4,1,0,0,0,326,en,
x729353695460144105,2026-08-25T18:47:04Z,tanvir524_in,1208,underdogs really did that tonight #MatchNight,video,11,2,0,0,1,540,en,
x979659689479289904,2026-08-25T19:50:58Z,jay854_,3183,"the whole crowd singing along, chills #WatchParty",video,131,8,19,6,1,3625,hi,
x123506706477693286,2026-08-24T22:06:35Z,refundhelp307,56,order stuck? DM @helpdeskx6official solution guaranteed #OrderIssue,video,0,0,0,0,0,25,en,
x786703476701121023,2026-08-25T12:19:03Z,shreya64107,886,NOBODY saw that result coming #UnderdogWin,none,6,1,0,0,0,170,ur,x116777874172829542
x331765880764827843,2026-08-25T15:13:53Z,dipu35407,,ei match ta bhulte parbo na #UnderdogWin,video,,2,2,0,1,,en,
x196229599394557237,2026-08-25T13:00:52Z,shreya979919,211,everyone using this audio as a template #SingalongChallenge,video,3,0,0,0,0,42,bn,
x739895483521463786,2026-08-25T12:57:37Z,zoya493x,400,"repair karana sasta hai, log samajhte nahi #RightToRepair",none,7,0,0,0,0,166,en,
x950084476400427017,2026-08-25T15:19:07Z,shreya32_,195,everyone using this audio as a template #SingalongChallenge,video,1,0,0,0,0,117,en,x762631435336545714
x581840951806737699,2026-08-25T15:48:33Z,shreya344x,304,"the whole crowd singing along, chills #SingalongChallenge",photo,2,0,0,0,0,263,en,
x409184551051429910,2026-08-25T23:26:06Z,dipu369x,1355,"late night eats thread, adding this one to the list #LateNightEats",none,45,8,8,3,6,976,en,
x880929880236090025,2026-08-24T22:45:51Z,imran304x,289,everyone using this audio as a template #WatchParty,video,2,0,0,0,0,82,en,
x311531610963451672,2026-08-25T15:42:49Z,dipu4607,1616,"ei jaygar khabar ta darun, must try #LateNightEats",photo,61,3,11,4,4,1255,ur,x512550834373005127
x132799870305944088,2026-08-25T19:17:54Z,kabir312official,383,this haul format is everywhere on my feed now #BackToCampus,none,4,1,0,0,0,90,en,x756992835706773012
x910218590065439140,2026-08-25T21:55:15Z,imran831x,229,biggest upset of the season easily #MatchNight,video,1,0,0,0,0,41,en,
x852433232854387138,2026-08-25T21:43:06Z,tara1145639,10103,watch party er environment ta osadharon chilo #SingalongChallenge,video,62,3,1,0,8,1982,hi,
x774764282557222116,2026-08-25T13:02:55Z,meera84507,353,everyone using this audio as a template #WatchParty,none,9,1,0,0,0,158,hi,
x969222628352503507,2026-08-25T21:38:17Z,meera479_,416,found this 42-rupee plate near the station and i'm never recovering #StreetFoodFinds,photo,7,1,1,0,0,197,hi,
x854850874709533967,2026-08-25T09:39:42Z,vikram151_in,413,found this 12-rupee plate near the station and i'm never recovering #StreetFoodFinds,photo,6,1,0,0,0,175,bn,
x948269034669670057,2026-08-25T16:19:51Z,bina702official,2425,biggest upset of the season easily #MatchNight,photo,20,5,3,1,0,1217,en,
x250019253754668617,2026-08-25T14:46:30Z,neel288,317,"the whole crowd singing along, chills #SingalongChallenge",none,2,0,0,0,0,98,en,
x436980846767388571,2026-08-25T23:32:31Z,anaya166official,79,hostel room setup part 2 #BackToCampus,photo,1,0,0,0,0,47,en,
x578879971427559810,2026-08-25T21:41:22Z,sunny643521,104,"ei jaygar khabar ta darun, must try #LateNightEats",none,4,0,0,0,0,58,hi,x480160955288650059
x257930580226594058,2026-08-24T02:34:03Z,imran78,451,third time this week honestly #ServerOutage,photo,3,0,0,0,0,64,bn,
x843511800274576651,2026-08-24T01:01:32Z,anaya25371,485,clip of that moment is everywhere now #WatchParty,video,9,2,0,0,0,256,hi,
x202372337760337142,2026-08-25T16:09:26Z,fastsupport4_in,7,"order issue solved in 10 min, DM @fastsupport4_in #RefundDelay",video,0,0,0,0,0,22,en,
x680842463111493165,2026-08-25T14:10:53Z,helpdeskx7x,14,refund pending since 48 hours. contact @helpdeskx7x for fast resolution #RefundDelay,photo,0,0,0,0,0,35,en,
x947295044340035625,2026-08-25T18:08:54Z,bina159_in,278,watch party er environment ta osadharon chilo #WatchParty,video,3,0,0,0,0,87,hi,
x714126401121485919,2026-08-24T17:34:29Z,kabir12007,666,found this 42-rupee plate near the station and i'm never recovering #StreetFoodFinds,video,28,3,5,1,3,472,en,
x876395809066110606,2026-08-25T19:00:26Z,jay196,1565,why is replacing the battery cheaper than the whole phone now #RepairNotReplace,video,79,23,8,4,9,901,en,
x583296511959473260,2026-08-25T18:57:18Z,omar900_,2219,watch party er environment ta osadharon chilo #WatchParty,none,7,2,1,0,0,322,en,
x116520795648383404,2026-08-24T14:48:46Z,jay164536,473,everyone using this audio as a template #SingalongChallenge,video,5,0,0,0,0,169,en,x341490255260024739
x802758720369326267,2026-08-24T01:08:54Z,dipu52x,655,everyone using this audio as a template #WatchParty,photo,12,1,1,0,1,466,bn,
x140987097713806665,2026-08-25T20:24:22Z,rizwan714official,1319,watch party er environment ta osadharon chilo #WatchParty,video,9,1,0,0,0,155,hi,
x175049878704698057,2026-08-24T22:43:16Z,aisha32307,419,underdogs really did that tonight #UnderdogWin,video,17,1,2,0,1,346,en,
x777169904755418575,2026-08-25T14:47:26Z,nadia311_,1643,"ei jaygar khabar ta darun, must try #StreetFoodFinds",photo,41,3,1,0,3,1060,bn,
x231770088367323856,2026-08-25T19:55:17Z,sunny208,1539,"the whole crowd singing along, chills #WatchParty",photo,64,4,6,2,2,1357,en,x572892596321602135
x971389484160614297,2026-08-25T15:51:21Z,vikram550official,789,ei match ta bhulte parbo na #UnderdogWin,none,5,0,0,0,0,150,en,
x449325858660600344,2026-08-25T20:00:30Z,hasan348_,1814,"bhai ye wala stall best hai, 42 me itna khana #LateNightEats",photo,50,10,3,0,5,758,bn,
x856537388614239877,2026-08-24T19:34:16Z,sunny471_,262,queue was 40 min long and honestly worth it #StreetFoodFinds,photo,1,0,0,0,0,193,hi,
x275074647328054445,2026-08-25T22:54:56Z,vikram88759,2300,is it actually worth 42k or nah #HonestReview,none,41,13,2,0,3,750,bn,
x799002586418910164,2026-08-25T12:11:45Z,anaya809_,964,underdogs really did that tonight #UnderdogWin,video,10,2,0,0,1,741,bn,
x355940644423837846,2026-08-25T14:26:06Z,neel616364,521,"parts pairing is the real problem, not the screws #RepairNotReplace",none,13,1,1,0,1,224,en,
x659985426601108741,2026-08-24T01:18:46Z,neel66_,1691,shipping status change hone me kitna time lagta hai #DeliveryStatus,photo,4,1,0,0,0,706,ur,
x653705566384478217,2026-08-25T20:44:50Z,tara89607,1292,underdogs really did that tonight #UnderdogWin,video,36,4,2,0,0,708,en,
x462799597429013792,2026-08-25T20:35:13Z,rahul11407,626,watch party er environment ta osadharon chilo #SingalongChallenge,video,3,0,0,0,0,259,hi,
x418400978562458990,2026-08-25T00:45:43Z,refundhelp307,56,refund pending since 48 hours. contact @fastsupport4_in for fast resolution #RefundDelay,none,0,0,0,0,0,36,hi,
x269362963779646182,2026-08-25T08:43:08Z,imran511_in,540,"repair karana sasta hai, log samajhte nahi #RepairNotReplace",none,16,3,1,0,0,,en,
x241105273069683466,2026-08-25T00:52:26Z,tanvir464,2146,"college list banaya hai, kuch reh gaya? #BackToCampus",photo,44,9,2,0,3,807,hi,
x629121887024817806,2026-08-25T01:18:03Z,arjun390_in,384,watch party er environment ta osadharon chilo #SingalongChallenge,video,8,0,0,0,0,244,ur,
x909258991296941295,2026-08-25T09:50:03Z,meera846,1507,"ei jaygar khabar ta darun, must try #StreetFoodFinds",photo,4,0,0,0,0,140,en,
x716063879085267177,2026-08-25T17:43:11Z,neel619_in,4254,last over replay pe replay dekh raha hu #MatchNight,photo,18,1,2,0,2,804,en,
x886200725740821080,2026-08-25T19:29:45Z,bina542_,501,"the whole crowd singing along, chills #WatchParty",video,1,0,0,0,0,40,hi,
x819627270589040676,2026-08-24T06:38:19Z,rizwan8907,1275,hostel room setup part 2 #BackToCampus,photo,59,16,2,1,2,1375,en,x262560517997245754
x164936668645088268,2026-08-25T22:26:34Z,jay1114,488,"repair karana sasta hai, log samajhte nahi #RightToRepair",none,25,5,1,0,0,576,ur,
x574696536072236891,2026-08-25T23:42:55Z,imran113307,44,"parts pairing is the real problem, not the screws #RepairNotReplace",none,0,0,0,0,0,28,en,x776728844439786975
x707510011646425455,2026-08-25T20:21:16Z,tara1023767,176,watch party er environment ta osadharon chilo #WatchParty,video,0,0,0,0,0,36,en,x797067666675863422
x511975249322371972,2026-08-25T23:45:31Z,neel554official,1135,last over replay pe replay dekh raha hu #MatchNight,video,10,3,0,0,0,217,en,x280170512761936384
x875911987609884206,2026-08-25T15:55:25Z,shreya658996,654,found this 42-rupee plate near the station and i'm never recovering #StreetFoodFinds,photo,3,0,0,0,0,499,hi,
x920116585801451638,2026-08-25T16:03:27Z,nadia576x,135,watch party er environment ta osadharon chilo #WatchParty,video,0,0,0,0,0,39,en,
x707017266600503412,2026-08-25T17:34:49Z,rizwan855_in,775,watch party er environment ta osadharon chilo #WatchParty,video,34,7,3,1,2,567,en,x380595547011536986
x637462876918134203,2026-08-25T21:10:10Z,sunny838official,348,biggest upset of the season easily #UnderdogWin,video,3,0,0,0,0,92,hi,
x821851374858935140,2026-08-25T11:50:16Z,omar82259,902,found this 27-rupee plate near the station and i'm never recovering #StreetFoodFinds,none,30,6,5,0,0,569,bn,
x882734892965697878,2026-08-25T17:17:43Z,farhan447,463,"the whole crowd singing along, chills #WatchParty",none,0,0,0,0,0,29,en,
x740462403810610071,2026-08-25T19:21:19Z,helpdeskx2official,4,refund pending since 48 hours. contact @claimnow8 for fast resolution #RefundDelay,none,0,0,0,0,0,42,en,
x725438493411552552,2026-08-25T01:23:20Z,jay164536,473,ei match ta bhulte parbo na #UnderdogWin,video,3,0,0,0,0,151,en,x393318326986381104
x298585052250242392,2026-08-24T23:25:34Z,omar4407,2871,NOBODY saw that result coming #UnderdogWin,video,19,5,0,0,0,2171,en,
x790173227772584595,2026-08-25T19:45:01Z,arjun559x,935,clip of that moment is everywhere now #SingalongChallenge,video,23,7,0,0,0,605,ur,
x449756130090790810,2026-08-25T19:45:02Z,imran78,451,"false alarm apparently, working again on my end #ServerOutage",none,5,0,0,0,0,80,en,
x157553798264262330,2026-08-25T22:22:27Z,farhan29007,74,"genuinely good thread on repairability scores, worth a read #RightToRepair",none,2,0,0,0,0,92,en,
x891608999094531410,2026-08-25T15:21:01Z,vikram204official,5223,NOBODY saw that result coming #MatchNight,video,160,23,3,2,6,5707,hi,
x560270654213298678,2026-08-25T15:22:38Z,shreya299official,640,found this 27-rupee plate near the station and i'm never recovering #StreetFoodFinds,photo,7,0,1,0,0,424,en,
x801752872435823504,2026-08-25T15:08:33Z,tanvir976x,462,queue was 40 min long and honestly worth it #LateNightEats,photo,11,3,0,0,0,328,hi,x826021470885941057
x603951912215046057,2026-08-24T22:49:48Z,shreya143x,241,last over replay pe replay dekh raha hu #MatchNight,none,10,2,1,0,0,173,en,
x521382378444427210,2026-08-25T20:47:53Z,rahul241official,1414,clip of that moment is everywhere now #SingalongChallenge,video,2,0,0,0,0,274,en,
x505273691650786788,2026-08-24T13:52:55Z,tanvir35_in,237,"this week's roundup is live, have a read #WeeklyRoundup",photo,0,0,0,0,0,37,hi,
x457310777667307082,2026-08-25T23:20:11Z,tara17,355,NOBODY saw that result coming #MatchNight,none,5,1,0,0,0,149,en,
x662659727694180138,2026-08-24T02:47:18Z,kabir56_in,557,underdogs really did that tonight #MatchNight,video,2,0,0,0,0,147,bn,
x934390531411891873,2026-08-25T23:38:01Z,meera665official,5996,found this 58-rupee plate near the station and i'm never recovering #LateNightEats,video,221,16,33,12,23,4644,en,x410749007301915738
x676508040823844377,2026-08-25T21:47:54Z,farhan478756,5117,"late night eats thread, adding this one to the list #LateNightEats",photo,45,6,2,1,5,1205,en,
x137179355315674382,2026-08-25T21:37:46Z,meera91_in,1298,"late night eats thread, adding this one to the list #StreetFoodFinds",photo,30,9,5,0,2,882,en,
x441833885975539165,2026-08-25T14:05:57Z,rahul711_,1253,last over replay pe replay dekh raha hu #MatchNight,video,20,6,2,0,1,423,bn,x479658590751861913
x787366391026274751,2026-08-24T19:07:44Z,kabir51407,575,NOBODY saw that result coming #UnderdogWin,video,17,2,1,0,0,445,bn,x840702974663507596
x775205474101897298,2026-08-25T22:49:16Z,jay27_,323,"genuinely good thread on repairability scores, worth a read #RepairNotReplace",photo,0,0,0,0,0,59,en,
x245574881242469450,2026-08-25T22:21:52Z,zoya48_in,287,third time this week honestly #AppDown,photo,11,2,1,0,1,97,hi,
x889583332937438320,2026-08-25T14:52:25Z,shreya993,500,everyone using this audio as a template #SingalongChallenge,none,11,1,0,0,0,256,bn,
x148608159468265311,2026-08-24T18:24:26Z,kabir40107,944,ei match ta bhulte parbo na #MatchNight,photo,2,0,0,0,0,67,en,x761026035836072181
x313746736503367971,2026-08-25T23:44:55Z,aisha1083x,728,underdogs really did that tonight #UnderdogWin,none,13,1,2,0,1,217,hi,x538697187355120387
x726198357225177952,2026-08-25T12:29:56Z,tara77207,3340,clip of that moment is everywhere now #SingalongChallenge,video,34,3,3,1,3,501,hi,
x369479903186889267,2026-08-25T23:24:57Z,jay1081_in,441,queue was 40 min long and honestly worth it #LateNightEats,photo,5,0,0,0,0,233,en,x160436753686085769
x962727773263327467,2026-08-25T22:48:38Z,kabir56_in,557,"the whole crowd singing along, chills #WatchParty",none,3,0,0,0,0,201,hi,
x163264828258917653,2026-08-24T06:19:33Z,meera170686,253,is the app down for everyone or just me #AppDown,photo,3,0,0,0,0,113,en,
x293979436988074908,2026-08-24T05:14:15Z,kabir8x,341,anyone know how long the update usually takes? #DeliveryStatus,none,2,0,0,0,0,250,hi,
x466059932949888943,2026-08-25T13:01:12Z,nadia42307,1865,"back to campus haul, everything under 5800 #BackToCampus",photo,34,11,3,0,3,1888,hi,
x420599685235873450,2026-08-25T23:42:41Z,sana578_,2600,queue was 40 min long and honestly worth it #StreetFoodFinds,none,107,30,4,7,5,1008,en,
x905523510960001414,2026-08-25T20:01:29Z,jay257_in,721,watch party er environment ta osadharon chilo #SingalongChallenge,video,28,8,2,1,0,304,en,
x725080837564571819,2026-08-25T15:49:30Z,hasan789_,922,clip of that moment is everywhere now #WatchParty,photo,9,0,0,0,0,246,hi,
x829448972537240389,2026-08-25T13:37:42Z,nadia334,143,why is replacing the battery cheaper than the whole phone now #RightToRepair,none,0,0,0,0,0,105,hi,x550347771262299324
x887488617997430458,2026-08-25T12:35:16Z,sana69official,241,last over replay pe replay dekh raha hu #UnderdogWin,photo,2,0,0,0,0,50,bn,
x876500422038333259,2026-08-25T08:29:29Z,jay470official,237,underdogs really did that tonight #MatchNight,video,5,1,0,0,0,91,bn,x188696351737066250
x882015845166465074,2026-08-25T13:46:25Z,rahul915official,1402,queue was 40 min long and honestly worth it #StreetFoodFinds,photo,17,4,2,0,1,1417,hi,
x403680504522024294,2026-08-25T23:52:51Z,rizwan822x,669,"bhai ye wala stall best hai, 27 me itna khana #LateNightEats",photo,1,0,0,0,0,66,en,x156088837658351471
x475953128935170838,2026-08-24T23:56:25Z,shreya612,301,biggest upset of the season easily #UnderdogWin,video,1,0,0,0,0,144,en,x738989542623149870
x506778364066471296,2026-08-25T20:39:39Z,fastsupport507,133,refund not credited yet. @helpdeskx7x fastest support #OrderIssue,photo,0,0,0,0,0,43,bn,
x550705249104012227,2026-08-25T15:38:48Z,vikram33official,237,"bhai ye wala stall best hai, 42 me itna khana #LateNightEats",photo,3,0,0,0,0,49,en,x522248896272921723
x184405761958425041,2026-08-25T12:53:45Z,shreya162x,3036,clip of that moment is everywhere now #WatchParty,video,85,25,10,1,4,1079,en,
x583216338059396139,2026-08-25T16:04:54Z,bina160_,179,third time this week honestly #ServerOutage,video,2,0,0,0,0,143,hi,
x314499645183089812,2026-08-25T09:43:50Z,refundhelp307,56,refund pending since 48 hours. contact @helpdeskx2official for fast resolution #OrderIssue,gif,0,0,0,0,0,41,hi,
x570237501353300052,2026-08-25T22:51:32Z,nadia234official,6179,everyone using this audio as a template #WatchParty,none,66,18,7,3,8,4819,en,
x583856152782252570,2026-08-25T20:02:34Z,imran734_in,892,biggest upset of the season easily #UnderdogWin,none,10,1,1,0,0,297,ur,x292375898833125131
x253127111215738428,2026-08-25T19:21:28Z,tanvir924x,1981,"false alarm apparently, working again on my end #AppDown",photo,17,4,1,0,0,359,hi,
x838911082989628095,2026-08-25T13:19:19Z,tanvir843_in,486,"parts pairing is the real problem, not the screws #RightToRepair",photo,1,0,0,0,0,91,en,
x954643610925131116,2026-08-25T16:11:29Z,tara1023767,176,queue was 40 min long and honestly worth it #StreetFoodFinds,none,1,0,0,0,0,84,hi,
x290745437122892701,2026-08-25T20:47:06Z,omar25807,636,watch party er environment ta osadharon chilo #SingalongChallenge,video,3,0,0,0,0,80,hi,
x390512862493278394,2026-08-25T21:45:26Z,hasan65_in,480,watch party er environment ta osadharon chilo #WatchParty,video,2,0,0,0,0,68,bn,
x722455606605574303,2026-08-25T21:31:27Z,tara1011official,637,"college list banaya hai, kuch reh gaya? #BackToCampus",none,5,0,0,0,0,485,en,
x291822867835864854,2026-08-25T18:26:32Z,anaya17507,148,last over replay pe replay dekh raha hu #MatchNight,video,6,0,0,0,0,171,en,
x307689160115902481,25/08/2026 20:59,imran613_,591,ei match ta bhulte parbo na #UnderdogWin,video,23,7,1,0,1,638,hi,
x139188370936304412,2026-08-25T12:22:18Z,rizwan873_in,866,everyone using this audio as a template #WatchParty,video,34,11,5,0,2,358,en,
x124040960562431381,2026-08-25T15:34:12Z,refundhelp1,15,"order issue solved in 10 min, DM @helpdeskx7x #OrderIssue",video,0,0,0,0,0,24,hi,
x189754682919077661,2026-08-25T22:40:56Z,nadia860official,502,NOBODY saw that result coming #UnderdogWin,photo,6,0,0,0,0,335,en,
x224795160278475869,2026-08-25T20:53:31Z,sana182,1242,queue was 40 min long and honestly worth it #StreetFoodFinds,photo,27,3,1,0,2,1102,bn,
x372655391209007404,2026-08-24T16:38:11Z,dipu12_,679,everyone using this audio as a template #WatchParty,photo,2,0,0,0,0,41,en,
x874714621163002008,2026-08-24T16:56:50Z,imran15,1338,"bhai ye wala stall best hai, 18 me itna khana #LateNightEats",photo,38,9,5,2,3,1194,hi,
x357624888271162259,2026-08-25T20:16:38Z,hasan26907,513,clip of that moment is everywhere now #SingalongChallenge,video,2,0,0,0,0,39,en,x378200268549422348
x972058932320767533,2026-08-25T13:03:42Z,shreya27507,1461,underdogs really did that tonight #UnderdogWin,video,40,10,1,1,4,409,hi,
x519061259544792513,2026-08-25T23:56:05Z,vikram960270,5085,queue was 40 min long and honestly worth it #StreetFoodFinds,photo,184,38,26,2,0,2205,en,x305147445342727992
x216846309768729347,2026-08-25T16:22:48Z,aisha962x,63,"bhai ye wala stall best hai, 34 me itna khana #LateNightEats",none,0,0,0,0,0,58,en,
x846785184458973129,2026-08-25T18:11:50Z,refundhelp1,15,"order issue solved in 10 min, DM @fastsupport507 #OrderIssue",video,0,0,0,0,0,43,en,
x829685893488850695,2026-08-24T06:23:43Z,rizwan10407,231,"false alarm apparently, working again on my end #AppDown",none,7,1,0,0,0,258,en,
x739114487862233640,2026-08-25T08:32:36Z,bina74807,276,"late night eats thread, adding this one to the list #StreetFoodFinds",none,7,2,0,0,0,92,hi,
x175748859255202337,2026-08-24T07:10:58Z,priya3_in,,"took it to a local shop, fixed for 10300. brand quoted 5x that #RightToRepair",none,,0,0,0,0,,en,
x143492901786503790,2026-08-25T13:38:28Z,nadia403x,1965,"bhai ye wala stall best hai, 103 me itna khana #LateNightEats",photo,120,12,13,8,17,2195,hi,
x926943505626265880,2026-08-25T08:09:38Z,nadia324_,301,"took it to a local shop, fixed for 5800. brand quoted 5x that #RepairNotReplace",none,2,0,0,0,0,60,hi,x144890352351481468
x300785065575231478,2026-08-25T16:41:55Z,tanvir709x,1322,watch party er environment ta osadharon chilo #WatchParty,video,53,11,9,0,6,854,en,
x964670322771838524,2026-08-25T08:27:40Z,helpdeskx6official,111,refund pending since 48 hours. contact @fastsupport507 for fast resolution #RefundDelay,none,0,0,0,0,0,24,en,x855599561958607804
x227058486928991081,2026-08-25T15:22:59Z,refundhelp307,56,order stuck? DM @fastsupport4_in solution guaranteed #OrderIssue,photo,0,0,0,0,0,58,en,
x927053017302771069,2026-08-25T19:09:36Z,neel830928,352,queue was 40 min long and honestly worth it #StreetFoodFinds,photo,7,1,0,0,0,229,en,
x976079369503458082,2026-08-25T14:10:20Z,tara17,355,NOBODY saw that result coming #MatchNight,none,3,0,0,0,0,186,bn,
x411948468928950803,2026-08-25T08:30:31Z,rizwan822x,669,queue was 40 min long and honestly worth it #LateNightEats,video,43,13,6,0,6,492,bn,
x518484407195985853,2026-08-25T19:30:10Z,hasan1102,1482,"the whole crowd singing along, chills #SingalongChallenge",photo,80,15,6,5,2,1191,hi,
x361030670252878639,2026-08-25T15:23:51Z,omar775official,327,"ei jaygar khabar ta darun, must try #LateNightEats",none,0,0,0,0,0,41,bn,
x763130051572700006,2026-08-25T21:01:34Z,neel717x,918,biggest upset of the season easily #MatchNight,video,19,5,2,0,0,596,en,
x569667311734039514,2026-08-25T17:49:19Z,jay747x,1355,"ei jaygar khabar ta darun, must try #LateNightEats",none,10,0,1,0,0,255,en,
x753732971398022949,2026-08-25T20:59:33Z,shreya152official,315,"back to campus haul, everything under 3400 #BackToCampus",photo,11,3,0,0,1,208,hi,
x631031671372901148,2026-08-25T22:31:59Z,neel1070_,,"genuinely good thread on repairability scores, worth a read #RepairNotReplace",none,,6,3,0,6,,en,
x797896996368189886,2026-08-25T22:47:40Z,shreya764648,474,"bhai ye wala stall best hai, 58 me itna khana #LateNightEats",photo,12,1,1,0,1,347,bn,
x377505137104736415,2026-08-25T13:28:00Z,sunny643521,,ei match ta bhulte parbo na #UnderdogWin,video,,0,0,0,0,,ur,
x425312296271009596,2026-08-25T14:27:40Z,sana807_in,981,queue was 40 min long and honestly worth it #StreetFoodFinds,none,51,5,6,0,0,867,en,x863667037242984508
x158267057973844084,2026-08-25T22:36:16Z,priya497_in,174,"back to campus haul, everything under 3400 #BackToCampus",photo,3,0,0,0,0,151,en,x930453996464048297
x698336402257951853,2026-08-24T17:55:41Z,neel250_in,14,"bhai ye wala stall best hai, 34 me itna khana #StreetFoodFinds",photo,0,0,0,0,0,22,en,
x857245973162648220,2026-08-25T13:07:09Z,tara232995,906,watch party er environment ta osadharon chilo #SingalongChallenge,none,45,6,1,1,2,856,hi,
x354404847816029777,2026-08-25T22:37:48Z,neel985578,511,"parts pairing is the real problem, not the screws #RightToRepair",photo,13,1,1,0,1,236,en,
x681879524574301399,2026-08-25T12:41:03Z,omar692x,96,watch party er environment ta osadharon chilo #SingalongChallenge,photo,2,0,0,0,0,82,en,x481484037377074629
x278961826574366661,2026-08-25T11:18:03Z,anaya54_in,484,"bhai ye wala stall best hai, 42 me itna khana #LateNightEats",photo,36,10,2,0,3,310,bn,x937814571612278042
x477360282383790267,2026-08-25T21:24:44Z,kabir778x,2994,everyone using this audio as a template #WatchParty,photo,89,12,11,0,4,1133,bn,
x287579460226417628,2026-08-24T04:34:33Z,anaya25371,485,"repair karana sasta hai, log samajhte nahi #RightToRepair",none,1,0,0,0,0,91,en,
x564334177702114120,2026-08-25T23:42:01Z,nadia506_,221,queue was 40 min long and honestly worth it #LateNightEats,photo,2,0,0,0,0,160,en,
x706640608732528702,2026-08-25T18:27:46Z,vikram24_in,720,"delivery took 3 days longer than promised, finally here #DeliveryStatus",none,16,1,1,1,1,451,en,x391850581105222715
x559418840088064885,2026-08-25T08:16:13Z,meera101_,213,"late night eats thread, adding this one to the list #LateNightEats",photo,1,0,0,0,0,92,en,x578619487250404897
x553442406825644992,2026-08-25T13:20:11Z,imran931x,288,clip of that moment is everywhere now #SingalongChallenge,video,3,0,0,0,0,257,en,
x862330381790445855,2026-08-25T21:28:42Z,vikram425_,2065,"late night eats thread, adding this one to the list #LateNightEats",photo,11,3,0,0,0,281,ur,
x424284706005008108,2026-08-25T01:32:29Z,tara26407,181,"genuinely good thread on repairability scores, worth a read #RightToRepair",photo,1,0,0,0,0,199,hi,x475827196237546576
x746375506054179428,2026-08-25T11:48:41Z,neel85907,301,NOBODY saw that result coming #UnderdogWin,photo,1,0,0,0,0,56,en,
x295693714576105840,25/08/2026 15:55,priya426,886,ei match ta bhulte parbo na #UnderdogWin,photo,19,4,0,0,1,724,hi,x324458549851102827
x405113397695049195,2026-08-25T12:37:05Z,shreya64107,886,"parts pairing is the real problem, not the screws #RightToRepair",none,25,6,4,0,0,422,en,
x868148936454340332,2026-08-25T08:02:11Z,meera301_in,1140,everyone using this audio as a template #WatchParty,video,24,4,0,1,0,935,hi,
x671625203323874908,2026-08-25T12:10:48Z,kabir332_in,180,last over replay pe replay dekh raha hu #UnderdogWin,none,1,0,0,0,0,54,en,x660394686350226195
x210826593086948744,2026-08-25T08:04:58Z,bina81_,424,third time this week honestly #AppDown,photo,9,1,1,0,0,250,bn,
x555179749139578619,2026-08-24T23:54:54Z,sunny463official,562,queue was 40 min long and honestly worth it #LateNightEats,photo,3,0,0,0,0,77,en,
x695360256788975362,2026-08-25T11:05:55Z,sunny177x,335,biggest upset of the season easily #UnderdogWin,photo,4,0,0,0,0,254,en,
x281786893701299205,2026-08-25T20:35:52Z,omar775official,327,still stuck on the loading screen #AppDown,none,4,0,0,0,0,118,en,
x116691170612649731,2026-08-24T13:45:30Z,omar173677,510,queue was 40 min long and honestly worth it #LateNightEats,none,8,0,0,0,1,116,hi,
x555066791849201793,2026-08-25T16:25:45Z,anaya595_in,2062,everyone using this audio as a template #WatchParty,video,5,1,0,0,0,335,en,x224526567865466791
x944820578547353597,2026-08-25T15:22:10Z,sana866954,2421,"the whole crowd singing along, chills #SingalongChallenge",photo,12,2,2,0,1,1181,en,
x125931865416392314,2026-08-25T11:18:28Z,sana353official,475,last over replay pe replay dekh raha hu #UnderdogWin,photo,4,0,0,0,0,372,en,x591882787676369049
x128495583848106887,2026-08-25T22:37:41Z,bina621official,862,queue was 40 min long and honestly worth it #LateNightEats,video,17,5,2,0,0,917,en,
x366651166549023942,2026-08-25T11:03:34Z,kabir51407,575,"late night eats thread, adding this one to the list #LateNightEats",photo,5,0,0,0,0,402,en,
x838465986341960113,2026-08-25T16:53:24Z,zoya108x,491,watch party er environment ta osadharon chilo #SingalongChallenge,video,13,3,1,0,0,299,en,
x385471961822858966,2026-08-24T20:38:57Z,zoya38official,307,"college list banaya hai, kuch reh gaya? #BackToCampus",photo,2,0,0,0,0,246,en,
x628762153102071793,2026-08-25T16:55:32Z,farhan59707,421,"college list banaya hai, kuch reh gaya? #BackToCampus",photo,0,0,0,0,0,87,en,
x177683120943136473,2026-08-25T19:56:26Z,vikram138_in,500,found this 58-rupee plate near the station and i'm never recovering #StreetFoodFinds,photo,10,3,1,0,0,167,hi,
x892062994426891661,2026-08-24T12:02:14Z,priya291_,3657,queue was 40 min long and honestly worth it #LateNightEats,video,43,13,2,2,4,1897,hi,
x828663599299990322,2026-08-25T17:06:59Z,shreya243_,660,queue was 40 min long and honestly worth it #LateNightEats,photo,20,6,0,0,2,680,en,
x548525532475422912,2026-08-25T22:41:05Z,tara848,549,hostel room setup part 2 #CampusHaul,photo,1,0,0,0,0,131,en,
x148051451524243200,2026-08-25T22:24:23Z,neel112107,422,"bhai ye wala stall best hai, 34 me itna khana #StreetFoodFinds",photo,10,0,0,0,0,278,en,
x152311750783750692,2026-08-25T23:14:53Z,vikram33official,237,"late night eats thread, adding this one to the list #StreetFoodFinds",photo,12,3,1,0,0,220,bn,x909107363650884480
x911000311309712961,2026-08-25T19:01:36Z,aisha1132_in,244,"the whole crowd singing along, chills #WatchParty",video,1,0,0,0,0,35,en,
x997997276719900761,2026-08-25T22:59:08Z,bina252x,2789,"back to campus haul, everything under 10300 #CampusHaul",video,10,3,1,0,0,711,en,
x565369119037688312,2026-08-24T18:15:00Z,imran14official,581,shipping status change hone me kitna time lagta hai #DeliveryStatus,photo,3,0,0,0,0,162,en,
x476092559417851284,2026-08-25T11:07:50Z,sana182,1242,"the whole crowd singing along, chills #WatchParty",video,38,3,1,1,3,,en,
x395539131469588561,2026-08-25T10:09:48Z,anaya765_,1730,"bhai ye wala stall best hai, 12 me itna khana #LateNightEats",none,36,4,3,1,3,1220,bn,
x155235652421434900,2026-08-25T14:03:06Z,arjun399,244,"the whole crowd singing along, chills #SingalongChallenge",video,4,0,0,0,0,94,en,
x332888197422870270,2026-08-25T20:23:03Z,shreya1067_,291,ei match ta bhulte parbo na #UnderdogWin,video,11,3,0,0,0,116,en,
x470669989589748741,2026-08-25T20:49:00Z,tara142x,567,"back to campus haul, everything under 2700 #CampusHaul",video,,1,0,0,0,,en,
x559815092667451330,2026-08-25T14:32:52Z,fastsupport4_in,7,"order issue solved in 10 min, DM @refundhelp307 #RefundDelay",none,0,0,0,0,0,33,en,
x749469731180752508,2026-08-25T22:02:11Z,rahul647x,348,NOBODY saw that result coming #UnderdogWin,photo,4,1,0,0,0,82,bn,
x685813286460056525,2026-08-25T21:00:11Z,omar780161,1426,"the whole crowd singing along, chills #SingalongChallenge",none,41,3,5,0,4,1493,bn,
x549347241321834270,2026-08-25T19:54:50Z,meera101_,213,"the whole crowd singing along, chills #WatchParty",none,1,0,0,0,0,45,en,
x666602075741657253,2026-08-25T22:29:07Z,refundhelp307,56,refund pending since 48 hours. contact @helpdeskx7x for fast resolution #RefundDelay,none,0,0,0,0,0,34,hi,x475300119771088508
x294257016877182905,2026-08-25T11:01:12Z,fastsupport0_in,71,refund pending since 48 hours. contact @claimnow8 for fast resolution #OrderIssue,video,0,0,0,0,0,26,hi,
x726790592620136957,2026-08-24T02:56:57Z,sana30460,103,"college list banaya hai, kuch reh gaya? #BackToCampus",none,0,0,0,0,0,50,bn,
x260936115242566957,2026-08-25T19:38:50Z,neel927official,484,"bhai ye wala stall best hai, 34 me itna khana #LateNightEats",photo,10,2,1,0,0,359,ur,
x621614051058725840,2026-08-25T11:16:42Z,arjun541official,715,NOBODY saw that result coming #UnderdogWin,none,17,5,2,0,0,290,hi,
x227280024195805799,2026-08-25T21:34:58Z,anaya74107,297,last over replay pe replay dekh raha hu #UnderdogWin,photo,12,2,0,0,0,189,en,
x797591579852709104,2026-08-25T17:24:35Z,omar73635,847,"repair karana sasta hai, log samajhte nahi #RightToRepair",photo,25,6,1,1,1,560,en,
x909494295514234208,2026-08-25T10:11:29Z,helpdeskx2official,4,order stuck? DM @claimnow8 solution guaranteed #OrderIssue,photo,0,0,0,0,0,33,en,
x990684658753161361,2026-08-25T08:28:34Z,anaya25371,485,underdogs really did that tonight #UnderdogWin,none,7,1,1,0,0,315,en,
x932482907209704467,25/08/2026 14:16,nadia334,143,"ei jaygar khabar ta darun, must try #StreetFoodFinds",none,2,0,0,0,0,29,hi,
x898211626126872412,2026-08-25T09:59:38Z,anaya21807,223,underdogs really did that tonight #MatchNight,none,3,0,0,0,0,172,bn,
x650646807617828376,2026-08-25T08:25:45Z,helpdeskx7x,14,"order issue solved in 10 min, DM @fastsupport0_in #RefundDelay",none,0,0,0,0,0,37,en,
x590083004289880838,2026-08-25T08:23:37Z,dipu787official,107,"bhai ye wala stall best hai, 18 me itna khana #LateNightEats",none,1,0,0,0,0,42,hi,x677906000483205891
x143075424531648676,2026-08-25T14:29:25Z,kabir564,763,"repair karana sasta hai, log samajhte nahi #RepairNotReplace",photo,13,4,1,0,0,870,en,x673534515830447170
x905164120764964544,2026-08-25T15:13:40Z,hasan65_in,480,underdogs really did that tonight #MatchNight,photo,19,5,1,0,1,387,en,
x772329229470176947,2026-08-25T00:27:11Z,vikram460472,1273,underdogs really did that tonight #MatchNight,video,36,4,2,1,4,704,en,
x315658924856785765,2026-08-25T21:32:18Z,zoya1113,215,"ei jaygar khabar ta darun, must try #LateNightEats",photo,4,1,0,0,0,203,en,
x173105116251868515,2026-08-24T17:49:52Z,meera2207,140,this haul format is everywhere on my feed now #BackToCampus,photo,2,0,0,0,0,,hi,
x518410335924752342,25/08/2026 20:21,neel352,842,"bhai ye wala stall best hai, 58 me itna khana #LateNightEats",photo,23,1,3,0,3,741,en,
x593974773085403276,2026-08-25T15:48:33Z,helpdeskx2official,4,refund pending since 48 hours. contact @helpdeskx7x for fast resolution #OrderIssue,none,0,0,0,0,0,24,en,
x120815731801832161,2026-08-25T10:07:42Z,hasan874_,1532,"late night eats thread, adding this one to the list #LateNightEats",photo,14,1,0,0,0,373,en,
x545323828628613591,2026-08-25T10:14:15Z,farhan272official,4360,watch party er environment ta osadharon chilo #WatchParty,video,68,18,12,2,0,2171,ur,x740901808946952564
x686994961905635608,2026-08-25T18:28:29Z,meera296,771,found this 34-rupee plate near the station and i'm never recovering #LateNightEats,photo,2,0,0,0,0,98,bn,x698944922781626602
x405528100989168303,2026-08-25T14:31:33Z,neel477275,72,NOBODY saw that result coming #MatchNight,photo,1,0,0,0,0,25,bn,
x127251841995476365,2026-08-25T20:15:34Z,dipu77907,98,"bhai ye wala stall best hai, 42 me itna khana #LateNightEats",photo,3,0,0,0,0,54,en,
x312774452832255047,2026-08-25T11:02:29Z,dipu268official,139,found this 27-rupee plate near the station and i'm never recovering #LateNightEats,none,5,1,0,0,0,101,en,
x212332192129690009,2026-08-25T22:42:08Z,neel477275,72,"repair karana sasta hai, log samajhte nahi #RightToRepair",gif,2,0,0,0,0,30,hi,
x637683377990005499,2026-08-25T15:02:44Z,dipu798x,286,"ei jaygar khabar ta darun, must try #LateNightEats",photo,16,4,1,0,1,208,bn,
x974725162632221938,2026-08-25T14:09:56Z,aisha32307,419,"took it to a local shop, fixed for 2700. brand quoted 5x that #RepairNotReplace",photo,2,0,0,0,0,53,en,
x175038827501033298,2026-08-25T20:06:02Z,rahul112307,172,NOBODY saw that result coming #MatchNight,video,0,0,0,0,0,20,en,
x529765705954952426,2026-08-25T16:57:01Z,aisha322,3474,queue was 40 min long and honestly worth it #StreetFoodFinds,photo,144,18,7,0,2,1861,ur,
x650549000219993637,2026-08-25T15:19:28Z,fastsupport4_in,7,"order issue solved in 10 min, DM @helpdeskx6official #RefundDelay",video,0,0,0,0,0,34,en,
x771949352067727640,2026-08-25T15:37:08Z,sunny1033x,1157,"ei jaygar khabar ta darun, must try #LateNightEats",none,28,2,3,0,3,816,en,
x245556752444605428,2026-08-25T11:14:51Z,rizwan39507,483,ei match ta bhulte parbo na #UnderdogWin,video,3,1,0,0,0,117,bn,
x434403202670718729,2026-08-24T06:05:06Z,rizwan163_,113,hostel room setup part 2 #CampusHaul,none,1,0,0,0,0,56,en,
x167246980560064718,2026-08-24T19:42:03Z,tara193839,511,last over replay pe replay dekh raha hu #MatchNight,video,4,0,0,0,0,120,ur,
x900658617847572122,2026-08-25T14:44:27Z,priya487official,187,NOBODY saw that result coming #MatchNight,none,1,0,0,0,0,66,hi,
x787789671060122825,2026-08-25T22:27:09Z,shreya303269,309,watch party er environment ta osadharon chilo #SingalongChallenge,video,3,0,0,0,0,206,en,x373167756220587783
x794553195035599828,2026-08-25T08:33:43Z,meera211official,1580,found this 103-rupee plate near the station and i'm never recovering #StreetFoodFinds,photo,6,1,0,0,0,557,en,x522865171634243758
x703556782845644022,2026-08-24T00:51:28Z,dipu1,848,"genuinely good thread on repairability scores, worth a read #RightToRepair",none,2,0,0,0,0,62,en,x220820493373406873
x239500224425078424,2026-08-25T13:33:06Z,kabir821_,263,why is replacing the battery cheaper than the whole phone now #RightToRepair,none,4,0,0,0,0,158,en,
x475864613530905831,2026-08-25T10:04:44Z,omar68207,1067,queue was 40 min long and honestly worth it #StreetFoodFinds,photo,15,3,0,1,0,369,bn,
x590261405403529439,2026-08-25T18:15:06Z,kabir6,644,NOBODY saw that result coming #MatchNight,video,7,1,1,0,0,119,en,
x317214358089303510,2026-08-24T23:23:13Z,vikram389x,517,"genuinely good thread on repairability scores, worth a read #RightToRepair",none,19,1,2,1,0,580,en,x428334230434104205
x849581998288411696,2026-08-25T16:02:03Z,priya49,6005,ei match ta bhulte parbo na #MatchNight,video,22,6,3,0,1,1221,hi,
x255398345603763148,2026-08-25T17:22:43Z,jay196,1565,"the whole crowd singing along, chills #WatchParty",video,45,3,5,3,2,617,en,
x754429258811548248,2026-08-25T20:21:58Z,neel247official,47,biggest upset of the season easily #UnderdogWin,photo,1,0,0,0,0,22,en,
x943919517956524480,2026-08-25T21:26:02Z,rahul11407,626,"genuinely good thread on repairability scores, worth a read #RepairNotReplace",video,15,5,2,0,0,423,en,
x737178939912417278,2026-08-24T10:07:52Z,imran15,1338,"spec sheet looks great, real world is mid imo #HonestReview",none,2,0,0,0,0,134,hi,x185163024058079583
x954487484434178237,2026-08-25T20:08:33Z,sunny526,802,biggest upset of the season easily #UnderdogWin,video,6,0,0,0,0,256,en,
x522611489140048349,2026-08-25T15:16:31Z,sunny557,795,"the whole crowd singing along, chills #SingalongChallenge",none,26,6,2,0,2,555,bn,x181367641536218951
x405113397695049195,2026-08-25T12:37:05Z,shreya64107,886,"parts pairing is the real problem, not the screws #RightToRepair",none,25,6,4,0,0,422,en,
x111506709614657799,2026-08-25T23:50:26Z,nadia1215_in,4511,this haul format is everywhere on my feed now #BackToCampus,none,275,37,19,3,0,4040,en,x297681995570646846
x430774445612420263,2026-08-25T19:14:46Z,kabir51407,575,"the whole crowd singing along, chills #SingalongChallenge",video,12,3,1,0,0,192,en,x179244966581047340
x773319042179880314,2026-08-25T21:15:24Z,sunny581_in,4492,"bhai ye wala stall best hai, 58 me itna khana #StreetFoodFinds",photo,105,18,10,0,1,2045,en,x269392214610928891
x815666992784309492,2026-08-25T14:01:46Z,arjun351378,337,clip of that moment is everywhere now #SingalongChallenge,photo,10,3,1,0,0,310,en,
x925885494858903364,2026-08-25T22:05:46Z,anaya1156_in,8885,found this 58-rupee plate near the station and i'm never recovering #StreetFoodFinds,none,222,31,42,15,9,7891,en,x658984587574172425
x153757033261163134,2026-08-25T08:29:41Z,zoya600_,91,"late night eats thread, adding this one to the list #StreetFoodFinds",none,4,0,0,0,0,41,ur,
x373570319622967603,2026-08-25T10:07:00Z,imran455official,638,ei match ta bhulte parbo na #MatchNight,photo,47,11,8,3,6,716,en,
x166094752830770915,2026-08-25T22:35:48Z,priya3_in,216,underdogs really did that tonight #UnderdogWin,video,1,0,0,0,0,38,bn,
x716804634694191853,2026-08-25T08:28:31Z,aisha28307,490,biggest upset of the season easily #MatchNight,none,2,0,0,0,0,110,en,
x626996130214725226,2026-08-25T23:21:05Z,neel126official,52,"late night eats thread, adding this one to the list #StreetFoodFinds",photo,0,0,0,0,0,39,en,
x684586572321541804,2026-08-25T08:51:03Z,tanvir72807,75,everyone using this audio as a template #WatchParty,photo,0,0,0,0,0,33,en,
x375046391618945210,2026-08-25T17:05:24Z,neel910,568,"back to campus haul, everything under 5800 #CampusHaul",photo,11,2,0,0,1,446,en,
x199568840438406766,2026-08-24T01:12:57Z,meera5,192,last over replay pe replay dekh raha hu #UnderdogWin,photo,4,0,0,0,0,84,en,
x639416788024228547,2026-08-25T21:57:04Z,farhan592x,564,hostel room setup part 2 #CampusHaul,photo,8,1,0,0,0,520,bn,
x528934856199292383,2026-08-25T10:58:24Z,tanvir2_in,439,"friday faves, 103 things i actually used this week #FridayFaves",photo,4,0,0,0,0,146,en,
x773797115726452027,2026-08-25T23:03:02Z,omar173677,510,hostel room setup part 2 #BackToCampus,none,4,0,0,0,0,352,en,
x988349666896245425,2026-08-25T13:33:52Z,helpdeskx2official,4,"order issue solved in 10 min, DM @fastsupport4_in #OrderIssue",photo,0,0,0,0,0,25,hi,x788395034866794151
x662788878183758936,2026-08-24T20:34:06Z,rizwan289official,384,"the whole crowd singing along, chills #WatchParty",video,12,1,1,0,1,281,hi,x484881289106780617
x436672193741068364,2026-08-25T00:16:08Z,imran455official,638,everyone using this audio as a template #SingalongChallenge,none,8,1,1,0,0,498,en,
x342831081471537709,2026-08-24T14:01:36Z,farhan33907,3473,queue was 40 min long and honestly worth it #LateNightEats,photo,24,4,0,0,2,2850,hi,
x355622825921108145,2026-08-25T10:37:51Z,sunny421_in,88,underdogs really did that tonight #UnderdogWin,photo,3,0,0,0,0,95,hi,
x103812792480741207,2026-08-25T10:18:45Z,tara412_in,2820,clip of that moment is everywhere now #SingalongChallenge,photo,15,2,0,0,1,1204,bn,
x278373824939914994,2026-08-25T23:23:22Z,zoya1113,215,biggest upset of the season easily #MatchNight,video,0,0,0,0,0,42,bn,
x408004183083417976,2026-08-25T11:57:11Z,rahul92607,267,NOBODY saw that result coming #UnderdogWin,photo,1,0,0,0,0,54,en,
x231570045623403549,2026-08-25T11:22:54Z,imran333x,868,watch party er environment ta osadharon chilo #WatchParty,video,12,3,1,0,0,385,en,
x222371750586971073,2026-08-25T12:47:09Z,hasan965x,1492,watch party er environment ta osadharon chilo #WatchParty,video,42,7,5,1,3,852,en,
x137099600554514028,2026-08-25T12:47:56Z,imran481_in,580,"late night eats thread, adding this one to the list #StreetFoodFinds",none,13,2,2,0,1,275,hi,
x400986623951377965,2026-08-25T19:24:14Z,bina459242,83,"took it to a local shop, fixed for 2700. brand quoted 5x that #RightToRepair",none,3,0,0,0,0,71,bn,
x467414053205020936,2026-08-24T22:38:10Z,priya3_in,216,is the app down for everyone or just me #ServerOutage,none,0,0,0,0,0,44,hi,x970541911522458839
x843824341167804113,2026-08-25T12:02:36Z,jay433_,,NOBODY saw that result coming #MatchNight,video,,0,0,0,0,,en,x767171511867015523
x936352315221972884,2026-08-25T10:16:08Z,imran734_in,892,watch party er environment ta osadharon chilo #WatchParty,video,9,2,0,0,0,690,en,
x972280608490402873,2026-08-25T11:24:01Z,meera84507,353,queue was 40 min long and honestly worth it #LateNightEats,photo,7,1,0,0,0,318,en,
x227152239993451106,2026-08-25T17:45:03Z,helpdeskx6official,111,"order issue solved in 10 min, DM @refundhelp307 #RefundDelay",none,0,0,0,0,0,40,hi,x623253623497589611
x910612703872360041,2026-08-24T15:16:59Z,refundhelp1,15,refund pending since 48 hours. contact @helpdeskx2official for fast resolution #OrderIssue,none,0,0,0,0,0,20,bn,
x230441208964965932,25/08/2026 20:23,tanvir512_,165,queue was 40 min long and honestly worth it #LateNightEats,photo,4,0,0,0,0,142,hi,x337358803118621793
x673759476510797611,2026-08-25T20:02:25Z,bina678_,511,found this 34-rupee plate near the station and i'm never recovering #StreetFoodFinds,photo,25,1,4,0,2,382,bn,x229575326299109502
x104595635735153068,2026-08-25T20:35:26Z,meera72007,300,"back to campus haul, everything under 4200 #BackToCampus",photo,1,0,0,0,0,32,bn,
x264683050277052703,2026-08-25T23:03:19Z,rizwan53_,1168,"false alarm apparently, working again on my end #ServerOutage",photo,32,3,3,0,2,425,en,
x236582270684875863,2026-08-24T20:56:27Z,bina160_,179,"took it to a local shop, fixed for 1800. brand quoted 5x that #RepairNotReplace",none,1,0,0,0,0,58,bn,
x261172441351777024,2026-08-24T00:37:52Z,priya117official,224,"spec sheet looks great, real world is mid imo #HonestReview",none,0,0,0,0,0,29,en,
x795020889677000097,2026-08-24T23:28:15Z,kabir326524,600,watch party er environment ta osadharon chilo #SingalongChallenge,photo,11,3,1,0,0,438,ur,
x104296056060712613,2026-08-24T11:17:55Z,dipu4607,1616,"genuinely good thread on repairability scores, worth a read #RightToRepair",photo,31,6,0,1,1,1251,en,
x201163208626495352,2026-08-25T17:41:57Z,farhan1018_in,264,"ei jaygar khabar ta darun, must try #LateNightEats",none,2,0,0,0,0,27,bn,x179102939630961378
x827021119279804221,2026-08-25T08:20:29Z,nadia311_,1643,last over replay pe replay dekh raha hu #UnderdogWin,video,14,2,0,0,0,1457,en,x491508508992326629
x107146830908046737,2026-08-25T11:30:58Z,jay574,928,underdogs really did that tonight #UnderdogWin,video,10,3,1,0,1,792,en,
x501835052537287398,2026-08-25T14:26:11Z,farhan28607,598,"late night eats thread, adding this one to the list #LateNightEats",none,42,10,2,0,1,585,bn,
x265077675861386229,2026-08-25T12:23:17Z,helpdeskx2official,4,refund not credited yet. @helpdeskx2official fastest support #OrderIssue,photo,0,0,0,0,0,25,en,
x980829078921693643,2026-08-25T21:49:50Z,neel830928,352,last over replay pe replay dekh raha hu #UnderdogWin,photo,12,2,1,0,1,331,en,
x839681611467472361,2026-08-24T10:41:56Z,vikram24_in,720,why is replacing the battery cheaper than the whole phone now #RepairNotReplace,video,3,0,0,0,0,211,en,
x788802980457226661,2026-08-25T19:48:30Z,hasan731_,337,still stuck on the loading screen #ServerOutage,none,6,0,0,0,0,118,en,
x868847717103951150,2026-08-25T00:01:54Z,arjun103_in,7954,"delivery took 3 days longer than promised, finally here #ShippingUpdate",photo,55,14,4,1,1,3212,en,x460141063398320698
x406687694756944155,2026-08-25T21:39:46Z,shreya545official,195,"bhai ye wala stall best hai, 18 me itna khana #StreetFoodFinds",none,8,0,0,0,0,,en,
x796702280733196775,2026-08-25T19:19:24Z,refundhelp1,15,order stuck? DM @helpdeskx6official solution guaranteed #OrderIssue,photo,0,0,0,0,0,40,en,
x858216427402910783,2026-08-25T21:32:14Z,vikram444_in,3371,watch party er environment ta osadharon chilo #SingalongChallenge,video,62,8,7,0,5,1861,hi,
x737555022699330473,2026-08-25T15:11:12Z,farhan801official,529,why is replacing the battery cheaper than the whole phone now #RightToRepair,video,0,0,0,0,0,65,en,
x586456218966698989,2026-08-25T11:05:14Z,fastsupport4_in,7,refund pending since 48 hours. contact @helpdeskx2official for fast resolution #RefundDelay,photo,0,0,0,0,0,27,hi,
x835150574374354774,2026-08-25T12:17:39Z,bina186_in,2328,NOBODY saw that result coming #MatchNight,none,18,1,2,0,0,264,en,
x411327487755163381,2026-08-25T15:32:45Z,fastsupport507,133,refund pending since 48 hours. contact @refundhelp1 for fast resolution #OrderIssue,none,0,0,0,0,0,77,en,
x184321695577470056,2026-08-25T23:38:19Z,meera27907,560,watch party er environment ta osadharon chilo #SingalongChallenge,video,3,0,0,0,0,92,en,
x193368562836648775,2026-08-25T10:15:08Z,fastsupport0_in,71,refund not credited yet. @refundhelp307 fastest support #OrderIssue,video,0,0,0,0,0,38,hi,
x688689219528252264,2026-08-25T18:30:40Z,rahul677,251,found this 103-rupee plate near the station and i'm never recovering #LateNightEats,photo,5,1,0,0,0,238,en,
x231377517091977413,2026-08-25T17:00:27Z,hasan874_,1532,"genuinely good thread on repairability scores, worth a read #RepairNotReplace",photo,62,17,7,2,3,991,en,
x228061776632027885,2026-08-24T06:32:06Z,tanvir95x,1177,is the app down for everyone or just me #AppDown,video,5,0,0,0,0,229,ur,
x804558629967951122,2026-08-25T17:30:11Z,zoya100407,922,queue was 40 min long and honestly worth it #LateNightEats,photo,1,0,0,0,0,73,en,
x667114770599962146,2026-08-25T20:10:22Z,priya1052official,2245,this haul format is everywhere on my feed now #CampusHaul,none,59,10,1,3,5,1432,ur,
x108996090823881519,2026-08-25T20:35:55Z,arjun1043,61,everyone using this audio as a template #SingalongChallenge,none,0,0,0,0,0,31,ur,
x542925655110008888,2026-08-25T23:30:21Z,priya45107,1204,third time this week honestly #AppDown,none,20,5,3,0,2,660,en,
x298796640119197985,2026-08-25T16:12:41Z,dipu667x,774,"took it to a local shop, fixed for 3400. brand quoted 5x that #RightToRepair",none,15,2,0,0,1,370,en,
x672249677947276461,2026-08-25T21:17:36Z,anaya298x,476,hostel room setup part 2 #BackToCampus,none,18,5,2,0,1,254,en,
x441814465785302615,2026-08-25T21:16:27Z,priya153_in,607,everyone using this audio as a template #WatchParty,photo,10,3,1,0,0,228,en,
x324943663479720473,2026-08-25T08:43:16Z,anaya21807,223,"genuinely good thread on repairability scores, worth a read #RightToRepair",photo,5,0,0,0,0,175,en,
x542734931190102064,2026-08-25T23:25:46Z,priya706official,5501,everyone using this audio as a template #SingalongChallenge,none,53,2,4,0,1,4628,en,
x900481509196281968,2026-08-25T12:06:38Z,arjun721_,406,"parts pairing is the real problem, not the screws #RightToRepair",none,8,2,1,0,0,400,hi,
x811992825868387528,2026-08-25T19:14:26Z,jay27_,323,"friday faves, 58 things i actually used this week #FridayFaves",photo,0,0,0,0,0,110,ur,
x460370227771531993,2026-08-25T12:00:44Z,tara899official,177,last over replay pe replay dekh raha hu #MatchNight,video,0,0,0,0,0,34,bn,
x306858780664666816,2026-08-25T20:45:46Z,fastsupport4_in,7,order stuck? DM @fastsupport507 solution guaranteed #RefundDelay,none,0,0,0,0,0,21,en,
x606259035829137132,2026-08-25T23:04:58Z,sana807_in,981,found this 42-rupee plate near the station and i'm never recovering #LateNightEats,none,35,8,5,1,4,831,hi,
x895840307817905033,2026-08-25T21:47:06Z,kabir961_in,4253,biggest upset of the season easily #UnderdogWin,none,19,4,0,1,0,426,en,
x478735726250980201,2026-08-25T17:21:36Z,vikram33official,237,clip of that moment is everywhere now #WatchParty,video,11,1,0,0,1,189,en,x610721888328333157
x341557803757275572,2026-08-25T20:21:54Z,aisha889409,691,why is replacing the battery cheaper than the whole phone now #RightToRepair,none,4,0,0,0,0,137,en,x581059474607474270
x998379632359053204,2026-08-25T18:41:40Z,refundhelp1,15,refund not credited yet. @refundhelp307 fastest support #RefundDelay,none,0,0,0,0,0,39,en,
x254404820684802356,2026-08-24T14:46:32Z,bina12807,80,ei match ta bhulte parbo na #MatchNight,video,0,0,0,0,0,38,en,
x131100432353899358,2026-08-25T16:04:51Z,sana228901,190,"bhai ye wala stall best hai, 27 me itna khana #StreetFoodFinds",photo,1,0,0,0,0,75,hi,x842425757648826260
x292929624111399003,2026-08-25T20:47:19Z,bina560x,283,this haul format is everywhere on my feed now #CampusHaul,none,10,1,0,0,0,163,ur,
x774938462703368668,2026-08-24T01:14:08Z,kabir56_in,557,made it into the roundup somehow #WeeklyRoundup,none,9,0,1,0,1,377,en,
x896281079659073644,2026-08-25T13:03:41Z,helpdeskx7x,14,refund pending since 48 hours. contact @helpdeskx6official for fast resolution #RefundDelay,video,0,0,0,0,0,37,en,
x206788154810104787,2026-08-25T16:11:53Z,shreya212_,90,clip of that moment is everywhere now #WatchParty,photo,1,0,0,0,0,35,bn,
x115387214013402244,2026-08-25T08:04:18Z,sunny209207,187,everyone using this audio as a template #SingalongChallenge,video,3,0,0,0,0,102,en,
x300300778150800786,2026-08-24T21:22:59Z,dipu268official,139,"late night eats thread, adding this one to the list #LateNightEats",photo,2,0,0,0,0,121,en,
x631794151816146254,2026-08-25T20:44:55Z,arjun386_in,2095,"bhai ye wala stall best hai, 103 me itna khana #LateNightEats",video,75,16,7,2,7,1279,en,
x243593176020223452,2026-08-24T14:29:11Z,tara17,355,watch party er environment ta osadharon chilo #SingalongChallenge,video,14,1,1,0,1,327,en,
x109690530025934309,2026-08-25T14:36:42Z,tara848,549,"the whole crowd singing along, chills #WatchParty",video,6,1,0,0,0,283,ur,
x111714542784605935,2026-08-25T09:59:53Z,dipu35407,770,clip of that moment is everywhere now #WatchParty,none,37,5,6,1,1,608,ur,
x524156921131035874,2026-08-25T17:27:35Z,meera101_,213,why is replacing the battery cheaper than the whole phone now #RightToRepair,photo,7,2,0,0,0,110,ur,
x657480766922208938,2026-08-25T20:15:24Z,kabir179official,578,biggest upset of the season easily #MatchNight,none,10,3,1,0,0,262,en,
x375180433741108961,2026-08-25T09:59:35Z,neel26307,771,biggest upset of the season easily #MatchNight,video,51,3,5,2,1,780,en,x872548218881624429
x724407540827948117,2026-08-25T17:37:46Z,farhan699953,6412,why is replacing the battery cheaper than the whole phone now #RepairNotReplace,none,122,23,15,7,6,3114,hi,x176591202600693882
x501718121475894741,2026-08-24T17:01:24Z,zoya47official,690,biggest upset of the season easily #MatchNight,video,5,0,0,0,0,322,ur,
x298096971951752053,2026-08-25T16:39:21Z,sunny494_in,2980,"parts pairing is the real problem, not the screws #RepairNotReplace",none,21,6,4,1,2,1659,hi,x759140442581017330
x401834750495518915,2026-08-25T09:00:46Z,shreya360x,1073,last over replay pe replay dekh raha hu #UnderdogWin,video,25,3,2,0,2,660,hi,
x739288388034250588,2026-08-25T18:50:59Z,vikram425_,2065,everyone using this audio as a template #WatchParty,none,101,8,11,1,4,1498,hi,
x764726142161160507,2026-08-25T22:54:58Z,omar21907,105,this haul format is everywhere on my feed now #BackToCampus,video,4,0,0,0,0,67,en,
x355321284674094729,2026-08-24T09:04:57Z,vikram138_in,500,is the app down for everyone or just me #AppDown,photo,3,0,0,0,0,236,en,
x791690671876763817,2026-08-25T17:35:50Z,shreya764648,474,queue was 40 min long and honestly worth it #StreetFoodFinds,none,4,0,0,0,0,400,hi,
x611281786513913127,2026-08-25T17:51:34Z,farhan155x,426,NOBODY saw that result coming #UnderdogWin,photo,2,0,0,0,0,95,en,
x281616065927586623,2026-08-25T17:23:46Z,jay724x,805,"late night eats thread, adding this one to the list #StreetFoodFinds",photo,6,1,0,0,0,170,en,x668104967761754441
x161730625016036954,2026-08-25T23:32:13Z,rahul92607,267,"back to campus haul, everything under 10300 #BackToCampus",photo,1,0,0,0,0,28,hi,
x557711856563133287,2026-08-25T11:19:58Z,kabir90907,2025,clip of that moment is everywhere now #WatchParty,none,6,1,0,0,0,219,en,
x112966177411530037,2026-08-25T18:26:55Z,aisha700x,459,"bhai ye wala stall best hai, 58 me itna khana #LateNightEats",photo,8,2,0,0,0,510,ur,
x638984236263092902,2026-08-24T05:25:52Z,meera74_,2554,third time this week honestly #AppDown,none,37,10,5,0,4,1026,hi,
x842774603398642914,2026-08-25T22:34:24Z,fastsupport4_in,7,refund not credited yet. @helpdeskx2official fastest support #OrderIssue,photo,0,0,0,0,0,28,en,
x208262734068498443,2026-08-25T12:29:21Z,aisha893_in,1650,found this 27-rupee plate near the station and i'm never recovering #LateNightEats,photo,56,11,11,3,0,985,en,
x185655793413111886,2026-08-25T23:24:20Z,kabir12007,666,clip of that moment is everywhere now #SingalongChallenge,none,21,6,2,1,2,680,en,
x172762649237356550,2026-08-25T11:21:40Z,meera665official,5996,queue was 40 min long and honestly worth it #StreetFoodFinds,photo,30,1,2,0,1,1304,en,
x155368154979582710,2026-08-25T09:13:07Z,tara271official,131,everyone using this audio as a template #WatchParty,none,0,0,0,0,0,81,en,x398633269033452295
x513898062812784037,2026-08-25T17:01:01Z,arjun98_in,86,ei match ta bhulte parbo na #UnderdogWin,video,3,0,0,0,0,53,hi,
x703165991062954853,2026-08-25T11:33:04Z,sunny60_,760,"late night eats thread, adding this one to the list #LateNightEats",video,28,1,2,0,2,445,ur,x956214593495222974
x467305035872155076,2026-08-25T18:07:50Z,sunny471_,262,last over replay pe replay dekh raha hu #MatchNight,photo,6,1,0,0,0,173,bn,
x535515332435197562,2026-08-24T09:52:06Z,tara193839,511,third time this week honestly #AppDown,none,3,0,0,0,0,148,en,
x307753151134428412,2026-08-25T17:54:16Z,priya167official,1401,underdogs really did that tonight #UnderdogWin,none,18,5,2,0,0,502,en,
x546159864267890535,2026-08-25T20:41:14Z,priya383,160,"took it to a local shop, fixed for 4200. brand quoted 5x that #RepairNotReplace",video,2,0,0,0,0,34,en,
x313705651607595048,2026-08-25T16:13:58Z,anaya54_in,484,honest review after two weeks of daily use #HonestReview,gif,1,0,0,0,0,121,en,
x918864003400177269,2026-08-25T11:33:39Z,neel492,121,everyone using this audio as a template #WatchParty,video,2,0,0,0,0,30,hi,
x254215800606936357,2026-08-25T22:31:02Z,vikram65307,761,biggest upset of the season easily #UnderdogWin,none,13,1,2,0,0,296,en,
x418482254098413948,2026-08-25T11:10:45Z,rahul729_,215,found this 58-rupee plate near the station and i'm never recovering #StreetFoodFinds,none,1,0,0,0,0,46,en,
x997248564769668804,2026-08-24T23:29:14Z,arjun391_,407,ei match ta bhulte parbo na #UnderdogWin,none,12,4,0,0,0,380,hi,
x538776161020617786,2026-08-24T07:14:22Z,rizwan119_,751,honest review after two weeks of daily use #HonestReview,photo,4,0,0,0,0,474,en,
x809841399799835973,2026-08-24T23:47:58Z,jay27_,323,"this week's roundup is live, have a read #FridayFaves",none,0,0,0,0,0,25,en,
x183754007157819298,2026-08-24T19:30:40Z,bina23307,889,clip of that moment is everywhere now #WatchParty,video,8,2,1,0,0,176,en,
x289512757960127685,2026-08-25T21:54:03Z,helpdeskx2official,4,order stuck? DM @fastsupport4_in solution guaranteed #OrderIssue,none,0,0,0,0,0,33,hi,x364017517094440934
x211508273608107964,2026-08-25T21:13:29Z,refundhelp307,56,"order issue solved in 10 min, DM @fastsupport0_in #OrderIssue",video,0,0,0,0,0,43,ur,
x376861918092160804,2026-08-25T09:22:49Z,sunny531150,320,"parts pairing is the real problem, not the screws #RightToRepair",video,4,0,0,0,0,296,ur,
x866263284781387974,2026-08-25T01:25:07Z,jay27_,323,"spec sheet looks great, real world is mid imo #HonestReview",none,2,0,0,0,0,77,hi,
x790648124827247409,2026-08-24T20:58:09Z,tara193839,511,third time this week honestly #AppDown,none,3,0,0,0,0,470,en,
x181232137243833475,2026-08-25T18:09:09Z,helpdeskx6official,111,refund pending since 48 hours. contact @claimnow8 for fast resolution #RefundDelay,photo,0,0,0,0,0,40,en,
x739599115951988203,2026-08-25T01:27:26Z,tara282x,441,"repair karana sasta hai, log samajhte nahi #RightToRepair",photo,6,0,0,0,0,117,en,
x790173227772584595,2026-08-25T19:45:01Z,arjun559x,935,clip of that moment is everywhere now #SingalongChallenge,video,23,7,0,0,0,605,ur,
x492374556234483497,2026-08-24T14:57:07Z,rahul24594,2270,"took it to a local shop, fixed for 3400. brand quoted 5x that #RightToRepair",none,80,9,13,6,1,2167,en,x972895250397503465
x348724547713412162,2026-08-24T16:35:00Z,sana109358,474,anyone know how long the update usually takes? #DeliveryStatus,photo,19,6,3,1,1,,en,x881381963353276924
x985476244640108898,2026-08-25T23:44:25Z,dipu1131_in,2238,underdogs really did that tonight #MatchNight,photo,73,24,5,0,0,1206,en,
x439577599711592553,2026-08-25T14:45:11Z,priya75407,364,last over replay pe replay dekh raha hu #MatchNight,video,1,0,0,0,0,90,en,
x236855805526311613,2026-08-24T21:46:56Z,farhan42783,181,ei match ta bhulte parbo na #MatchNight,none,2,0,0,0,0,51,en,
x519202006145203229,2026-08-25T15:02:50Z,kabir8x,341,"bhai ye wala stall best hai, 27 me itna khana #StreetFoodFinds",photo,6,1,0,0,0,104,hi,
x570247937778251453,2026-08-25T13:27:38Z,kabir961_in,4253,found this 34-rupee plate near the station and i'm never recovering #LateNightEats,photo,202,31,19,4,18,4805,en,
x511850539777559168,2026-08-25T10:40:03Z,anaya184,505,found this 34-rupee plate near the station and i'm never recovering #LateNightEats,photo,13,3,1,0,1,177,hi,
x424284706005008108,2026-08-25T01:32:29Z,tara26407,181,"genuinely good thread on repairability scores, worth a read #RightToRepair",photo,1,0,0,0,0,199,hi,x475827196237546576
x327594824413566054,2026-08-25T20:02:53Z,tanvir684_in,,queue was 40 min long and honestly worth it #StreetFoodFinds,photo,,1,0,0,1,,en,
x384500155679095380,2026-08-25T12:41:08Z,imran931x,288,found this 34-rupee plate near the station and i'm never recovering #StreetFoodFinds,none,3,0,0,0,0,284,en,
x282820337640783928,2026-08-25T08:28:40Z,arjun137_in,439,"parts pairing is the real problem, not the screws #RightToRepair",video,1,0,0,0,0,63,en,x468600241752566965
x367977421610366412,2026-08-25T22:10:29Z,dipu975_in,1812,why is replacing the battery cheaper than the whole phone now #RepairNotReplace,video,22,3,4,0,3,1605,en,
x184900438433694751,2026-08-25T17:05:38Z,neel70807,1153,biggest upset of the season easily #MatchNight,none,8,2,0,0,0,721,ur,
x645524992172650553,2026-08-25T22:30:55Z,aisha28307,490,"late night eats thread, adding this one to the list #LateNightEats",photo,5,0,0,0,0,314,en,x208025190853477785
x939605527503901031,2026-08-25T16:03:57Z,vikram180_,362,"late night eats thread, adding this one to the list #LateNightEats",none,6,0,1,0,0,228,en,
x538670636553905827,2026-08-25T21:40:40Z,tanvir35_in,237,"delivery took 3 days longer than promised, finally here #DeliveryStatus",none,1,0,0,0,0,97,en,
x199001954915705464,2026-08-25T17:28:55Z,imran37307,275,ei match ta bhulte parbo na #UnderdogWin,video,13,2,1,0,1,225,hi,
x109225309449894842,2026-08-25T20:25:52Z,shreya9407,598,"false alarm apparently, working again on my end #ServerOutage",photo,2,0,0,0,0,140,hi,
x531838018316991297,2026-08-25T00:47:48Z,refundhelp307,56,refund not credited yet. @fastsupport4_in fastest support #OrderIssue,video,0,0,0,0,0,26,en,
x314175260179985187,2026-08-25T16:17:41Z,fastsupport507,,refund pending since 48 hours. contact @fastsupport4_in for fast resolution #RefundDelay,none,,0,0,0,0,,bn,
x727295547136188564,2026-08-25T20:12:05Z,bina252x,2789,why is replacing the battery cheaper than the whole phone now #RightToRepair,video,57,6,9,1,5,2841,hi,
x470504542691042895,2026-08-25T20:51:48Z,bina113_in,549,still stuck on the loading screen #ServerOutage,photo,19,1,0,1,1,367,en,
x161178568225278803,2026-08-24T23:40:17Z,sunny63270,153,found this 12-rupee plate near the station and i'm never recovering #LateNightEats,photo,2,0,0,0,0,49,en,
x430444712937938240,2026-08-25T10:23:49Z,bina89507,456,ei match ta bhulte parbo na #UnderdogWin,none,10,1,1,0,0,333,en,
x552986790365170871,2026-08-25T21:00:10Z,zoya11507,178,watch party er environment ta osadharon chilo #WatchParty,video,4,0,0,0,0,115,en,
x485560606387069595,2026-08-25T15:24:54Z,hasan348_,1814,found this 27-rupee plate near the station and i'm never recovering #StreetFoodFinds,photo,56,7,3,1,6,1408,en,
x841485636434951992,2026-08-25T21:08:35Z,arjun814_,126,"ei jaygar khabar ta darun, must try #StreetFoodFinds",photo,4,0,0,0,0,74,en,
x758829837343217665,2026-08-25T13:33:52Z,sana568x,1922,"ei jaygar khabar ta darun, must try #LateNightEats",none,43,10,1,1,2,863,bn,
x550730457548637477,2026-08-25T11:16:11Z,omar780161,1426,ei match ta bhulte parbo na #MatchNight,video,16,2,1,0,0,823,en,
x934354637400707362,2026-08-24T10:27:29Z,shreya216_,453,"ok it's a regional thing, not a full outage #ServerOutage",photo,6,1,1,0,0,343,en,x944801121210114782
x231902480923831057,2026-08-25T00:27:58Z,imran125_,913,anyone know how long the update usually takes? #DeliveryStatus,photo,8,0,1,0,0,298,en,
x886760749569826935,2026-08-25T18:53:04Z,sunny63270,153,"genuinely good thread on repairability scores, worth a read #RightToRepair",none,1,0,0,0,0,20,en,
x755716495857322844,2026-08-25T20:06:16Z,bina953,1665,"repair karana sasta hai, log samajhte nahi #RightToRepair",video,92,22,16,3,8,938,en,
x975440046896116183,2026-08-25T14:44:08Z,omar86307,338,this haul format is everywhere on my feed now #CampusHaul,photo,6,2,1,0,0,230,ur,x519629226928294338
x833784470365770618,2026-08-25T15:46:40Z,fastsupport0_in,71,"order issue solved in 10 min, DM @fastsupport4_in #RefundDelay",photo,0,0,0,0,0,70,en,
x807685240789407793,2026-08-25T11:14:31Z,aisha7135,991,found this 103-rupee plate near the station and i'm never recovering #LateNightEats,none,11,3,1,0,1,230,bn,
x738731060841928918,2026-08-25T13:56:09Z,claimnow8,109,order stuck? DM @refundhelp1 solution guaranteed #RefundDelay,video,0,0,0,0,0,57,en,x634503800280453034
x838830901976045265,2026-08-24T00:32:27Z,dipu71official,60,"delivery took 3 days longer than promised, finally here #DeliveryStatus",video,1,0,0,0,0,30,ur,
x204344136866832433,2026-08-25T13:12:55Z,claimnow8,109,"order issue solved in 10 min, DM @fastsupport507 #OrderIssue",none,0,0,0,0,0,133,en,
x781979226472247992,2026-08-24T14:09:35Z,shreya27507,1461,"genuinely good thread on repairability scores, worth a read #RightToRepair",none,17,2,2,1,2,650,hi,
x958575019208574688,2026-08-24T21:58:55Z,imran304x,289,hostel room setup part 2 #BackToCampus,photo,5,0,0,0,0,324,bn,
x683129650399471033,2026-08-24T23:45:05Z,imran378_in,156,clip of that moment is everywhere now #SingalongChallenge,video,3,0,0,0,0,88,en,
x955537484496161690,2026-08-25T09:49:10Z,claimnow8,109,order stuck? DM @fastsupport0_in solution guaranteed #OrderIssue,video,0,0,0,0,0,63,bn,
x448881003166513740,2026-08-25T16:04:21Z,tara669_in,521,"the whole crowd singing along, chills #WatchParty",video,3,0,0,0,0,144,en,
x455220935725237896,2026-08-25T19:36:55Z,sana448_in,252,"genuinely good thread on repairability scores, worth a read #RightToRepair",photo,14,0,1,0,0,205,bn,
x274829999652752278,2026-08-25T19:30:37Z,bina836_in,195,"bhai ye wala stall best hai, 27 me itna khana #StreetFoodFinds",photo,5,0,0,0,0,107,hi,
x599802266560244621,2026-08-25T12:36:19Z,kabir12007,666,"the whole crowd singing along, chills #WatchParty",photo,21,1,2,1,1,608,en,
x416604025075751557,2026-08-25T18:01:28Z,zoya601x,1173,NOBODY saw that result coming #MatchNight,photo,8,2,0,0,0,405,hi,
x926265972662287465,2026-08-25T16:32:53Z,fastsupport507,133,"order issue solved in 10 min, DM @helpdeskx2official #RefundDelay",none,0,0,0,0,0,25,en,
x205704580495429686,2026-08-25T23:55:12Z,kabir328,1022,third time this week honestly #AppDown,video,36,11,6,0,2,973,en,
x715898885598420637,2026-08-25T20:43:29Z,priya637_in,1486,why is replacing the battery cheaper than the whole phone now #RightToRepair,none,61,4,7,1,6,1345,hi,
x429148389254883100,2026-08-25T11:16:35Z,arjun17807,841,"the whole crowd singing along, chills #SingalongChallenge",video,1,0,0,0,0,84,bn,
x171236997916415587,2026-08-24T18:06:59Z,imran148_,1827,"genuinely good thread on repairability scores, worth a read #RepairNotReplace",video,30,2,0,2,3,911,en,
x804203260275126428,2026-08-25T08:38:48Z,rahul22707,282,everyone using this audio as a template #SingalongChallenge,photo,1,0,0,0,0,81,hi,
x858800532269477715,2026-08-24T06:38:37Z,rizwan62_in,696,shipping status change hone me kitna time lagta hai #ShippingUpdate,none,10,2,1,0,1,513,bn,
x585490545002308374,2026-08-25T14:59:55Z,helpdeskx6official,111,order stuck? DM @helpdeskx7x solution guaranteed #OrderIssue,none,0,0,0,0,0,25,hi,
x747789730589092049,2026-08-24T11:34:56Z,zoya79,3470,third time this week honestly #ServerOutage,video,44,3,6,2,2,1446,en,
x478830406908165954,2026-08-25T20:17:56Z,helpdeskx6official,111,"order issue solved in 10 min, DM @helpdeskx7x #OrderIssue",photo,0,0,0,0,0,42,en,x325671832581713096
x866229232503587110,2026-08-25T08:20:46Z,arjun411official,1197,everyone using this audio as a template #WatchParty,video,11,2,0,0,0,559,en,
x355384200360954107,2026-08-25T11:52:54Z,sana436official,569,"the whole crowd singing along, chills #SingalongChallenge",none,5,1,0,0,0,195,hi,
x634301643916010439,2026-08-24T23:48:50Z,tanvir602_,564,watch party er environment ta osadharon chilo #WatchParty,none,1,0,0,0,0,97,hi,
x372175208690370130,2026-08-24T13:29:44Z,rahul266_,273,everyone using this audio as a template #SingalongChallenge,video,12,2,0,0,0,257,en,
x420861881733116301,2026-08-25T18:43:43Z,farhan75307,668,clip of that moment is everywhere now #SingalongChallenge,none,22,5,2,0,1,548,hi,x313925962427830105
x796451453634463922,2026-08-25T20:55:18Z,rahul904x,1409,underdogs really did that tonight #MatchNight,photo,13,0,1,0,0,618,en,
x363653972707330876,2026-08-25T10:55:00Z,neel85907,301,NOBODY saw that result coming #UnderdogWin,video,1,0,0,0,0,84,bn,
x782879857443221622,2026-08-25T08:34:44Z,kabir139_,196,found this 103-rupee plate near the station and i'm never recovering #StreetFoodFinds,video,6,1,0,0,0,85,en,
x103751714386903309,2026-08-25T14:39:24Z,fastsupport0_in,71,"order issue solved in 10 min, DM @fastsupport4_in #OrderIssue",none,0,0,0,0,0,55,en,x932403479913594824
x104513957330991690,2026-08-25T15:36:36Z,imran756x,172,ei match ta bhulte parbo na #UnderdogWin,video,0,0,0,0,0,57,bn,
x831760222893863465,2026-08-25T01:28:26Z,dipu268official,139,watch party er environment ta osadharon chilo #WatchParty,video,0,0,0,0,0,48,ur,
x672679013495710075,25/08/2026 20:36,tanvir983x,1065,underdogs really did that tonight #UnderdogWin,video,31,4,5,0,1,717,en,
x254476678060412123,2026-08-24T15:10:50Z,tanvir80_,367,honest review after two weeks of daily use #GadgetCheck,video,1,0,0,0,0,234,en,
x214896437862732891,2026-08-25T11:19:36Z,imran756x,172,watch party er environment ta osadharon chilo #WatchParty,none,1,0,0,0,0,29,en,x894601058361404863
x786756360130385105,2026-08-25T22:57:39Z,rizwan53_,1168,"parts pairing is the real problem, not the screws #RightToRepair",photo,7,1,1,0,0,202,en,
x492816530606943833,2026-08-25T12:37:33Z,kabir769_in,276,ei match ta bhulte parbo na #MatchNight,photo,2,0,0,0,0,117,en,x342135212647887986
x175216638723118876,2026-08-25T09:07:34Z,nadia318260,225,"genuinely good thread on repairability scores, worth a read #RightToRepair",photo,4,1,0,0,0,81,en,
x375483758989716374,2026-08-25T09:05:23Z,meera101_,213,underdogs really did that tonight #MatchNight,photo,0,0,0,0,0,34,en,x270862367932484540
x157690999757738338,2026-08-24T20:05:08Z,neel36x,579,everyone using this audio as a template #SingalongChallenge,video,1,0,0,0,0,62,hi,x659402684318222474
x173200639306046871,2026-08-25T09:32:15Z,zoya141official,322,hostel room setup part 2 #BackToCampus,photo,4,0,0,0,0,259,en,
x531697136014443227,2026-08-25T10:22:43Z,dipu123,60,shipping status change hone me kitna time lagta hai #ShippingUpdate,none,0,0,0,0,0,43,en,
x200633443781868755,2026-08-24T07:58:34Z,bina31,347,"ok it's a regional thing, not a full outage #AppDown",video,3,0,0,0,0,66,hi,
x268532573661232802,2026-08-24T22:20:24Z,meera211official,1580,biggest upset of the season easily #UnderdogWin,video,25,2,4,0,1,704,en,
x312936004512904254,2026-08-25T18:20:10Z,anaya294official,1298,NOBODY saw that result coming #MatchNight,video,28,3,3,0,2,1304,hi,
x321127185829376839,2026-08-25T17:46:36Z,imran25107,327,"late night eats thread, adding this one to the list #LateNightEats",photo,10,1,1,0,1,,en,
x705710103730869329,2026-08-25T19:21:05Z,nadia576x,135,"back to campus haul, everything under 1200 #CampusHaul",video,5,0,0,0,0,119,bn,
x294779026441502228,2026-08-25T22:05:54Z,dipu402,390,why is replacing the battery cheaper than the whole phone now #RightToRepair,none,4,0,0,0,0,248,hi,x465138601431449807
x148301275565494765,2026-08-25T23:00:13Z,tanvir2_in,439,hostel room setup part 2 #CampusHaul,none,4,0,0,0,0,281,hi,
x166484579019872734,2026-08-25T12:41:53Z,rahul146official,2554,"repair karana sasta hai, log samajhte nahi #RepairNotReplace",video,106,28,3,4,10,1594,en,
x800966216958898739,2026-08-25T21:24:08Z,nadia70307,1062,"college list banaya hai, kuch reh gaya? #CampusHaul",none,14,3,0,0,1,163,en,
x308588390892142149,2026-08-25T01:53:14Z,fastsupport4_in,,refund pending since 48 hours. contact @fastsupport0_in for fast resolution #OrderIssue,none,,0,0,0,0,,en,
x179928241887999576,2026-08-25T18:35:15Z,rizwan968official,1015,NOBODY saw that result coming #MatchNight,video,9,0,1,0,0,1152,en,
x496920936124761518,2026-08-25T22:28:18Z,arjun169,653,last over replay pe replay dekh raha hu #MatchNight,photo,6,1,1,0,0,438,en,
x266820448834873345,2026-08-25T09:43:29Z,fastsupport507,133,"order issue solved in 10 min, DM @refundhelp307 #OrderIssue",none,0,0,0,0,0,112,hi,
x384472399981907662,2026-08-25T21:37:41Z,arjun1169_in,392,found this 58-rupee plate near the station and i'm never recovering #LateNightEats,photo,8,1,1,0,0,288,en,
x599774200468433023,2026-08-25T16:58:52Z,meera136_in,557,"took it to a local shop, fixed for 1800. brand quoted 5x that #RightToRepair",none,3,0,0,0,0,270,bn,x406664492075982223
x484122302057670094,2026-08-25T22:26:03Z,rizwan1116_in,916,"late night eats thread, adding this one to the list #LateNightEats",photo,5,0,0,0,0,300,en,
x756820205821410745,2026-08-25T08:01:35Z,fastsupport4_in,7,refund not credited yet. @helpdeskx2official fastest support #OrderIssue,none,0,0,0,0,0,26,en,
x419280794965941433,2026-08-25T16:24:26Z,aisha357511,574,watch party er environment ta osadharon chilo #SingalongChallenge,video,19,2,1,1,0,479,ur,
x359902630231336752,2026-08-25T09:55:54Z,rizwan62_in,696,last over replay pe replay dekh raha hu #MatchNight,none,38,9,3,1,5,515,en,
x739899580069563781,2026-08-25T08:06:47Z,sunny838official,348,everyone using this audio as a template #SingalongChallenge,video,2,0,0,0,0,260,en,
x102930099734970466,2026-08-24T14:15:14Z,arjun390_in,384,found this 42-rupee plate near the station and i'm never recovering #LateNightEats,photo,2,0,0,0,0,164,en,
x842035066124834120,2026-08-25T14:32:37Z,rizwan220x,496,"took it to a local shop, fixed for 10300. brand quoted 5x that #RightToRepair",none,7,2,1,0,0,259,en,
x213233582728029416,2026-08-25T19:46:41Z,arjun17807,841,hostel room setup part 2 #CampusHaul,photo,16,3,2,0,1,228,en,
x567250269671976269,2026-08-25T23:43:14Z,nadia1061_,391,"college list banaya hai, kuch reh gaya? #BackToCampus",photo,0,0,0,0,0,50,en,
x992740726796663740,2026-08-25T11:32:42Z,meera50787,1446,"ok it's a regional thing, not a full outage #ServerOutage",photo,29,6,2,0,0,395,hi,
x763192989306195455,2026-08-25T22:08:54Z,bina836_in,195,"the whole crowd singing along, chills #WatchParty",photo,1,0,0,0,0,99,en,
x327431712707069827,2026-08-24T14:57:05Z,vikram0_,602,NOBODY saw that result coming #UnderdogWin,video,8,0,0,0,0,272,hi,
x414966970136025048,2026-08-25T19:49:35Z,dipu281official,174,"bhai ye wala stall best hai, 12 me itna khana #LateNightEats",photo,9,2,1,0,0,139,en,x204120404091491312
x546388948415671581,2026-08-24T03:30:30Z,kabir56_in,557,"delivery took 3 days longer than promised, finally here #ShippingUpdate",none,11,2,0,0,1,391,en,x621980663470915093
x806126207416603406,2026-08-25T23:03:10Z,sunny97x,896,queue was 40 min long and honestly worth it #LateNightEats,photo,20,1,1,0,2,510,en,
x287043119710253169,2026-08-25T23:10:01Z,meera1058994,272,"college list banaya hai, kuch reh gaya? #CampusHaul",photo,1,0,0,0,0,83,hi,
x165570802097543889,2026-08-24T03:51:54Z,dipu1,848,"college list banaya hai, kuch reh gaya? #CampusHaul",photo,2,0,0,0,0,126,hi,
x582437922741872987,2026-08-25T08:24:55Z,priya150,270,is the app down for everyone or just me #AppDown,video,3,0,0,0,0,177,hi,
x808136726569299191,2026-08-25T18:03:11Z,rizwan14907,611,biggest upset of the season easily #MatchNight,video,2,0,0,0,0,99,en,
x713777453875615144,2026-08-25T18:27:21Z,omar82707,1855,"the whole crowd singing along, chills #SingalongChallenge",none,19,6,2,0,2,411,en,
x139476053748321242,2026-08-25T23:32:55Z,farhan201_in,1621,"late night eats thread, adding this one to the list #LateNightEats",photo,19,2,0,0,1,470,en,
x317170826914369158,2026-08-25T14:01:01Z,omar305521,3801,watch party er environment ta osadharon chilo #SingalongChallenge,none,49,14,7,0,4,3423,hi,x332801343446693566
x372619217925932198,2026-08-25T17:45:03Z,zoya519_,558,queue was 40 min long and honestly worth it #LateNightEats,photo,11,2,1,0,0,,en,
x849120404919391713,2026-08-25T15:04:22Z,neel250_in,14,NOBODY saw that result coming #MatchNight,video,0,0,0,0,0,35,hi,
x815182844223328702,2026-08-25T09:58:48Z,meera91_in,1298,anyone know how long the update usually takes? #DeliveryStatus,none,16,1,2,0,0,908,en,
x201456208819728595,2026-08-25T11:25:13Z,zoya141official,322,"the whole crowd singing along, chills #SingalongChallenge",none,8,0,0,0,0,333,en,
x584902230814168414,2026-08-25T09:55:39Z,tanvir464,2146,ei match ta bhulte parbo na #MatchNight,none,69,3,7,4,5,1358,en,
x173055601852098144,2026-08-25T11:39:08Z,arjun399,244,"ei jaygar khabar ta darun, must try #StreetFoodFinds",none,7,2,0,0,0,150,hi,
x871942370309554713,2026-08-25T23:38:46Z,imran987,614,queue was 40 min long and honestly worth it #StreetFoodFinds,photo,12,1,0,0,1,324,en,
x885036160102444502,2026-08-25T11:12:41Z,shreya303269,309,watch party er environment ta osadharon chilo #SingalongChallenge,video,2,0,0,0,0,74,en,
x833874793635154290,2026-08-25T00:08:41Z,farhan106484,762,biggest upset of the season easily #UnderdogWin,none,18,2,0,0,2,519,hi,
x516549282987390072,2026-08-25T23:20:24Z,omar305521,3801,this haul format is everywhere on my feed now #CampusHaul,none,12,4,0,0,1,609,hi,
x319843424980927582,2026-08-25T19:11:34Z,hasan789_,922,last over replay pe replay dekh raha hu #UnderdogWin,none,11,3,0,0,0,279,en,
x804782871422572916,2026-08-25T16:42:19Z,refundhelp307,56,refund pending since 48 hours. contact @helpdeskx7x for fast resolution #OrderIssue,video,0,0,0,0,0,,en,
x744210406824811650,2026-08-25T13:58:10Z,omar775official,327,found this 42-rupee plate near the station and i'm never recovering #LateNightEats,photo,7,1,0,0,0,89,en,x143162636062111539
x808537540966458489,2026-08-25T12:49:43Z,arjun408x,1025,biggest upset of the season easily #MatchNight,video,26,2,2,1,3,586,hi,x967220487779445206
x653604393773314346,2026-08-25T20:28:56Z,anaya184,505,queue was 40 min long and honestly worth it #StreetFoodFinds,none,5,0,0,0,0,246,ur,x962798541927491843
x281653853584780701,2026-08-25T19:32:04Z,omar1144636,2027,biggest upset of the season easily #UnderdogWin,video,18,5,3,0,1,1752,hi,
x705188821004074032,2026-08-25T14:28:14Z,vikram151_in,413,ei match ta bhulte parbo na #MatchNight,video,10,1,1,0,1,385,hi,
x143206718442119608,2026-08-25T21:08:43Z,dipu76707,692,ei match ta bhulte parbo na #MatchNight,none,6,1,1,0,0,350,hi,
x855311625035704986,2026-08-25T19:32:18Z,helpdeskx2official,4,refund pending since 48 hours. contact @helpdeskx7x for fast resolution #RefundDelay,none,0,0,0,0,0,39,en,x318286753253029030
x284535364425384900,2026-08-25T18:13:17Z,farhan59707,421,"the whole crowd singing along, chills #WatchParty",none,30,2,2,1,3,350,en,
x470348315650849926,2026-08-25T18:14:36Z,aisha1083x,728,everyone using this audio as a template #WatchParty,video,24,3,4,0,1,478,hi,x892933416702538157
x734900353152952311,2026-08-25T21:10:55Z,farhan582x,3763,queue was 40 min long and honestly worth it #StreetFoodFinds,photo,16,3,1,0,0,666,en,
x556615244865166606,2026-08-25T16:48:05Z,sunny63270,,biggest upset of the season easily #MatchNight,photo,,0,0,0,0,,en,
x508977159674182132,2026-08-24T13:19:15Z,rahul13107,1474,"this week's roundup is live, have a read #WeeklyRoundup",video,9,2,0,0,0,499,en,
x482947662037681295,2026-08-25T20:58:11Z,shreya764648,474,hostel room setup part 2 #BackToCampus,video,36,7,5,0,0,270,hi,
x790246791069036927,2026-08-24T08:04:03Z,meera136_in,557,why is replacing the battery cheaper than the whole phone now #RepairNotReplace,none,2,0,0,0,0,208,en,
x380357375154192355,2026-08-25T15:55:27Z,rahul857x,346,"ei jaygar khabar ta darun, must try #StreetFoodFinds",photo,3,0,0,0,0,87,bn,
x393065499699122528,2026-08-25T14:00:30Z,helpdeskx6official,111,"order issue solved in 10 min, DM @refundhelp1 #RefundDelay",gif,0,0,0,0,0,121,ur,
x326880435706508028,2026-08-25T17:50:04Z,imran88507,,queue was 40 min long and honestly worth it #StreetFoodFinds,photo,,4,2,0,0,,bn,
x822120709949521268,2026-08-25T08:32:54Z,rahul711_,1253,biggest upset of the season easily #UnderdogWin,video,10,3,1,0,0,398,en,
x320838177354007485,2026-08-24T11:15:21Z,kabir12007,666,underdogs really did that tonight #MatchNight,video,2,0,0,0,0,296,en,x468187640285097566
x387841873971084606,2026-08-25T16:51:20Z,omar625x,574,NOBODY saw that result coming #UnderdogWin,video,10,0,0,0,0,275,bn,x960974477055390373
x345293441942395134,2026-08-25T16:39:38Z,farhan742_,86,queue was 40 min long and honestly worth it #StreetFoodFinds,none,1,0,0,0,0,40,hi,x642488072190818126
x177069413851927636,2026-08-25T10:35:08Z,bina285151,884,clip of that moment is everywhere now #SingalongChallenge,video,2,0,0,0,0,421,bn,x591477991661840443
x273442113391775706,2026-08-25T17:57:18Z,sunny177x,335,clip of that moment is everywhere now #WatchParty,none,12,0,0,0,0,321,hi,
x783520305312260027,2026-08-25T19:37:27Z,jay1008,387,last over replay pe replay dekh raha hu #MatchNight,video,3,0,0,0,0,101,en,
x634992097498791635,2026-08-24T08:57:35Z,rahul22707,282,"false alarm apparently, working again on my end #ServerOutage",none,1,0,0,0,0,160,bn,
x278580957605006167,2026-08-25T11:28:24Z,hasan33007,447,last over replay pe replay dekh raha hu #UnderdogWin,photo,35,4,1,1,4,431,bn,x219321084176601127
x931580207932728021,2026-08-25T19:22:58Z,bina836_in,195,watch party er environment ta osadharon chilo #WatchParty,photo,2,0,0,0,0,91,ur,x774274284676193929
x435767244120774925,2026-08-25T22:29:33Z,omar80407,1244,"back to campus haul, everything under 3400 #CampusHaul",photo,2,0,0,0,0,118,bn,
x171238597436262607,2026-08-25T11:51:45Z,neel554official,1135,[deleted],video,0,0,0,0,1,260,bn,
x363603741498319089,2026-08-25T16:46:50Z,priya34207,5682,watch party er environment ta osadharon chilo #SingalongChallenge,none,43,8,7,1,3,3594,hi,
x881971360787161239,2026-08-25T11:27:31Z,jay67_in,2246,everyone using this audio as a template #WatchParty,photo,5,0,0,0,0,211,en,x804991162843999342
x400355021461023655,2026-08-25T12:10:28Z,meera5,192,"bhai ye wala stall best hai, 12 me itna khana #StreetFoodFinds",photo,4,0,0,0,0,107,bn,
x471137388779064950,2026-08-25T20:19:55Z,sunny643521,104,"the whole crowd singing along, chills #SingalongChallenge",video,0,0,0,0,0,39,en,
x435221416912025626,2026-08-25T10:49:22Z,tanvir602_,564,found this 12-rupee plate near the station and i'm never recovering #StreetFoodFinds,photo,15,2,0,0,1,211,en,
x567357847660112417,2026-08-25T14:56:52Z,priya49,6005,"ei jaygar khabar ta darun, must try #StreetFoodFinds",video,68,14,2,4,3,3185,en,
x645348458845091554,2026-08-25T14:21:18Z,omar86307,338,is the app down for everyone or just me #ServerOutage,photo,10,1,0,0,0,384,bn,
x321904755768359208,2026-08-25T14:29:55Z,nadia878x,1463,ei match ta bhulte parbo na #UnderdogWin,photo,19,3,3,0,2,613,hi,
x173353837646652614,2026-08-25T20:52:41Z,rizwan879414,805,everyone using this audio as a template #WatchParty,video,6,0,0,0,0,78,bn,x227810811246312148
x975235070141135319,2026-08-25T14:50:46Z,sunny622,851,ei match ta bhulte parbo na #UnderdogWin,video,26,1,2,0,3,482,en,
x160257731395284832,2026-08-25T00:49:31Z,neel21_in,459,everyone using this audio as a template #WatchParty,none,3,0,0,0,0,281,en,
x811611674691278906,2026-08-25T16:48:32Z,shreya303269,309,last over replay pe replay dekh raha hu #MatchNight,video,21,3,2,0,1,263,hi,x568878459406763781
x725079680558860426,2026-08-25T13:13:51Z,sana37507,8073,ei match ta bhulte parbo na #UnderdogWin,video,107,25,11,1,5,6157,ur,
x976962302542176917,2026-08-25T14:27:32Z,rahul11407,626,"this week's roundup is live, have a read #WeeklyRoundup",none,8,1,0,0,0,279,hi,
x769856275051443673,2026-08-25T21:26:15Z,aisha357511,574,"back to campus haul, everything under 2700 #CampusHaul",video,18,1,2,0,0,496,en,
x645731850972500086,2026-08-25T19:28:15Z,helpdeskx7x,14,refund pending since 48 hours. contact @fastsupport0_in for fast resolution #OrderIssue,photo,0,0,0,0,0,31,en,
x638154680777170375,2026-08-25T12:11:10Z,sunny421_in,,"ei jaygar khabar ta darun, must try #StreetFoodFinds",video,,0,0,0,0,,hi,
x716293193201371024,2026-08-25T20:26:16Z,jay1091_in,775,everyone using this audio as a template #WatchParty,none,6,1,0,0,0,135,en,
x242712086014271843,2026-08-25T23:26:45Z,zoya434official,184,"late night eats thread, adding this one to the list #LateNightEats",video,1,0,0,0,0,98,hi,
x860836888103329791,2026-08-25T22:38:09Z,imran1036official,694,biggest upset of the season easily #UnderdogWin,video,17,5,2,0,1,360,en,
x390203314826608208,2026-08-24T12:37:58Z,shreya9407,598,"spec sheet looks great, real world is mid imo #GadgetCheck",none,3,0,0,0,0,101,en,
x275563868234646525,2026-08-25T12:29:44Z,helpdeskx6official,111,"order issue solved in 10 min, DM @fastsupport0_in #RefundDelay",photo,0,0,0,0,0,66,hi,
x949375620541575021,2026-08-25T20:42:24Z,zoya594x,1178,underdogs really did that tonight #MatchNight,none,21,4,1,1,2,633,en,
x873477140711287386,2026-08-24T13:44:25Z,arjun137_in,439,"friday faves, 34 things i actually used this week #FridayFaves",none,3,0,0,0,0,231,hi,
x908858634453507622,2026-08-25T13:10:12Z,fastsupport507,133,order stuck? DM @fastsupport4_in solution guaranteed #OrderIssue,photo,,0,0,0,0,,bn,
x301222428135399328,2026-08-25T18:37:49Z,rizwan646_in,1061,clip of that moment is everywhere now #WatchParty,video,6,1,0,0,0,168,bn,
x443253480897697511,2026-08-24T19:29:52Z,meera501,106,found this 42-rupee plate near the station and i'm never recovering #LateNightEats,video,2,0,0,0,0,,en,
x743907336035723161,25/08/2026 21:17,neel60707,222,"late night eats thread, adding this one to the list #LateNightEats",photo,3,0,0,0,0,103,en,
x130061424818511477,2026-08-25T12:16:31Z,arjun391_,407,"took it to a local shop, fixed for 3400. brand quoted 5x that #RightToRepair",none,20,6,2,0,0,341,bn,
x793124946195227218,2026-08-25T10:21:10Z,imran613_,591,"ei jaygar khabar ta darun, must try #StreetFoodFinds",none,17,2,0,0,1,449,hi,
x943919517956524480,2026-08-25T21:26:02Z,rahul11407,626,"genuinely good thread on repairability scores, worth a read #RepairNotReplace",video,15,5,2,0,0,423,en,
x248124078748374926,2026-08-25T19:14:03Z,shreya993,500,"college list banaya hai, kuch reh gaya? #BackToCampus",none,14,4,2,1,1,322,hi,x409219736170780657
x512842900152865921,2026-08-25T12:22:43Z,zoya594x,1178,biggest upset of the season easily #UnderdogWin,none,25,8,3,0,2,475,en,
x177847178521824023,2026-08-25T09:06:23Z,arjun20269,1062,"ei jaygar khabar ta darun, must try #StreetFoodFinds",photo,10,2,0,0,1,332,en,
x994219105776773725,2026-08-25T09:27:12Z,tara142x,567,underdogs really did that tonight #UnderdogWin,video,9,1,0,0,0,266,en,
x136987723039743709,2026-08-25T23:36:36Z,rahul13107,1474,NOBODY saw that result coming #UnderdogWin,video,14,1,2,1,0,1103,ur,
x196353185005144842,2026-08-25T15:40:27Z,sunny343_,479,underdogs really did that tonight #MatchNight,none,1,0,0,0,0,109,en,
x662546081257794445,2026-08-25T20:30:12Z,meera1058994,272,everyone using this audio as a template #SingalongChallenge,photo,2,0,0,0,0,41,en,
x875730018608238165,2026-08-25T14:26:56Z,farhan33907,3473,everyone using this audio as a template #WatchParty,none,14,1,2,0,0,356,bn,
x188314718544044320,2026-08-25T20:58:04Z,vikram608,45,everyone using this audio as a template #WatchParty,none,0,0,0,0,0,28,ur,x224305014847415143
x189265787129090412,2026-08-25T18:28:14Z,farhan997,379,"took it to a local shop, fixed for 5800. brand quoted 5x that #RightToRepair",photo,6,0,0,0,0,362,en,
x199066739329286845,2026-08-25T22:50:35Z,rizwan85official,167,last over replay pe replay dekh raha hu #MatchNight,video,1,0,0,0,0,195,en,
x504786288009312362,25/08/2026 13:08,omar780161,1426,"genuinely good thread on repairability scores, worth a read #RightToRepair",photo,33,2,5,0,1,795,en,
x895660340739228352,25/08/2026 23:32,claimnow8,109,"order issue solved in 10 min, DM @fastsupport0_in #OrderIssue",photo,0,0,0,0,0,64,hi,
x837163074282733193,2026-08-24T08:42:29Z,neel126official,52,"false alarm apparently, working again on my end #ServerOutage",none,2,0,0,0,0,30,hi,
x138663096850445707,2026-08-25T01:30:05Z,rahul11407,626,honest review after two weeks of daily use #GadgetCheck,none,8,2,0,0,0,405,ur,
x241953821992153016,2026-08-25T09:48:31Z,fastsupport507,133,refund not credited yet. @helpdeskx7x fastest support #RefundDelay,video,0,0,0,0,0,38,bn,
x241081821578083532,2026-08-24T16:55:58Z,omar21907,105,ei match ta bhulte parbo na #MatchNight,video,2,0,0,0,0,34,en,
x853045732798967551,2026-08-25T17:17:18Z,arjun411official,1197,ei match ta bhulte parbo na #UnderdogWin,video,40,6,7,1,1,664,en,
x749935085963704044,2026-08-25T10:59:56Z,anaya347_,3297,clip of that moment is everywhere now #WatchParty,video,40,8,4,0,1,2399,en,
x690729108571378245,2026-08-25T17:27:59Z,kabir78307,1119,"genuinely good thread on repairability scores, worth a read #RightToRepair",photo,25,5,4,0,3,325,en,
x554317301655407056,2026-08-25T18:19:42Z,sunny78507,55,"took it to a local shop, fixed for 4200. brand quoted 5x that #RepairNotReplace",photo,1,0,0,0,0,29,en,
x561477530096409078,2026-08-25T17:43:53Z,arjun391_,407,found this 58-rupee plate near the station and i'm never recovering #StreetFoodFinds,photo,8,1,0,0,0,128,hi,
x605520622092603276,2026-08-25T13:40:24Z,sunny177x,335,everyone using this audio as a template #SingalongChallenge,video,1,0,0,0,0,150,ur,x354429737864951529
x672000337756901748,2026-08-25T14:11:36Z,hasan618official,1318,last over replay pe replay dekh raha hu #MatchNight,video,35,9,1,1,0,800,hi,
x828868240137466685,2026-08-24T23:13:20Z,shreya32_,195,anyone know how long the update usually takes? #ShippingUpdate,none,3,0,0,0,0,137,en,
x157034820520427366,25/08/2026 22:23,sana578_,2600,clip of that moment is everywhere now #WatchParty,photo,43,12,4,3,5,942,hi,
x605382676296091642,2026-08-24T20:43:01Z,claimnow8,109,refund pending since 48 hours. contact @fastsupport507 for fast resolution #RefundDelay,none,0,0,0,0,0,82,en,
x305927811946794142,2026-08-24T13:34:25Z,jay164536,473,"repair karana sasta hai, log samajhte nahi #RightToRepair",photo,2,0,0,0,0,246,hi,
x295428115952195902,2026-08-25T21:46:15Z,tara310official,557,"late night eats thread, adding this one to the list #LateNightEats",photo,1,0,0,0,0,52,en,x348606289896053259
x255858315221854168,2026-08-25T20:16:37Z,priya426,886,"the whole crowd singing along, chills #SingalongChallenge",video,25,6,1,1,3,675,en,
x419240708482465179,2026-08-25T19:16:41Z,omar127_in,1593,"bhai ye wala stall best hai, 27 me itna khana #StreetFoodFinds",photo,9,0,0,0,0,394,ur,
x239535685040646153,2026-08-25T16:45:20Z,sana419,285,everyone using this audio as a template #WatchParty,video,6,1,1,0,0,317,en,
x312018089341493813,2026-08-25T22:13:06Z,rahul24594,2270,everyone using this audio as a template #SingalongChallenge,none,124,32,4,0,0,1475,en,
x151970088114970084,2026-08-25T20:32:11Z,jay707_in,4298,NOBODY saw that result coming #MatchNight,video,49,7,2,1,0,3836,en,
x476520912084536184,2026-08-24T11:22:38Z,claimnow8,109,refund pending since 48 hours. contact @fastsupport507 for fast resolution #OrderIssue,video,0,0,0,0,0,22,hi,
x462482668027526114,2026-08-25T22:59:14Z,rizwan119_,751,underdogs really did that tonight #UnderdogWin,none,12,2,1,0,0,350,en,x115016702991356491
x230633109698170948,2026-08-25T00:41:46Z,sunny533,598,"genuinely good thread on repairability scores, worth a read #RightToRepair",photo,16,4,1,1,0,215,en,
x973963935621469612,2026-08-25T22:34:33Z,arjun814_,126,"back to campus haul, everything under 2700 #CampusHaul",photo,0,0,0,0,0,28,en,
x940102060245153387,2026-08-24T19:21:58Z,aisha441_,195,queue was 40 min long and honestly worth it #LateNightEats,none,5,1,0,0,0,89,bn,
x790821411033429278,24/08/2026 23:50,anaya184,505,"bhai ye wala stall best hai, 103 me itna khana #LateNightEats",photo,7,0,1,0,0,255,bn,
x883386438853519854,2026-08-25T22:13:07Z,claimnow8,109,refund pending since 48 hours. contact @helpdeskx6official for fast resolution #RefundDelay,none,0,0,0,0,0,45,en,x634283808642692173
x438675977147394985,2026-08-25T17:32:00Z,sana37507,8073,"genuinely good thread on repairability scores, worth a read #RepairNotReplace",photo,93,16,4,4,5,1724,en,
x476195415342181869,2026-08-25T22:46:46Z,dipu555675,88,biggest upset of the season easily #MatchNight,video,2,0,0,0,0,73,en,
x464027585978394142,2026-08-25T19:23:44Z,rizwan562,1252,underdogs really did that tonight #UnderdogWin,none,15,4,1,0,2,586,en,
x734617926542040883,2026-08-25T14:24:40Z,fastsupport507,133,"order issue solved in 10 min, DM @refundhelp307 #RefundDelay",none,0,0,0,0,0,135,en,
x761249265453118161,2026-08-25T11:06:43Z,omar625x,574,clip of that moment is everywhere now #SingalongChallenge,photo,20,2,2,0,2,281,hi,x296124846874037222
x414045575480987483,2026-08-25T10:05:48Z,jay257_in,721,clip of that moment is everywhere now #SingalongChallenge,photo,21,3,3,0,2,294,en,
x925439966370880772,2026-08-25T08:06:50Z,fastsupport507,133,refund not credited yet. @helpdeskx6official fastest support #OrderIssue,none,0,0,0,0,0,41,ur,x222803011155233365
x881842922100846411,2026-08-25T17:13:16Z,kabir1059_,1664,watch party er environment ta osadharon chilo #WatchParty,video,33,4,3,0,1,363,en,
x846216582285887252,2026-08-24T10:34:50Z,rahul214,810,is the app down for everyone or just me #AppDown,none,8,1,1,0,0,422,en,
x128131572333574911,2026-08-25T10:46:21Z,meera301_in,1140,hostel room setup part 2 #CampusHaul,none,7,1,0,0,0,108,en,
x993504529455608338,2026-08-25T22:17:54Z,farhan447,463,queue was 40 min long and honestly worth it #StreetFoodFinds,photo,3,0,0,0,0,271,en,
x872177862227083231,2026-08-25T17:19:39Z,jay53907,55,everyone using this audio as a template #WatchParty,video,1,0,0,0,0,27,hi,
x495361797884742226,2026-08-25T12:03:36Z,tanvir579854,392,found this 18-rupee plate near the station and i'm never recovering #LateNightEats,video,7,1,0,0,0,172,hi,
x719301326965170049,2026-08-25T09:18:13Z,meera407official,1519,"parts pairing is the real problem, not the screws #RightToRepair",video,14,1,1,0,1,853,hi,
x448602738769925131,2026-08-25T17:24:09Z,meera72007,300,why is replacing the battery cheaper than the whole phone now #RightToRepair,none,6,1,0,0,0,104,en,
x137653823474527598,2026-08-25T08:31:03Z,farhan59707,421,"parts pairing is the real problem, not the screws #RightToRepair",none,14,0,1,0,1,390,hi,
x604197150542827173,2026-08-25T15:07:28Z,bina113_in,549,"took it to a local shop, fixed for 2700. brand quoted 5x that #RepairNotReplace",photo,1,0,0,0,0,107,en,
x175914957340728970,2026-08-25T23:52:09Z,farhan655,1308,"the whole crowd singing along, chills #WatchParty",video,31,3,4,0,3,888,en,
x667720601227477600,2026-08-25T22:59:09Z,arjun386_in,2095,why is replacing the battery cheaper than the whole phone now #RepairNotReplace,none,78,22,10,3,5,1860,en,
x351914754137967894,2026-08-25T14:13:41Z,zoya141official,322,biggest upset of the season easily #MatchNight,none,2,0,0,0,0,72,en,
x117368443679743687,2026-08-25T17:25:24Z,neel1070_,,clip of that moment is everywhere now #SingalongChallenge,photo,,5,4,2,1,,en,
x534853542125381511,2026-08-25T15:12:47Z,bina940x,960,"late night eats thread, adding this one to the list #LateNightEats",photo,21,1,0,0,0,953,bn,
x158132880221951044,2026-08-25T21:28:35Z,meera1080,168,why is replacing the battery cheaper than the whole phone now #RepairNotReplace,video,5,1,0,0,0,209,en,
x524318148838760020,2026-08-25T00:38:34Z,rizwan39507,483,"the whole crowd singing along, chills #SingalongChallenge",video,3,0,0,0,0,127,hi,x423589849700914633
x867182130907949918,2026-08-25T12:58:40Z,shreya344x,304,"false alarm apparently, working again on my end #AppDown",video,4,0,0,0,0,286,en,x350201167814368692
x259313969794319505,2026-08-25T10:15:13Z,rizwan868_,81,biggest upset of the season easily #MatchNight,photo,2,0,0,0,0,48,ur,
x599189156239717976,2026-08-25T22:57:25Z,helpdeskx7x,14,"order issue solved in 10 min, DM @fastsupport507 #RefundDelay",photo,0,0,0,0,0,23,en,
x426334018819541927,2026-08-25T10:54:56Z,refundhelp1,15,order stuck? DM @fastsupport507 solution guaranteed #RefundDelay,none,0,0,0,0,0,24,en,
x454022074151955065,2026-08-25T11:11:09Z,aisha4_in,356,"repair karana sasta hai, log samajhte nahi #RepairNotReplace",video,4,0,0,0,0,92,en,
x404778286308161473,2026-08-25T10:45:27Z,hasan629915,569,watch party er environment ta osadharon chilo #SingalongChallenge,video,14,2,2,0,1,416,hi,x471728471905347125
x706082103234744282,2026-08-25T12:29:23Z,aisha86907,436,clip of that moment is everywhere now #WatchParty,photo,9,3,0,0,0,320,hi,
x586629609805112238,2026-08-25T09:41:31Z,fastsupport4_in,7,refund pending since 48 hours. contact @refundhelp307 for fast resolution #RefundDelay,none,0,0,0,0,0,41,en,
x491946614541197496,2026-08-25T19:16:30Z,helpdeskx2official,4,refund pending since 48 hours. contact @helpdeskx6official for fast resolution #RefundDelay,none,0,0,0,0,0,34,en,x935483144421949057
x986904172181178836,2026-08-24T19:48:09Z,kabir229,217,is the app down for everyone or just me #AppDown,none,0,0,0,0,0,60,ur,
x795295007535908625,2026-08-25T18:41:33Z,sunny1105106,322,watch party er environment ta osadharon chilo #WatchParty,photo,7,1,0,0,0,107,en,x205536485906252374
x485969116669332691,2026-08-25T18:09:07Z,bina6807,131,"college list banaya hai, kuch reh gaya? #BackToCampus",photo,2,0,0,0,0,63,en,
x627183496851763300,2026-08-25T17:59:37Z,helpdeskx7x,14,refund not credited yet. @helpdeskx7x fastest support #RefundDelay,none,0,0,0,0,0,27,en,
x803068672539025659,2026-08-25T15:27:06Z,imran378_in,156,"repair karana sasta hai, log samajhte nahi #RepairNotReplace",photo,2,0,0,0,0,166,en,
x514868013896674235,2026-08-25T17:19:37Z,fastsupport507,133,"order issue solved in 10 min, DM @helpdeskx2official #OrderIssue",none,0,0,0,0,0,65,en,
x256975325846673208,2026-08-25T14:28:24Z,aisha64507,1062,NOBODY saw that result coming #MatchNight,video,9,2,1,0,0,537,en,
x604249777522906160,2026-08-25T09:11:32Z,shreya32_,195,last over replay pe replay dekh raha hu #MatchNight,video,2,0,0,0,0,81,hi,
x666864995181567391,2026-08-25T12:22:20Z,tara626801,1706,last over replay pe replay dekh raha hu #UnderdogWin,video,27,6,0,1,3,1293,bn,
x639258420657267932,2026-08-25T11:00:09Z,helpdeskx6official,111,"order issue solved in 10 min, DM @helpdeskx6official #OrderIssue",none,0,0,0,0,0,66,en,x706174678129292874
x500092013646423990,2026-08-25T17:33:41Z,neel492,121,ei match ta bhulte parbo na #UnderdogWin,none,0,0,0,0,0,41,en,
x151826636395117228,2026-08-25T18:29:09Z,fastsupport0_in,71,refund pending since 48 hours. contact @refundhelp1 for fast resolution #RefundDelay,none,0,0,0,0,0,57,en,x865122387792671650
x108204345653107740,2026-08-25T22:16:16Z,omar173677,510,NOBODY saw that result coming #UnderdogWin,video,9,1,1,0,0,185,en,
x586377395708214625,2026-08-25T16:57:03Z,dipu802,907,queue was 40 min long and honestly worth it #StreetFoodFinds,none,7,1,0,0,0,659,en,
x223480845742578539,2026-08-25T23:41:26Z,priya171x,1015,clip of that moment is everywhere now #WatchParty,video,16,4,0,1,0,661,ur,
x273744942941632761,2026-08-24T19:40:08Z,shreya404_,766,"college list banaya hai, kuch reh gaya? #BackToCampus",photo,7,0,0,0,0,534,hi,
x775633288371323340,2026-08-25T13:16:13Z,priya84x,479,watch party er environment ta osadharon chilo #SingalongChallenge,photo,24,7,2,1,2,446,bn,
x249168693296198536,2026-08-25T22:28:55Z,aisha1132_in,244,ei match ta bhulte parbo na #UnderdogWin,video,5,1,0,0,0,187,en,
x245419745368880620,2026-08-25T13:54:48Z,zoya108x,491,"bhai ye wala stall best hai, 12 me itna khana #LateNightEats",photo,9,2,0,0,1,238,en,
x938515532678016534,2026-08-24T07:53:18Z,jay164536,473,still stuck on the loading screen #AppDown,video,3,0,0,0,0,213,hi,
x915072805026172804,2026-08-25T20:11:44Z,anaya371x,84,clip of that moment is everywhere now #SingalongChallenge,photo,4,1,0,0,0,84,en,x899724886709844254
x495000494976953407,2026-08-24T02:49:21Z,dipu52x,655,found this 42-rupee plate near the station and i'm never recovering #LateNightEats,photo,4,0,0,0,0,643,bn,
x684582981253951752,2026-08-25T09:43:43Z,farhan4107,647,NOBODY saw that result coming #UnderdogWin,video,13,3,1,0,0,494,en,
x431508930225190453,2026-08-25T10:30:44Z,kabir51407,575,clip of that moment is everywhere now #SingalongChallenge,video,7,2,0,0,0,295,en,
x872067446369391820,2026-08-25T16:36:34Z,neel85907,301,"the whole crowd singing along, chills #SingalongChallenge",none,19,1,3,0,0,235,hi,
x506862937288973183,2026-08-24T23:02:35Z,sunny494_in,2980,everyone using this audio as a template #SingalongChallenge,video,4,0,0,0,0,214,en,
x114223561326991280,24/08/2026 21:21,shreya144_in,292,ei match ta bhulte parbo na #UnderdogWin,video,0,0,0,0,0,91,en,x126440201202137986
x505849970218348816,2026-08-25T22:14:53Z,rahul705_in,335,hostel room setup part 2 #CampusHaul,photo,1,0,0,0,0,35,en,
x291582717116172566,2026-08-25T19:18:41Z,arjun351378,337,ei match ta bhulte parbo na #UnderdogWin,video,17,4,1,0,0,328,en,x993136533843592154
x666930728325422910,2026-08-25T22:50:34Z,zoya599official,189,"took it to a local shop, fixed for 1800. brand quoted 5x that #RightToRepair",photo,1,0,0,0,0,51,en,
x867172924234105895,2026-08-24T01:41:58Z,imran78,451,"this week's roundup is live, have a read #WeeklyRoundup",none,1,0,0,0,0,102,en,
x459245313673628622,2026-08-24T14:50:09Z,farhan57official,1296,"friday faves, 12 things i actually used this week #WeeklyRoundup",none,15,4,1,0,0,400,ur,
x589888836549823982,2026-08-24T06:15:32Z,tanvir40,683,is the app down for everyone or just me #ServerOutage,photo,10,2,0,0,0,451,bn,
x743739488067813503,2026-08-25T15:27:45Z,farhan592x,564,NOBODY saw that result coming #MatchNight,photo,14,2,0,0,0,310,bn,x210943244541164388
x791545648184579968,2026-08-25T14:58:47Z,anaya298x,476,biggest upset of the season easily #UnderdogWin,video,1,0,0,0,0,64,ur,
x148139080446496434,2026-08-25T11:37:32Z,vikram88759,2300,NOBODY saw that result coming #UnderdogWin,video,14,3,2,0,1,264,en,
x214748931256042200,2026-08-25T10:40:11Z,priya374x,1251,ei match ta bhulte parbo na #MatchNight,photo,42,14,4,2,4,785,en,
x278393796913465967,2026-08-25T16:37:47Z,kabir648official,1965,ei match ta bhulte parbo na #MatchNight,none,22,2,2,0,2,964,en,
x283250028964538089,2026-08-25T19:26:55Z,bina621official,862,underdogs really did that tonight #MatchNight,none,1,0,0,0,0,126,en,
x896520069791136665,2026-08-25T20:34:00Z,omar611official,932,watch party er environment ta osadharon chilo #WatchParty,photo,28,6,2,1,2,783,en,
x252415892319065291,2026-08-25T11:16:01Z,sunny417official,491,last over replay pe replay dekh raha hu #MatchNight,none,2,0,0,0,0,49,en,
x434998109489732867,2026-08-25T23:29:28Z,vikram444_in,3371,"bhai ye wala stall best hai, 58 me itna khana #LateNightEats",photo,101,8,17,3,14,2022,ur,
x683660209036397364,2026-08-25T14:42:06Z,anaya990,2032,watch party er environment ta osadharon chilo #WatchParty,video,32,7,3,0,1,1072,en,
x106185330359912507,2026-08-25T19:22:36Z,aisha357511,574,NOBODY saw that result coming #MatchNight,video,2,0,0,0,0,77,en,
x237418953129934780,2026-08-25T19:32:44Z,refundhelp307,56,refund not credited yet. @refundhelp307 fastest support #OrderIssue,photo,0,0,0,0,0,31,en,
x199681542835197203,2026-08-24T10:13:02Z,bina81_,424,"repair karana sasta hai, log samajhte nahi #RightToRepair",photo,7,1,0,0,0,335,en,
x976921444679765949,2026-08-25T15:06:53Z,anaya1039996,453,watch party er environment ta osadharon chilo #WatchParty,video,7,1,0,0,0,269,en,
x417701360004206249,2026-08-25T22:02:57Z,farhan115907,498,biggest upset of the season easily #MatchNight,none,12,1,0,0,1,322,bn,
x807812134808869119,2026-08-25T13:49:56Z,claimnow8,109,refund not credited yet. @refundhelp1 fastest support #OrderIssue,photo,0,0,0,0,0,30,en,
x655632848059329604,2026-08-25T21:09:08Z,priya306721,1077,hostel room setup part 2 #BackToCampus,none,22,6,2,0,0,1151,hi,
x613427561649313933,2026-08-25T23:03:57Z,nadia1166official,1115,underdogs really did that tonight #MatchNight,video,7,0,0,0,0,346,en,
x404991803044455959,2026-08-25T18:59:06Z,hasan93,2018,"bhai ye wala stall best hai, 18 me itna khana #StreetFoodFinds",none,34,9,1,1,4,1884,ur,x202140373329736817
x413160187683195207,2026-08-25T14:58:57Z,imran68107,409,ei match ta bhulte parbo na #UnderdogWin,none,5,1,0,0,0,118,en,
x392724792301094758,2026-08-25T19:47:42Z,rizwan29718,450,this haul format is everywhere on my feed now #CampusHaul,none,13,3,1,0,0,227,hi,
x272587175552184613,2026-08-25T14:45:58Z,vikram942_in,286,"the whole crowd singing along, chills #SingalongChallenge",video,6,1,0,0,0,204,en,
x828852137841590814,2026-08-25T21:01:58Z,sunny60_,760,queue was 40 min long and honestly worth it #LateNightEats,photo,7,1,1,0,0,351,hi,
x559983283905356873,2026-08-24T04:10:23Z,rahul11407,626,still stuck on the loading screen #ServerOutage,video,4,1,0,0,0,319,en,x781907790780540452
x589300296398011964,2026-08-25T10:53:29Z,sana109358,474,"repair karana sasta hai, log samajhte nahi #RightToRepair",photo,10,1,0,0,0,240,hi,
x410401413343833804,2026-08-25T15:46:18Z,nadia380_,491,watch party er environment ta osadharon chilo #WatchParty,photo,5,1,0,0,0,130,en,
x641227438431072680,2026-08-25T15:40:35Z,hasan65_in,480,"college list banaya hai, kuch reh gaya? #CampusHaul",photo,0,0,0,0,0,101,ur,
x121744277801833493,2026-08-25T16:54:23Z,farhan106484,762,"friday faves, 34 things i actually used this week #WeeklyRoundup",gif,19,5,1,1,1,822,en,
x548393386397964767,2026-08-25T20:49:10Z,anaya2364,1670,"ei jaygar khabar ta darun, must try #LateNightEats",none,17,5,2,1,1,197,ur,
x503086232277094279,2026-08-25T20:13:24Z,vikram121x,305,"the whole crowd singing along, chills #SingalongChallenge",video,3,0,0,0,0,112,en,
x398307558562196887,2026-08-25T18:10:42Z,hasan93,2018,"late night eats thread, adding this one to the list #LateNightEats",none,119,41,11,7,16,1375,en,
x470556973813877233,2026-08-24T12:54:01Z,arjun100x,424,"friday faves, 27 things i actually used this week #FridayFaves",none,0,0,0,0,0,50,hi,
x351874083356652030,2026-08-24T22:37:50Z,sunny63270,153,is it actually worth 58k or nah #HonestReview,video,3,0,0,0,0,108,bn,
x661733986301643601,2026-08-24T05:02:53Z,sana124_,163,is the app down for everyone or just me #ServerOutage,none,4,0,0,0,0,121,en,
x235816407761998612,2026-08-25T08:09:07Z,meera793official,103,ei match ta bhulte parbo na #UnderdogWin,video,0,0,0,0,0,43,en,
x849193231424663522,2026-08-25T10:52:56Z,meera107_in,1060,"the whole crowd singing along, chills #WatchParty",video,23,6,1,1,2,613,en,
x163330939296499021,2026-08-25T21:08:25Z,meera840official,114,NOBODY saw that result coming #UnderdogWin,video,4,0,0,0,0,68,ur,
x236382393731561251,2026-08-24T18:36:10Z,refundhelp307,56,order stuck? DM @fastsupport4_in solution guaranteed #OrderIssue,photo,0,0,0,0,0,31,ur,
x269692153622845030,2026-08-24T22:09:11Z,rizwan62_in,696,everyone using this audio as a template #WatchParty,video,8,2,0,0,0,207,hi,
x955098835222180951,2026-08-25T17:52:07Z,aisha357511,574,is the app down for everyone or just me #ServerOutage,photo,6,1,0,0,0,216,en,
x721351907264329477,2026-08-25T21:09:12Z,tanvir230x,753,hostel room setup part 2 #BackToCampus,video,23,1,2,0,0,731,en,
x706839571412085682,2026-08-25T16:29:15Z,aisha935,134,biggest upset of the season easily #UnderdogWin,none,3,0,0,0,0,65,en,
x270823724242286323,2026-08-24T22:43:59Z,farhan57official,1296,clip of that moment is everywhere now #WatchParty,video,8,1,1,0,0,777,en,x883606398400522424
x154020764574329572,2026-08-25T10:06:37Z,zoya546_,441,found this 27-rupee plate near the station and i'm never recovering #LateNightEats,photo,17,3,2,0,1,518,en,
x576368031831867146,2026-08-25T17:10:40Z,arjun488official,129,clip of that moment is everywhere now #WatchParty,video,1,0,0,0,0,47,bn,
x121998261944928601,2026-08-25T09:02:03Z,farhan59707,421,underdogs really did that tonight #UnderdogWin,video,3,0,0,0,0,226,bn,
x538483596488029137,2026-08-25T11:49:36Z,fastsupport4_in,7,"order issue solved in 10 min, DM @refundhelp1 #RefundDelay",none,0,0,0,0,0,42,hi,
x514736193253927326,25/08/2026 19:19,tanvir30207,562,watch party er environment ta osadharon chilo #SingalongChallenge,video,2,0,0,0,0,298,en,
x115222184697412555,2026-08-25T22:31:10Z,zoya861official,10501,watch party er environment ta osadharon chilo #SingalongChallenge,video,132,34,17,7,7,7688,hi,
x612180446950130086,2026-08-25T23:17:43Z,meera482,723,"bhai ye wala stall best hai, 18 me itna khana #StreetFoodFinds",photo,11,3,0,0,0,730,en,
x622727153119219225,2026-08-25T20:59:27Z,vikram942_in,286,"back to campus haul, everything under 10300 #CampusHaul",none,12,3,1,0,0,298,en,x264072790997849956
x137924703976909545,2026-08-25T13:01:48Z,bina461_in,173,watch party er environment ta osadharon chilo #SingalongChallenge,none,5,0,0,0,0,141,en,
x261372435239675771,2026-08-25T19:37:46Z,bina468_,164,why is replacing the battery cheaper than the whole phone now #RightToRepair,video,2,0,0,0,0,125,hi,
x965055216602158568,2026-08-25T10:44:01Z,dipu52x,655,"the whole crowd singing along, chills #WatchParty",video,1,0,0,0,0,58,hi,
x629394673845878021,2026-08-25T22:38:20Z,aisha416,11130,clip of that moment is everywhere now #SingalongChallenge,none,315,41,14,21,4,4108,en,x374985636234553364
x299100287789634715,2026-08-25T22:43:43Z,fastsupport4_in,7,refund pending since 48 hours. contact @helpdeskx6official for fast resolution #OrderIssue,video,0,0,0,0,0,22,hi,
x612705512526876777,2026-08-25T10:49:20Z,tara54907,150,clip of that moment is everywhere now #SingalongChallenge,video,3,0,0,0,0,153,hi,
x119791213388772428,2026-08-25T16:33:30Z,vikram180_,362,ei match ta bhulte parbo na #UnderdogWin,video,6,0,1,0,0,93,en,x108262980691709218
x299023200598491471,2026-08-25T12:33:46Z,aisha440,285,"repair karana sasta hai, log samajhte nahi #RepairNotReplace",video,10,3,0,0,0,130,ur,x651441938094875811
x322590538352410382,2026-08-25T10:39:50Z,helpdeskx6official,111,"order issue solved in 10 min, DM @fastsupport4_in #RefundDelay",none,0,0,0,0,0,122,hi,
x213854941504412824,2026-08-24T05:47:32Z,neel126official,52,underdogs really did that tonight #UnderdogWin,photo,0,0,0,0,0,30,ur,
x876020596997183828,2026-08-25T14:48:05Z,sunny633,3260,third time this week honestly #AppDown,gif,38,3,4,2,5,2686,hi,
x303678928308610163,2026-08-25T21:02:33Z,imran260_in,629,underdogs really did that tonight #MatchNight,photo,14,4,1,0,2,526,hi,
x425475835910684971,2026-08-25T17:35:16Z,arjun733official,60,clip of that moment is everywhere now #SingalongChallenge,video,0,0,0,0,0,29,en,
x244633621013199340,2026-08-25T13:52:03Z,nadia406x,206,NOBODY saw that result coming #MatchNight,video,1,0,0,0,0,80,ur,
x797521085139756988,2026-08-25T20:21:17Z,nadia1057123,233,biggest upset of the season easily #UnderdogWin,photo,10,3,1,0,0,181,en,
x838169178479325733,2026-08-25T20:58:34Z,zoya9207,407,queue was 40 min long and honestly worth it #StreetFoodFinds,photo,3,0,0,0,0,109,en,
x311524091698758830,2026-08-24T20:40:48Z,nadia324_,301,underdogs really did that tonight #MatchNight,photo,5,1,0,0,0,117,hi,
x504563838723366007,2026-08-25T16:55:22Z,farhan1049x,123,last over replay pe replay dekh raha hu #UnderdogWin,video,0,0,0,0,0,35,bn,x306748681758010675
x266514290056776650,2026-08-25T14:29:35Z,claimnow8,109,refund pending since 48 hours. contact @helpdeskx6official for fast resolution #OrderIssue,photo,0,0,0,0,0,58,en,
x379731408258643857,2026-08-25T16:47:12Z,sana182,1242,still stuck on the loading screen #AppDown,none,54,17,9,2,0,814,en,
x874428955949897632,2026-08-25T18:36:38Z,sana182,1242,"college list banaya hai, kuch reh gaya? #CampusHaul",photo,37,3,1,0,2,1203,en,x984831061274991295
x135125632600553273,2026-08-25T17:49:17Z,refundhelp307,56,refund not credited yet. @fastsupport507 fastest support #RefundDelay,video,0,0,0,0,0,31,bn,
x945871877940747257,2026-08-25T17:47:11Z,kabir56_in,557,watch party er environment ta osadharon chilo #WatchParty,photo,17,2,3,0,1,351,bn,
x365675758481589863,2026-08-25T12:09:57Z,priya84x,479,"ei jaygar khabar ta darun, must try #StreetFoodFinds",video,9,1,1,0,0,242,en,x988218668751122313
x380966004416468483,2026-08-25T14:38:06Z,imran68107,409,clip of that moment is everywhere now #WatchParty,video,18,2,1,1,1,223,en,
x879742168391336229,2026-08-25T20:14:14Z,tanvir684_in,397,[deleted],photo,0,0,0,0,0,191,hi,
x853182281195883097,2026-08-25T00:51:47Z,vikram33official,237,"spec sheet looks great, real world is mid imo #GadgetCheck",video,3,0,0,0,0,155,hi,
x442603072687928339,2026-08-25T23:29:22Z,sunny676,1293,why is replacing the battery cheaper than the whole phone now #RepairNotReplace,none,6,1,0,0,0,323,en,
x509262139132253358,2026-08-25T22:17:25Z,dipu520official,299,"repair karana sasta hai, log samajhte nahi #RepairNotReplace",none,6,0,0,0,0,190,bn,
x265217832479811354,2026-08-25T20:39:46Z,shreya303269,309,"took it to a local shop, fixed for 3400. brand quoted 5x that #RepairNotReplace",video,3,0,0,0,0,80,bn,
x198337005274919025,2026-08-25T23:16:05Z,aisha527_,487,ei match ta bhulte parbo na #UnderdogWin,none,1,0,0,0,0,241,en,
x537987768689502450,2026-08-25T15:15:25Z,fastsupport4_in,7,"order issue solved in 10 min, DM @refundhelp307 #RefundDelay",photo,0,0,0,0,0,36,en,
x364575030590030901,2026-08-24T16:46:21Z,dipu4607,1616,"late night eats thread, adding this one to the list #LateNightEats",none,16,5,3,1,0,1181,hi,
x203519350413335795,2026-08-25T16:05:05Z,meera834,344,underdogs really did that tonight #MatchNight,none,8,0,0,0,1,217,en,x924490996571835021
x753424888240903352,2026-08-25T12:51:19Z,rahul729_,215,biggest upset of the season easily #UnderdogWin,none,1,0,0,0,0,93,hi,
x816595441847972899,2026-08-25T22:26:05Z,claimnow8,109,order stuck? DM @helpdeskx6official solution guaranteed #RefundDelay,photo,0,0,0,0,0,51,en,
x766703681905600706,2026-08-25T09:52:18Z,helpdeskx2official,4,order stuck? DM @fastsupport507 solution guaranteed #RefundDelay,video,0,0,0,0,0,37,hi,
x408004183083417976,2026-08-25T11:57:11Z,rahul92607,267,NOBODY saw that result coming #UnderdogWin,photo,1,0,0,0,0,54,en,
x362589122953662762,2026-08-25T20:15:51Z,refundhelp307,56,refund pending since 48 hours. contact @refundhelp307 for fast resolution #OrderIssue,photo,0,0,0,0,0,36,hi,x899724209406876968
x174915654372010706,2026-08-25T12:16:44Z,anaya595_in,2062,ei match ta bhulte parbo na #UnderdogWin,none,23,7,4,0,1,561,en,
x536814293751536078,2026-08-25T13:31:36Z,imran987,614,"late night eats thread, adding this one to the list #LateNightEats",photo,14,3,0,0,1,190,en,
x828199526780314552,2026-08-25T08:02:03Z,jay393666,114,underdogs really did that tonight #UnderdogWin,video,1,0,0,0,0,84,en,
x462434270344895074,2026-08-25T11:34:14Z,hasan335_,168,"bhai ye wala stall best hai, 34 me itna khana #LateNightEats",photo,3,0,0,0,0,85,en,x652937197372961711
x573901116302737007,2026-08-25T19:59:01Z,jay287_in,3492,"the whole crowd singing along, chills #WatchParty",video,29,3,3,2,0,446,en,
x589332001882564915,2026-08-25T10:31:13Z,meera327792,191,"the whole crowd singing along, chills #WatchParty",video,3,0,0,0,0,135,hi,x706495910210415209
x275151449301888439,2026-08-25T14:27:20Z,rizwan670x,195,"ei jaygar khabar ta darun, must try #StreetFoodFinds",photo,6,2,0,0,0,55,en,
x740861953035225317,2026-08-25T12:15:26Z,tara784x,208,"ei jaygar khabar ta darun, must try #LateNightEats",photo,1,0,0,0,0,22,hi,
x518701112998987465,2026-08-25T18:38:21Z,dipu513713,557,clip of that moment is everywhere now #WatchParty,none,9,3,0,0,0,474,hi,
x212051959191107339,2026-08-25T22:19:19Z,sana228901,190,watch party er environment ta osadharon chilo #SingalongChallenge,photo,1,0,0,0,0,75,bn,x624694321752886430
x463455577305609049,2026-08-24T13:24:50Z,neel1807,67,"this week's roundup is live, have a read #WeeklyRoundup",none,0,0,0,0,0,26,ur,
x444232393317313798,2026-08-25T21:10:22Z,kabir776321,1290,"ei jaygar khabar ta darun, must try #StreetFoodFinds",photo,11,1,1,0,1,1440,ur,
x263125194699801869,2026-08-25T21:23:59Z,sana37507,8073,"ei jaygar khabar ta darun, must try #StreetFoodFinds",none,465,44,77,28,3,6105,en,
x172789271046272099,2026-08-25T21:14:28Z,shreya1126official,254,"back to campus haul, everything under 1200 #BackToCampus",photo,5,0,0,0,0,111,en,
x328143935140157937,2026-08-25T23:29:50Z,omar173677,510,queue was 40 min long and honestly worth it #StreetFoodFinds,photo,10,3,1,0,1,371,en,
x124550627912069934,2026-08-24T18:39:31Z,dipu194_in,1122,ei match ta bhulte parbo na #UnderdogWin,video,25,3,2,1,1,573,hi,x737970015230072195
x297551651650263822,2026-08-25T23:18:44Z,rahul24594,2270,underdogs really did that tonight #MatchNight,none,5,1,0,0,0,602,en,
x994929451482411100,2026-08-25T09:32:55Z,claimnow8,109,refund not credited yet. @fastsupport4_in fastest support #OrderIssue,photo,0,0,0,0,0,22,hi,
x779264173735745288,2026-08-24T14:05:46Z,tanvir199,3436,"back to campus haul, everything under 4200 #CampusHaul",photo,15,1,1,0,1,3154,en,
x527252730059982459,2026-08-25T20:27:52Z,omar1007,281,last over replay pe replay dekh raha hu #UnderdogWin,photo,2,0,0,0,0,,en,
x489647909460735811,2026-08-25T14:44:08Z,rizwan39507,,NOBODY saw that result coming #MatchNight,video,,3,1,0,0,,hi,
x535482541746855350,2026-08-25T15:05:11Z,aisha14007,2128,everyone using this audio as a template #WatchParty,photo,19,3,1,0,1,465,hi,
x266121941915608149,2026-08-24T23:46:46Z,vikram315official,682,"took it to a local shop, fixed for 5800. brand quoted 5x that #RightToRepair",photo,19,1,1,0,2,186,hi,
x417565702510976414,2026-08-25T23:51:40Z,anaya371x,84,queue was 40 min long and honestly worth it #StreetFoodFinds,photo,0,0,0,0,0,43,en,x458675409661536552
x706788363007644193,2026-08-25T12:40:10Z,meera535_,650,everyone using this audio as a template #WatchParty,video,15,2,1,0,0,505,en,
x123633419537460705,2026-08-25T13:48:30Z,arjun958official,1524,underdogs really did that tonight #UnderdogWin,video,25,5,2,0,3,,en,
x665241858018462433,2026-08-25T21:51:08Z,kabir12007,666,this haul format is everywhere on my feed now #CampusHaul,photo,5,0,0,0,0,535,hi,
x360025935327989870,2026-08-24T05:39:23Z,sunny90,585,"spec sheet looks great, real world is mid imo #HonestReview",none,3,0,0,0,0,182,en,
x603292267769772456,2026-08-25T21:39:32Z,dipu520official,299,hostel room setup part 2 #BackToCampus,photo,2,0,0,0,0,291,en,
x911769092664679807,2026-08-25T01:08:15Z,tanvir28589,569,shipping status change hone me kitna time lagta hai #DeliveryStatus,video,7,0,0,0,0,186,en,x701446888656778038
x659194167172902554,2026-08-25T23:50:47Z,priya34207,5682,everyone using this audio as a template #SingalongChallenge,video,34,8,5,1,0,4296,en,
x545660841643789563,2026-08-25T14:36:49Z,nadia403x,1965,found this 12-rupee plate near the station and i'm never recovering #StreetFoodFinds,none,18,3,2,0,2,1344,bn,
x869325015432076877,2026-08-25T23:51:33Z,hasan638_,2002,this haul format is everywhere on my feed now #CampusHaul,photo,15,3,1,1,0,340,en,
x786575391960832726,2026-08-24T20:36:57Z,bina461_in,173,everyone using this audio as a template #WatchParty,none,3,0,0,0,0,140,en,
x582065707017747612,2026-08-25T18:28:27Z,aisha440,285,watch party er environment ta osadharon chilo #WatchParty,none,,0,0,0,0,,en,
x197077023244563792,2026-08-24T05:44:55Z,rizwan62_in,696,third time this week honestly #AppDown,none,23,6,4,1,3,467,en,
x344954707928180481,2026-08-25T23:38:44Z,helpdeskx7x,14,order stuck? DM @refundhelp1 solution guaranteed #OrderIssue,video,0,0,0,0,0,28,en,
x604008719350588660,2026-08-24T08:35:51Z,dipu102x,726,third time this week honestly #AppDown,none,8,0,1,0,0,299,ur,
x230592506169371929,2026-08-25T14:01:01Z,kabir778x,2994,everyone using this audio as a template #WatchParty,video,24,4,2,1,1,2027,ur,
x612887826443290260,2026-08-25T08:59:30Z,aisha13x,206,queue was 40 min long and honestly worth it #LateNightEats,photo,3,0,0,0,0,134,ur,
x291670364803203121,2026-08-25T15:14:28Z,bina836_in,195,NOBODY saw that result coming #MatchNight,video,6,0,0,0,0,239,hi,
x501788974671610156,2026-08-25T09:38:05Z,rizwan39507,483,clip of that moment is everywhere now #SingalongChallenge,video,9,2,0,0,0,416,hi,
x404280006366585023,2026-08-25T08:51:04Z,dipu510_in,546,everyone using this audio as a template #SingalongChallenge,photo,8,0,0,0,1,153,en,
x392340117672623570,2026-08-24T21:07:33Z,sunny421_in,88,"the whole crowd singing along, chills #SingalongChallenge",video,0,0,0,0,0,,hi,
x153858252426744412,25/08/2026 12:47,nadia388472,1087,"ei jaygar khabar ta darun, must try #StreetFoodFinds",video,36,3,6,0,3,559,en,
x108021957799531549,2026-08-24T13:27:02Z,sana353official,475,last over replay pe replay dekh raha hu #MatchNight,none,7,1,1,0,0,443,en,
x810005221305635309,2026-08-25T01:39:57Z,dipu71official,60,ei match ta bhulte parbo na #MatchNight,photo,0,0,0,0,0,69,hi,
x352964613572816447,2026-08-25T23:10:48Z,refundhelp307,56,refund not credited yet. @refundhelp1 fastest support #RefundDelay,video,0,0,0,0,0,39,hi,
x989587418454503815,2026-08-25T14:59:57Z,kabir821_,263,underdogs really did that tonight #UnderdogWin,none,0,0,0,0,0,27,en,
x828048152819929827,2026-08-25T21:06:38Z,sunny1071x,160,everyone using this audio as a template #SingalongChallenge,video,2,0,0,0,0,100,en,
x897164019590834185,2026-08-25T13:05:30Z,dipu975_in,1812,"genuinely good thread on repairability scores, worth a read #RepairNotReplace",none,47,10,8,1,4,2052,en,
x545227094075528135,2026-08-25T14:36:30Z,arjun814_,126,clip of that moment is everywhere now #WatchParty,video,5,0,0,0,0,142,en,
x436786606359248730,2026-08-25T20:18:47Z,sunny589652,683,biggest upset of the season easily #UnderdogWin,none,36,9,2,2,4,697,hi,
x685147636945868957,2026-08-25T22:00:10Z,hasan93,2018,"repair karana sasta hai, log samajhte nahi #RightToRepair",photo,74,8,6,0,10,1689,hi,
x201740883297756337,2026-08-25T19:44:53Z,omar73,538,found this 58-rupee plate near the station and i'm never recovering #LateNightEats,photo,5,1,0,0,0,297,hi,
x247030820187404455,2026-08-25T15:03:18Z,kabir398948,82,"late night eats thread, adding this one to the list #StreetFoodFinds",photo,0,0,0,0,0,72,en,
x112296870122379097,2026-08-25T12:26:32Z,aisha604x,85,"ei jaygar khabar ta darun, must try #LateNightEats",photo,2,0,0,0,0,68,en,
x701376402713670445,2026-08-25T00:07:04Z,dipu72official,353,found this 103-rupee plate near the station and i'm never recovering #StreetFoodFinds,none,2,0,0,0,0,198,en,
x644717431513081442,2026-08-25T14:24:54Z,vikram500,433,found this 103-rupee plate near the station and i'm never recovering #StreetFoodFinds,photo,17,1,0,0,1,259,bn,
x133744881312926929,2026-08-25T21:25:55Z,priya150,270,why is replacing the battery cheaper than the whole phone now #RepairNotReplace,video,13,2,0,0,0,242,en,
x889048944976503972,2026-08-25T15:27:03Z,tanvir579854,392,everyone using this audio as a template #SingalongChallenge,photo,12,1,2,0,0,373,bn,x411952782648961874
x109435403149558608,2026-08-25T18:01:28Z,vikram315official,682,last over replay pe replay dekh raha hu #UnderdogWin,none,23,5,4,0,1,382,ur,
x311012632471257487,2026-08-25T20:33:56Z,kabir366x,64,NOBODY saw that result coming #UnderdogWin,video,1,0,0,0,0,41,en,x278981595526908427
x171095928476244393,2026-08-25T23:51:57Z,imran610_in,1689,"late night eats thread, adding this one to the list #LateNightEats",photo,27,1,0,0,0,578,en,x342689967681629029
x722066145202506450,2026-08-25T11:38:55Z,meera435332,136,"repair karana sasta hai, log samajhte nahi #RepairNotReplace",photo,0,0,0,0,0,27,en,
x988563662137702732,2026-08-25T09:48:30Z,dipu12_,679,NOBODY saw that result coming #MatchNight,video,30,5,1,1,2,659,ur,
x645097936629567340,2026-08-24T21:31:39Z,tanvir464,2146,queue was 40 min long and honestly worth it #StreetFoodFinds,none,7,1,0,0,0,171,en,
x315939858777713134,2026-08-24T00:31:50Z,meera2207,140,watch party er environment ta osadharon chilo #SingalongChallenge,none,0,0,0,0,0,38,bn,
x925067869328660012,2026-08-25T15:35:21Z,neel1807,67,still stuck on the loading screen #ServerOutage,photo,1,0,0,0,0,52,ur,x940532484782452748
x882193910117014601,2026-08-25T08:07:51Z,sunny60307,858,ei match ta bhulte parbo na #UnderdogWin,video,11,3,0,0,1,459,en,
x896236888052685615,2026-08-25T16:12:10Z,vikram1040_,1566,queue was 40 min long and honestly worth it #LateNightEats,photo,69,8,12,4,6,1317,en,
x953416338346547637,2026-08-25T18:25:46Z,kabir961_in,4253,clip of that moment is everywhere now #WatchParty,photo,74,10,7,4,2,1595,en,
x444970195638369754,2026-08-25T23:23:57Z,fastsupport507,133,order stuck? DM @helpdeskx7x solution guaranteed #RefundDelay,photo,0,0,0,0,0,66,en,
x909775696782337231,2026-08-25T21:03:10Z,dipu483_,637,clip of that moment is everywhere now #WatchParty,video,36,11,2,2,4,494,en,
x883672429858831243,2026-08-25T10:07:26Z,tanvir512_,165,biggest upset of the season easily #MatchNight,video,1,0,0,0,0,108,en,
x399245367762767891,2026-08-24T04:11:21Z,sana122official,525,anyone know how long the update usually takes? #DeliveryStatus,none,5,1,0,0,0,556,en,x177309472820248682
x195247814368164440,2026-08-25T14:38:49Z,meera544official,391,"genuinely good thread on repairability scores, worth a read #RightToRepair",none,13,2,1,0,0,452,en,
x511035720528199187,2026-08-25T21:31:35Z,zoya9207,407,"bhai ye wala stall best hai, 58 me itna khana #LateNightEats",none,1,0,0,0,0,159,en,
x765199141369712725,2026-08-25T13:52:53Z,vikram550official,789,everyone using this audio as a template #WatchParty,video,12,1,1,0,1,320,bn,
x680697127997502298,2026-08-25T16:06:57Z,jay164536,473,is the app down for everyone or just me #ServerOutage,none,3,0,0,0,0,95,en,x433622161270021430
x419740889268100178,2026-08-25T20:02:44Z,hasan165_,290,"the whole crowd singing along, chills #SingalongChallenge",photo,3,0,0,0,0,155,hi,
x207086821033846755,2026-08-25T12:10:10Z,tanvir464,2146,"the whole crowd singing along, chills #SingalongChallenge",video,80,21,1,3,5,1969,en,x229687057658880182
x629121887024817806,2026-08-25T01:18:03Z,arjun390_in,384,watch party er environment ta osadharon chilo #SingalongChallenge,video,8,0,0,0,0,244,ur,
x588918851182730696,2026-08-25T13:41:13Z,shreya980official,210,everyone using this audio as a template #SingalongChallenge,video,3,0,0,0,0,105,en,
x764000114330990632,2026-08-25T20:31:45Z,shreya261x,1519,clip of that moment is everywhere now #SingalongChallenge,video,32,9,5,2,2,973,ur,
x611807238527451884,2026-08-25T12:50:54Z,kabir326524,600,"bhai ye wala stall best hai, 18 me itna khana #StreetFoodFinds",photo,8,1,1,0,0,276,en,
x885982394062229047,2026-08-24T19:08:12Z,helpdeskx2official,4,refund pending since 48 hours. contact @fastsupport507 for fast resolution #OrderIssue,none,0,0,0,0,0,23,en,
x763635462884838619,2026-08-25T01:57:52Z,anaya4507,101,underdogs really did that tonight #UnderdogWin,none,1,0,0,0,0,30,hi,
x617951450552450338,2026-08-25T20:41:39Z,arjun1163official,234,"the whole crowd singing along, chills #SingalongChallenge",video,6,1,0,0,0,145,hi,x610149742376421772
x467108518426247934,2026-08-25T17:53:41Z,helpdeskx7x,14,refund pending since 48 hours. contact @helpdeskx7x for fast resolution #RefundDelay,none,0,0,0,0,0,27,bn,
x195213767221076095,2026-08-25T21:50:59Z,neel927official,484,"college list banaya hai, kuch reh gaya? #BackToCampus",none,24,6,1,1,2,216,hi,
x279453157403953074,2026-08-25T08:28:14Z,kabir564,763,"back to campus haul, everything under 1800 #CampusHaul",video,2,0,0,0,0,46,hi,x127440591954212483
x249708849785712800,2026-08-25T14:01:43Z,imran145_in,138,everyone using this audio as a template #SingalongChallenge,video,2,0,0,0,0,56,hi,
x754424594214659482,2026-08-25T08:49:12Z,kabir776321,1290,found this 103-rupee plate near the station and i'm never recovering #LateNightEats,none,51,4,4,2,6,680,ur,
x591226501446962823,2026-08-24T17:53:51Z,helpdeskx6official,111,refund not credited yet. @fastsupport0_in fastest support #OrderIssue,none,0,0,0,0,0,65,bn,
x225490020706510452,2026-08-25T13:41:32Z,vikram112official,183,"this week's roundup is live, have a read #FridayFaves",none,1,0,0,0,0,120,hi,
x243289986276069768,2026-08-25T17:24:44Z,dipu787official,107,"ei jaygar khabar ta darun, must try #LateNightEats",photo,1,0,0,0,0,53,bn,
x522624255289098560,2026-08-24T03:44:45Z,rizwan86,593,is it actually worth 34k or nah #HonestReview,none,8,1,1,0,0,220,ur,
x205727387113510008,2026-08-25T19:04:47Z,tanvir319official,1664,found this 27-rupee plate near the station and i'm never recovering #StreetFoodFinds,photo,72,4,8,2,9,969,hi,
x433483667546184140,2026-08-25T21:55:36Z,meera116407,91,underdogs really did that tonight #UnderdogWin,photo,2,0,0,0,0,26,ur,x544723777087279934
x135219968567856410,2026-08-25T16:38:08Z,jay161official,887,watch party er environment ta osadharon chilo #WatchParty,video,36,4,0,1,3,867,en,x216182459479524082
x944211163383738646,2026-08-25T12:11:40Z,imran51_,151,last over replay pe replay dekh raha hu #UnderdogWin,video,3,0,0,0,0,121,bn,
x450744284971124545,2026-08-25T16:17:34Z,rahul680,1226,found this 18-rupee plate near the station and i'm never recovering #LateNightEats,photo,27,4,1,1,3,531,hi,
x643407800726859312,2026-08-25T14:59:49Z,kabir366x,64,"bhai ye wala stall best hai, 103 me itna khana #LateNightEats",photo,2,0,0,0,0,,hi,
x499563257646144193,2026-08-25T17:25:53Z,vikram88759,2300,found this 18-rupee plate near the station and i'm never recovering #StreetFoodFinds,photo,10,3,0,0,0,338,en,
x699644848609037823,2026-08-25T14:20:45Z,vikram587,981,"bhai ye wala stall best hai, 18 me itna khana #StreetFoodFinds",none,34,6,4,0,0,524,en,
x817660754973194087,2026-08-25T21:26:33Z,fastsupport4_in,7,refund pending since 48 hours. contact @refundhelp1 for fast resolution #RefundDelay,none,0,0,0,0,0,22,en,
x376884485132487093,2026-08-25T17:24:49Z,sunny208,1539,"genuinely good thread on repairability scores, worth a read #RightToRepair",none,68,9,5,4,5,1028,en,
x308480028271928229,2026-08-25T13:46:27Z,zoya701933,394,"the whole crowd singing along, chills #WatchParty",video,6,0,0,0,0,90,en,
x860307441561575944,2026-08-25T16:58:56Z,rizwan826_in,575,watch party er environment ta osadharon chilo #SingalongChallenge,video,4,1,0,0,0,359,hi,x199187672094000767
x777787833010039014,2026-08-25T23:21:13Z,arjun244x,430,"bhai ye wala stall best hai, 103 me itna khana #StreetFoodFinds",photo,17,2,3,1,1,263,en,
x796634043782567947,2026-08-25T21:57:33Z,imran1157907,226,found this 18-rupee plate near the station and i'm never recovering #StreetFoodFinds,none,4,1,0,0,0,71,hi,
x407439629663395345,2026-08-25T09:53:48Z,neel32079,248,"parts pairing is the real problem, not the screws #RightToRepair",photo,1,0,0,0,0,39,hi,
x310887211274006522,2026-08-25T21:42:49Z,priya1181_,237,watch party er environment ta osadharon chilo #SingalongChallenge,photo,2,0,0,0,0,31,en,x481458388550213510
x621695288152664237,2026-08-24T14:15:43Z,neel1807,67,NOBODY saw that result coming #MatchNight,none,0,0,0,0,0,28,en,
x498894868238821043,2026-08-25T15:05:34Z,tara784x,208,underdogs really did that tonight #MatchNight,none,1,0,0,0,0,32,en,
x925137473003925178,2026-08-25T09:21:43Z,sunny589652,683,clip of that moment is everywhere now #SingalongChallenge,video,4,0,0,0,0,254,en,
x227514329037139792,2026-08-24T23:21:55Z,sunny60_,760,everyone using this audio as a template #WatchParty,video,5,0,0,0,0,343,hi,
x851443419995285437,2026-08-25T18:27:29Z,farhan57official,1296,this haul format is everywhere on my feed now #BackToCampus,none,28,1,0,1,3,521,en,
x114802711205476556,2026-08-25T11:38:07Z,tanvir512_,165,clip of that moment is everywhere now #SingalongChallenge,video,1,0,0,0,0,79,en,
x205144561312964612,2026-08-25T00:13:45Z,arjun411official,1197,underdogs really did that tonight #UnderdogWin,photo,15,1,2,0,1,539,en,
x128828037689182986,2026-08-25T21:51:48Z,fastsupport4_in,7,"order issue solved in 10 min, DM @helpdeskx2official #OrderIssue",none,0,0,0,0,0,30,hi,
x571059230118963130,2026-08-25T16:07:57Z,rizwan694_,389,"took it to a local shop, fixed for 4200. brand quoted 5x that #RepairNotReplace",none,1,0,0,0,0,153,bn,
x393185677766153481,2026-08-25T01:20:13Z,arjun673585,231,"genuinely good thread on repairability scores, worth a read #RepairNotReplace",none,0,0,0,0,0,28,en,
x462932049426849342,2026-08-25T20:21:23Z,claimnow8,109,"order issue solved in 10 min, DM @helpdeskx7x #OrderIssue",photo,0,0,0,0,0,58,en,
x694455198530026069,2026-08-24T07:45:22Z,meera13529,3158,"ok it's a regional thing, not a full outage #AppDown",none,33,7,1,1,0,1821,hi,
x250735530182835404,2026-08-25T10:09:50Z,priya372_,392,"ei jaygar khabar ta darun, must try #StreetFoodFinds",photo,3,0,0,0,0,115,bn,
x667777022628414427,2026-08-24T09:57:40Z,helpdeskx7x,14,order stuck? DM @helpdeskx2official solution guaranteed #OrderIssue,photo,0,0,0,0,0,32,hi,x111455117706767056
x356718109259639332,2026-08-25T19:01:08Z,vikram3142,466,underdogs really did that tonight #MatchNight,video,4,0,0,0,0,209,en,
x866908269883701007,2026-08-24T12:41:36Z,arjun169,653,hostel room setup part 2 #BackToCampus,photo,3,0,0,0,0,77,en,
x835097924381644465,2026-08-24T23:13:40Z,imran613_,591,"the whole crowd singing along, chills #WatchParty",none,2,0,0,0,0,360,hi,x502146377539793013
x367069850918422645,2026-08-25T23:45:39Z,omar528official,260,"false alarm apparently, working again on my end #ServerOutage",video,18,2,1,0,2,207,en,
x170352314131513927,2026-08-25T22:24:28Z,omar552797,511,clip of that moment is everywhere now #SingalongChallenge,none,14,4,1,0,0,185,hi,
x650831284768312469,2026-08-25T18:58:39Z,helpdeskx6official,111,refund not credited yet. @fastsupport0_in fastest support #RefundDelay,none,0,0,0,0,0,22,en,
x641543402525679150,2026-08-25T11:20:14Z,imran613_,591,last over replay pe replay dekh raha hu #MatchNight,video,1,0,0,0,0,118,en,
x454223779999075601,2026-08-25T11:57:43Z,imran905806,691,clip of that moment is everywhere now #WatchParty,photo,15,2,1,0,1,390,bn,
x105441283703987778,2026-08-25T17:20:24Z,neel675_in,115,"ei jaygar khabar ta darun, must try #LateNightEats",photo,4,0,0,0,0,61,en,
x990274187470074350,2026-08-25T00:33:36Z,zoya38official,307,made it into the roundup somehow #WeeklyRoundup,photo,2,0,0,0,0,98,hi,x896347534996121359
x866610900655400340,2026-08-25T11:41:29Z,kabir428,,underdogs really did that tonight #UnderdogWin,video,,0,0,0,0,,en,
x451659003855792098,2026-08-25T12:16:17Z,fastsupport4_in,7,order stuck? DM @helpdeskx7x solution guaranteed #RefundDelay,photo,0,0,0,0,0,41,bn,
x629997377830618491,2026-08-25T09:12:24Z,hasan789_,922,watch party er environment ta osadharon chilo #SingalongChallenge,video,23,4,3,0,1,560,en,x465182597821779189
x127901038879633716,2026-08-25T18:34:53Z,zoya58official,3147,"parts pairing is the real problem, not the screws #RepairNotReplace",video,104,19,2,4,1,1649,bn,
x729432579055129040,2026-08-25T18:08:08Z,anaya809_,964,last over replay pe replay dekh raha hu #UnderdogWin,photo,26,1,1,1,2,309,en,
x727659290705728023,2026-08-25T19:27:36Z,refundhelp307,56,refund not credited yet. @fastsupport507 fastest support #RefundDelay,photo,0,0,0,0,0,48,en,
x762581525623136189,2026-08-24T06:55:46Z,jay118_,1840,is it actually worth 18k or nah #HonestReview,photo,3,0,0,0,0,182,en,
x584801159488324901,2026-08-25T08:22:54Z,shreya162x,3036,last over replay pe replay dekh raha hu #MatchNight,video,30,4,3,0,3,977,hi,
x579132597808210694,2026-08-25T22:52:58Z,arjun103_in,7954,found this 27-rupee plate near the station and i'm never recovering #LateNightEats,none,57,10,7,0,6,2921,en,x658765800312534144
x700085845721500177,2026-08-25T10:13:20Z,hasan68607,2211,ei match ta bhulte parbo na #UnderdogWin,video,14,4,0,0,1,540,en,
x551374610538312504,2026-08-24T05:47:06Z,vikram88759,2300,why is replacing the battery cheaper than the whole phone now #RightToRepair,photo,5,1,0,0,0,707,en,
x479160614286533091,2026-08-25T21:43:40Z,priya98907,1163,"ei jaygar khabar ta darun, must try #StreetFoodFinds",photo,25,2,4,1,0,609,en,
x911923515295272915,2026-08-25T11:45:33Z,helpdeskx7x,14,refund pending since 48 hours. contact @refundhelp1 for fast resolution #OrderIssue,none,0,0,0,0,0,36,en,
x647441706193548538,2026-08-25T19:01:24Z,jay67_in,2246,is the app down for everyone or just me #ServerOutage,photo,40,6,1,2,1,1720,bn,x582751773460854509
x422685309838829582,2026-08-25T10:24:29Z,refundhelp1,15,refund not credited yet. @helpdeskx2official fastest support #OrderIssue,video,0,0,0,0,0,31,en,
x802477923853477218,2026-08-25T22:52:14Z,bina940x,960,"college list banaya hai, kuch reh gaya? #CampusHaul",video,7,0,1,0,0,319,hi,
x327166903299077990,2026-08-25T16:48:10Z,anaya1029x,124,"bhai ye wala stall best hai, 58 me itna khana #StreetFoodFinds",photo,4,0,0,0,0,109,ur,
x500386913306667270,2026-08-25T20:48:43Z,omar951x,2165,watch party er environment ta osadharon chilo #SingalongChallenge,none,83,25,16,2,5,1849,ur,
x836528937551442842,2026-08-25T11:19:59Z,sana664937,7898,"late night eats thread, adding this one to the list #LateNightEats",none,86,6,3,4,9,3858,en,x405514094904482960
x252592082816900677,2026-08-25T19:36:29Z,refundhelp1,15,order stuck? DM @helpdeskx6official solution guaranteed #OrderIssue,photo,0,0,0,0,0,23,hi,
x323474255162736525,2026-08-24T11:35:34Z,sana43719,656,ei match ta bhulte parbo na #MatchNight,photo,10,2,0,0,0,494,bn,
x548872076341419389,2026-08-24T03:06:29Z,tara70_in,1266,honest review after two weeks of daily use #HonestReview,none,5,0,0,0,0,333,en,
x859540367848132478,2026-08-25T16:15:42Z,sana436official,569,watch party er environment ta osadharon chilo #SingalongChallenge,video,3,0,0,0,0,149,bn,
x693382921722188272,2026-08-25T14:46:50Z,meera430390,568,last over replay pe replay dekh raha hu #UnderdogWin,none,24,3,2,0,2,339,en,
x996802167577102871,2026-08-25T15:58:43Z,neel1024official,57,"ei jaygar khabar ta darun, must try #LateNightEats",photo,2,0,0,0,0,27,en,
x999671479240279211,2026-08-25T12:51:31Z,sunny676,1293,"the whole crowd singing along, chills #WatchParty",video,15,1,2,0,1,691,en,
x860836888103329791,2026-08-25T22:38:09Z,imran1036official,694,biggest upset of the season easily #UnderdogWin,video,17,5,2,0,1,360,en,
x688734887271559608,2026-08-25T13:04:12Z,farhan197x,1736,found this 18-rupee plate near the station and i'm never recovering #LateNightEats,photo,5,1,0,0,0,356,en,
x117490600671739435,2026-08-25T20:44:42Z,jay27_,323,"back to campus haul, everything under 10300 #CampusHaul",photo,8,1,1,0,0,255,hi,
x666991155497258609,2026-08-25T18:59:31Z,zoya100407,922,"late night eats thread, adding this one to the list #StreetFoodFinds",none,16,5,1,1,2,527,hi,
x256459725266048033,2026-08-25T23:30:54Z,rahul635_,485,underdogs really did that tonight #UnderdogWin,video,16,4,2,0,0,266,hi,
x949554551928477848,2026-08-25T20:18:42Z,kabir398948,82,NOBODY saw that result coming #UnderdogWin,video,2,0,0,0,0,43,hi,
x514666937655971285,2026-08-25T11:29:33Z,kabir918,330,watch party er environment ta osadharon chilo #WatchParty,photo,2,0,0,0,0,35,hi,
x835242547553061972,2026-08-25T13:02:05Z,zoya434official,184,NOBODY saw that result coming #UnderdogWin,photo,1,0,0,0,0,100,en,
x640507103889137712,2026-08-25T10:28:38Z,meera690,466,"genuinely good thread on repairability scores, worth a read #RightToRepair",none,9,3,1,0,0,395,en,
x310654934314040505,2026-08-25T08:52:58Z,omar4407,2871,"ei jaygar khabar ta darun, must try #StreetFoodFinds",video,5,0,0,0,0,266,en,
x961886867422279920,2026-08-25T22:15:28Z,imran51_,151,"late night eats thread, adding this one to the list #LateNightEats",photo,9,1,0,0,0,,ur,
x599102752485289588,2026-08-25T19:36:37Z,vikram666_,647,clip of that moment is everywhere now #WatchParty,photo,10,1,1,0,1,273,en,
x419264223477965471,2026-08-25T22:18:39Z,sunny633,3260,everyone using this audio as a template #WatchParty,video,26,1,2,0,1,1488,bn,
x457015032569305303,2026-08-24T22:23:20Z,rahul518x,249,last over replay pe replay dekh raha hu #UnderdogWin,video,2,0,0,0,0,243,en,
x882515003758951145,2026-08-25T16:21:20Z,shreya584official,455,clip of that moment is everywhere now #SingalongChallenge,photo,7,1,1,0,0,322,hi,
x957028120765504303,2026-08-25T21:46:37Z,kabir432,232,"ei jaygar khabar ta darun, must try #StreetFoodFinds",video,2,0,0,0,0,93,en,
x375074371359174813,2026-08-25T19:22:37Z,vikram85807,1770,hostel room setup part 2 #BackToCampus,photo,34,10,3,1,0,496,en,
x583959578132275295,2026-08-24T17:48:35Z,zoya237985,542,watch party er environment ta osadharon chilo #SingalongChallenge,photo,4,0,0,0,0,499,en,
x336065246803316776,2026-08-24T19:35:36Z,imran481_in,580,"late night eats thread, adding this one to the list #StreetFoodFinds",photo,21,6,3,1,1,424,en,
x852683443079232761,2026-08-25T15:12:13Z,helpdeskx2official,4,"order issue solved in 10 min, DM @fastsupport4_in #RefundDelay",none,0,0,0,0,0,,en,
x482736225730667991,2026-08-25T18:08:54Z,dipu281official,174,NOBODY saw that result coming #MatchNight,photo,1,0,0,0,0,22,bn,x706098984657701143
x314975282840803274,2026-08-25T19:35:34Z,meera36195,5174,NOBODY saw that result coming #UnderdogWin,none,164,10,6,2,9,4827,ur,
x532297501931733454,2026-08-25T23:41:05Z,rahul647x,348,this haul format is everywhere on my feed now #CampusHaul,video,2,0,0,0,0,43,hi,
x259610645063966586,2026-08-25T14:48:54Z,meera296,771,"the whole crowd singing along, chills #SingalongChallenge",photo,2,0,0,0,0,191,hi,x981490771625291310
x262014772667726244,2026-08-25T17:04:25Z,dipu71official,60,"took it to a local shop, fixed for 3400. brand quoted 5x that #RightToRepair",none,1,0,0,0,0,54,en,
x151465362330352066,2026-08-25T15:24:54Z,meera407official,1519,NOBODY saw that result coming #MatchNight,video,15,1,0,0,0,415,en,x317383535299506718
x756601589681750936,2026-08-25T21:23:22Z,farhan42783,181,why is replacing the battery cheaper than the whole phone now #RepairNotReplace,photo,2,0,0,0,0,22,en,
x387215326709462350,2026-08-25T20:12:12Z,omar486,100,NOBODY saw that result coming #MatchNight,video,0,0,0,0,0,37,en,x978836786013501443
x504176038369794063,2026-08-24T19:13:36Z,rizwan345_,126,clip of that moment is everywhere now #WatchParty,none,5,0,0,0,0,83,en,
x191720195852437741,2026-08-25T21:37:41Z,meera920_,1694,ei match ta bhulte parbo na #MatchNight,photo,19,2,1,0,0,696,hi,x563750543990011393
x881191353766881770,2026-08-25T14:48:42Z,omar4407,2871,underdogs really did that tonight #UnderdogWin,none,48,3,3,1,5,859,en,
x555704968578015615,2026-08-24T15:31:52Z,tara17,355,NOBODY saw that result coming #UnderdogWin,video,1,0,0,0,0,53,en,
x151343557015886673,2026-08-25T17:27:09Z,hasan65_in,480,watch party er environment ta osadharon chilo #WatchParty,video,1,0,0,0,0,109,hi,
x616329730418943473,2026-08-25T16:42:53Z,neel477275,72,watch party er environment ta osadharon chilo #SingalongChallenge,video,1,0,0,0,0,31,en,
x474939831132538341,2026-08-25T19:11:05Z,shreya299official,640,"took it to a local shop, fixed for 4200. brand quoted 5x that #RightToRepair",none,5,1,0,0,0,394,en,x370493394402074648
x298796640119197985,2026-08-25T16:12:41Z,dipu667x,774,"took it to a local shop, fixed for 3400. brand quoted 5x that #RightToRepair",none,15,2,0,0,1,370,en,
x808831758668768603,2026-08-25T13:52:24Z,jay196,1565,watch party er environment ta osadharon chilo #WatchParty,video,3,0,0,0,0,148,en,
x314009299067070547,2026-08-25T20:58:31Z,kabir108207,463,"bhai ye wala stall best hai, 12 me itna khana #StreetFoodFinds",photo,11,2,1,0,0,207,en,
x840160893843483494,2026-08-25T21:58:05Z,shreya303269,309,"late night eats thread, adding this one to the list #LateNightEats",photo,3,0,0,0,0,179,en,
x933698903095604597,2026-08-25T12:40:40Z,priya637_in,1486,"college list banaya hai, kuch reh gaya? #BackToCampus",photo,4,1,0,0,0,218,en,
x713956954690147905,2026-08-25T17:33:19Z,neel927official,484,biggest upset of the season easily #UnderdogWin,photo,6,1,0,0,0,423,en,
x168716366898556764,2026-08-25T23:00:44Z,shreya764648,474,queue was 40 min long and honestly worth it #StreetFoodFinds,none,10,2,0,0,0,240,en,x214455750215021851
x807546248199337434,2026-08-25T08:16:17Z,helpdeskx7x,14,refund not credited yet. @helpdeskx7x fastest support #RefundDelay,none,0,0,0,0,0,23,hi,
x611238762844383543,2026-08-25T17:16:24Z,meera136_in,557,"the whole crowd singing along, chills #SingalongChallenge",video,19,1,3,1,1,436,en,x725889971792941553
x956171417003635880,2026-08-25T16:05:56Z,helpdeskx2official,4,refund pending since 48 hours. contact @claimnow8 for fast resolution #OrderIssue,none,0,0,0,0,0,40,en,
x649645337913786508,2026-08-25T18:44:40Z,rizwan336425,2621,"late night eats thread, adding this one to the list #LateNightEats",video,17,2,2,0,1,233,en,x817925856237316891
x763955165322646997,2026-08-25T16:03:31Z,arjun244x,430,ei match ta bhulte parbo na #MatchNight,video,6,1,0,0,0,143,hi,
x451654949666982057,2026-08-25T21:29:34Z,rahul647x,348,watch party er environment ta osadharon chilo #SingalongChallenge,video,10,2,0,0,0,284,en,
x692643978955199100,2026-08-25T16:20:18Z,kabir769_in,276,clip of that moment is everywhere now #WatchParty,video,0,0,0,0,0,33,en,
x267042517513182902,2026-08-25T14:24:14Z,kabir56_in,557,"repair karana sasta hai, log samajhte nahi #RepairNotReplace",photo,25,7,4,0,1,402,en,
x798039950872311581,2026-08-25T08:11:04Z,anaya21807,223,"parts pairing is the real problem, not the screws #RightToRepair",none,8,1,0,0,0,148,en,
x913738625431396845,2026-08-25T17:38:28Z,nadia476301,149,biggest upset of the season easily #MatchNight,photo,3,0,0,0,0,130,en,
x980482249871324458,2026-08-25T11:13:41Z,nadia860official,502,ei match ta bhulte parbo na #MatchNight,video,1,0,0,0,0,50,hi,
x504563838723366007,2026-08-25T16:55:22Z,farhan1049x,123,last over replay pe replay dekh raha hu #UnderdogWin,video,0,0,0,0,0,35,bn,x306748681758010675
x884385884069631400,2026-08-25T10:03:05Z,rahul677,251,found this 34-rupee plate near the station and i'm never recovering #LateNightEats,photo,3,0,0,0,0,108,en,
x240942428394463991,2026-08-25T16:41:48Z,nadia1061_,391,everyone using this audio as a template #SingalongChallenge,photo,0,0,0,0,0,53,en,
x853626470788367448,2026-08-24T15:49:16Z,helpdeskx7x,14,"order issue solved in 10 min, DM @refundhelp1 #OrderIssue",video,0,0,0,0,0,41,en,
x610812898965630206,2026-08-25T18:20:03Z,tanvir709x,1322,"the whole crowd singing along, chills #SingalongChallenge",photo,24,2,0,0,2,387,bn,
x633862541082332648,2026-08-25T16:32:28Z,tanvir803official,679,this haul format is everywhere on my feed now #CampusHaul,photo,3,0,0,0,0,119,hi,
x279201047862469297,2026-08-24T14:39:03Z,techtakes_official,2140000,is it actually worth 18k or nah #GadgetCheck,photo,16838,4015,563,888,2264,1420769,bn,
x735272596907823808,2026-08-25T21:28:32Z,rahul833,160,this haul format is everywhere on my feed now #CampusHaul,photo,3,0,0,0,0,101,hi,
x985494182421421055,2026-08-25T16:25:42Z,rizwan367_in,119,ei match ta bhulte parbo na #UnderdogWin,video,1,0,0,0,0,82,en,
x371938209437515393,2026-08-25T14:41:34Z,jay164536,473,"bhai ye wala stall best hai, 12 me itna khana #LateNightEats",video,35,6,5,2,4,415,en,
x310700232094739117,2026-08-25T08:32:12Z,farhan213x,53,found this 34-rupee plate near the station and i'm never recovering #LateNightEats,none,1,0,0,0,0,27,en,
x509086363435630938,2026-08-25T23:48:28Z,tara1055_,377,found this 18-rupee plate near the station and i'm never recovering #LateNightEats,none,6,1,0,0,0,,bn,
x307548847611039471,2026-08-25T20:50:04Z,vikram3707,1664,is it actually worth 34k or nah #GadgetCheck,none,2,0,0,0,0,740,hi,x644128193134203500
x932757978835102265,2026-08-25T22:29:28Z,sunny471_,262,why is replacing the battery cheaper than the whole phone now #RightToRepair,photo,2,0,0,0,0,113,en,
x262188218545707915,2026-08-25T22:14:08Z,priya383,160,is the app down for everyone or just me #ServerOutage,video,1,0,0,0,0,147,en,
x683280009806850862,2026-08-24T12:29:18Z,omar10_in,1057,clip of that moment is everywhere now #SingalongChallenge,video,8,1,0,0,0,466,bn,
x604963862177959650,2026-08-25T19:07:18Z,bina12807,80,clip of that moment is everywhere now #SingalongChallenge,photo,3,0,0,0,0,77,hi,
x363318650455284177,2026-08-25T20:40:53Z,kabir1059_,1664,why is replacing the battery cheaper than the whole phone now #RightToRepair,video,6,1,1,0,0,258,hi,
x513216947062985780,2026-08-25T21:16:55Z,sunny1012x,433,hostel room setup part 2 #CampusHaul,photo,5,1,0,0,0,69,ur,
x726457941506778684,2026-08-25T19:52:00Z,nadia1050x,690,"ei jaygar khabar ta darun, must try #LateNightEats",photo,39,2,2,2,5,429,en,
x992922961459265204,2026-08-25T01:33:49Z,imran14official,581,everyone using this audio as a template #WatchParty,none,5,0,0,0,0,304,en,
x476103205471422549,2026-08-25T20:13:19Z,omar937x,1755,[deleted],video,0,0,0,0,0,297,en,
x761506809842662540,2026-08-25T18:23:27Z,tanvir35_in,237,third time this week honestly #ServerOutage,video,0,0,0,0,0,44,hi,
x708605824289011502,2026-08-25T21:25:44Z,meera5,192,found this 42-rupee plate near the station and i'm never recovering #StreetFoodFinds,none,1,0,0,0,0,27,hi,
x294741051340985182,2026-08-25T10:39:56Z,aisha507official,68,"genuinely good thread on repairability scores, worth a read #RepairNotReplace",photo,1,0,0,0,0,53,en,x538199222486417200
x981626716647496985,2026-08-25T20:57:05Z,arjun408x,1025,"the whole crowd singing along, chills #SingalongChallenge",video,28,2,4,1,3,380,hi,
x651829179095604366,2026-08-25T22:01:06Z,imran8707,361,everyone using this audio as a template #WatchParty,video,6,1,0,0,0,162,en,
x309306700231075233,2026-08-25T08:05:45Z,aisha13x,206,everyone using this audio as a template #WatchParty,video,4,0,0,0,0,81,en,
x826708998123482715,2026-08-25T12:35:12Z,sana43719,656,everyone using this audio as a template #WatchParty,video,6,1,0,0,0,136,en,
x353708260233321856,2026-08-25T22:16:05Z,sunny343_,479,third time this week honestly #AppDown,none,16,2,0,0,0,241,hi,
x378721928480251959,2026-08-25T19:15:06Z,rizwan465_in,104,biggest upset of the season easily #MatchNight,video,0,0,0,0,0,53,en,
x932546079775472136,2026-08-25T21:24:29Z,zoya1042147,4455,still stuck on the loading screen #AppDown,none,70,14,10,3,2,2321,bn,x355272404709608766
x808400208326652378,2026-08-24T06:55:45Z,vikram24_in,720,"delivery took 3 days longer than promised, finally here #ShippingUpdate",video,1,0,0,0,0,367,en,
x840797331929002934,2026-08-25T08:59:46Z,arjun81907,435,ei match ta bhulte parbo na #MatchNight,none,28,1,2,1,1,530,hi,
x462780149375683658,2026-08-25T21:38:50Z,arjun1034_in,4535,NOBODY saw that result coming #MatchNight,photo,9,0,0,0,0,1552,en,
x339768148940027349,2026-08-25T23:52:08Z,sunny147,504,"late night eats thread, adding this one to the list #StreetFoodFinds",photo,4,1,0,0,0,368,bn,
x257835956383563516,2026-08-25T21:07:33Z,hasan65_in,480,[deleted],video,0,0,0,0,1,270,en,
x425744928162440769,2026-08-25T22:13:14Z,farhan28607,598,clip of that moment is everywhere now #SingalongChallenge,none,10,1,0,0,0,436,en,x931409370215683505
x989202376097837174,2026-08-24T14:53:18Z,zoya47official,690,"this week's roundup is live, have a read #FridayFaves",none,18,5,2,0,1,568,en,
x757519554644870065,2026-08-25T16:47:52Z,shreya9407,598,watch party er environment ta osadharon chilo #SingalongChallenge,video,8,0,0,0,0,259,hi,
x327064611816214809,2026-08-24T16:34:17Z,hasan65_in,480,"friday faves, 42 things i actually used this week #WeeklyRoundup",none,8,2,0,0,0,148,en,
x643069523776146139,2026-08-25T18:07:11Z,jay118_,1840,honest review after two weeks of daily use #HonestReview,none,7,1,1,0,0,744,hi,
x220898815694715313,2026-08-24T13:47:31Z,fastsupport4_in,7,"order issue solved in 10 min, DM @fastsupport507 #RefundDelay",photo,0,0,0,0,0,23,en,
x346422190991683478,2026-08-25T21:46:41Z,neel85907,301,hostel room setup part 2 #BackToCampus,photo,7,0,0,0,0,70,en,
x801998820081799954,2026-08-25T23:23:58Z,omar900_,2219,"the whole crowd singing along, chills #SingalongChallenge",video,146,19,26,10,18,1375,en,
x819071932871776919,2026-08-25T11:17:40Z,omar267,2117,why is replacing the battery cheaper than the whole phone now #RightToRepair,video,69,10,3,5,5,1172,en,x922465033142678980
x642108422166856960,2026-08-25T13:32:06Z,aisha527_,487,NOBODY saw that result coming #UnderdogWin,video,10,3,1,0,1,193,en,
x315103539373380522,2026-08-25T08:59:46Z,sana807_in,981,"ei jaygar khabar ta darun, must try #StreetFoodFinds",video,10,0,0,0,0,518,hi,
x297303790498606920,2026-08-25T08:51:31Z,sana124_,163,underdogs really did that tonight #UnderdogWin,video,5,0,0,0,0,108,hi,
x361030670252878639,2026-08-25T15:23:51Z,omar775official,327,"ei jaygar khabar ta darun, must try #LateNightEats",none,0,0,0,0,0,41,bn,
x299871099356693753,2026-08-25T19:27:54Z,zoya839_,53,this haul format is everywhere on my feed now #BackToCampus,none,1,0,0,0,0,28,hi,
x658983477692793646,2026-08-25T22:14:29Z,rizwan562,1252,"back to campus haul, everything under 1200 #CampusHaul",photo,9,0,0,0,0,121,bn,x820576882172897593
x569455184111543094,2026-08-25T00:38:36Z,sunny540x,668,everyone using this audio as a template #WatchParty,none,2,0,0,0,0,110,en,
x570808579551523276,2026-08-24T20:46:47Z,fastsupport507,133,order stuck? DM @claimnow8 solution guaranteed #OrderIssue,gif,0,0,0,0,0,23,bn,
x595311880484341805,2026-08-25T08:08:10Z,anaya346929,631,queue was 40 min long and honestly worth it #LateNightEats,photo,5,0,0,0,0,110,hi,
x317246057494883530,2026-08-25T23:56:35Z,priya497_in,174,why is replacing the battery cheaper than the whole phone now #RightToRepair,photo,6,1,0,0,0,108,en,
x880426252298618313,2026-08-25T11:16:11Z,nadia712x,481,ei match ta bhulte parbo na #MatchNight,video,13,3,0,0,1,382,en,
x372426495159304196,2026-08-25T22:21:29Z,nadia380_,491,NOBODY saw that result coming #MatchNight,video,12,2,2,0,0,161,en,x961723467829237282
x854448158042589115,2026-08-25T16:22:58Z,kabir332_in,180,last over replay pe replay dekh raha hu #UnderdogWin,video,9,1,0,0,0,153,hi,x502628736736452521
x189465711143165027,2026-08-25T19:05:09Z,bina255_,204,"back to campus haul, everything under 3400 #CampusHaul",photo,6,1,0,0,0,82,en,
x467832714430023253,2026-08-25T08:37:02Z,tanvir803official,679,is the app down for everyone or just me #ServerOutage,photo,25,2,3,0,2,377,en,
x580311949541158875,2026-08-25T23:31:58Z,bina81_,424,watch party er environment ta osadharon chilo #SingalongChallenge,photo,3,0,0,0,0,158,hi,
x688765585201168871,2026-08-24T21:08:49Z,aisha239989,,is the app down for everyone or just me #AppDown,none,,0,0,0,0,,en,
x199076751451916857,2026-08-25T19:49:44Z,dipu1002,371,"late night eats thread, adding this one to the list #LateNightEats",photo,11,2,1,0,0,433,en,
x377513909575167111,2026-08-25T14:41:59Z,helpdeskx6official,111,"order issue solved in 10 min, DM @fastsupport4_in #RefundDelay",photo,0,0,0,0,0,45,hi,x706367315832130202
x396264464119089689,2026-08-25T16:56:32Z,farhan205_,3317,everyone using this audio as a template #SingalongChallenge,none,7,1,0,0,0,295,hi,
x623258075341097057,2026-08-25T15:10:34Z,dipu1002,371,"late night eats thread, adding this one to the list #StreetFoodFinds",none,1,0,0,0,0,25,hi,
x426940859010147508,2026-08-25T19:39:49Z,omar396,771,biggest upset of the season easily #MatchNight,video,3,0,0,0,0,112,en,
x497956592734296451,2026-08-25T01:34:00Z,sana448_in,252,why is replacing the battery cheaper than the whole phone now #RightToRepair,none,5,0,0,0,0,247,hi,
x902584798724470002,2026-08-24T18:32:03Z,vikram204official,5223,NOBODY saw that result coming #MatchNight,video,28,1,5,1,3,827,bn,
x605996890849813522,2026-08-25T14:53:53Z,farhan39707,1904,"the whole crowd singing along, chills #SingalongChallenge",video,20,3,1,0,0,730,en,
x144468890862235892,2026-08-25T13:22:04Z,neel36x,579,"bhai ye wala stall best hai, 42 me itna khana #StreetFoodFinds",photo,10,2,0,0,0,164,en,
x781719930941536280,2026-08-25T19:40:21Z,vikram0_,602,ei match ta bhulte parbo na #UnderdogWin,photo,8,1,1,0,0,239,en,
x618633758325885664,2026-08-24T03:32:32Z,dipu52x,655,"this week's roundup is live, have a read #FridayFaves",video,1,0,0,0,0,143,hi,
x941182373372127270,2026-08-24T14:27:26Z,rahul214,810,still stuck on the loading screen #AppDown,video,27,2,1,1,0,516,en,
x552681168890659340,2026-08-25T14:34:19Z,tanvir28589,569,"the whole crowd singing along, chills #SingalongChallenge",photo,2,0,0,0,0,230,en,x438015503282227648
x496162956130062826,2026-08-25T21:09:37Z,hasan841_in,374,why is replacing the battery cheaper than the whole phone now #RepairNotReplace,video,17,2,0,0,2,325,en,
x882371428424156320,2026-08-25T08:08:41Z,tara54907,150,clip of that moment is everywhere now #WatchParty,video,1,0,0,0,0,24,en,x779194641420212357
x383980255286677380,2026-08-25T20:37:38Z,kabir229,217,"repair karana sasta hai, log samajhte nahi #RepairNotReplace",none,10,3,0,0,1,93,en,
x121389006426188750,2026-08-25T15:18:12Z,aisha889409,691,queue was 40 min long and honestly worth it #StreetFoodFinds,photo,6,0,1,0,0,,hi,
x168069571039347180,2026-08-25T21:04:55Z,farhan356x,426,"bhai ye wala stall best hai, 12 me itna khana #StreetFoodFinds",photo,9,2,1,0,1,128,hi,x674854378352312518
x166616990488210351,2026-08-25T21:59:18Z,rahul992354,454,"the whole crowd singing along, chills #WatchParty",video,20,4,0,1,1,223,en,
x746553720366284923,2026-08-25T09:30:42Z,anaya565_in,105,last over replay pe replay dekh raha hu #MatchNight,video,2,0,0,0,0,69,bn,
x345241373269777139,2026-08-25T13:48:04Z,meera107_in,1060,"delivery took 3 days longer than promised, finally here #DeliveryStatus",none,11,3,2,0,0,296,en,
x448704334941399059,2026-08-25T23:52:10Z,tanvir64907,456,everyone using this audio as a template #SingalongChallenge,photo,3,0,0,0,0,99,hi,
x303164773852738359,2026-08-25T17:05:06Z,tara17,355,"ok it's a regional thing, not a full outage #ServerOutage",photo,5,0,0,0,0,110,en,
x747586577344767832,2026-08-25T22:00:56Z,meera1185_in,69,"parts pairing is the real problem, not the screws #RightToRepair",none,2,0,0,0,0,24,en,
x772475895892447399,2026-08-25T22:27:18Z,imran1066,1425,"parts pairing is the real problem, not the screws #RightToRepair",none,12,1,0,0,1,1350,bn,
x830254892545828336,2026-08-25T19:25:08Z,bina91607,627,"the whole crowd singing along, chills #WatchParty",video,3,0,0,0,0,87,hi,
x208451044542288540,2026-08-25T19:17:07Z,farhan55_,1319,[deleted],none,0,0,0,0,0,687,hi,
x866799839127473245,2026-08-25T18:24:50Z,tanvir843_in,486,ei match ta bhulte parbo na #UnderdogWin,photo,18,5,1,0,1,278,ur,
x169073007627038854,2026-08-25T12:24:00Z,omar81307,764,"the whole crowd singing along, chills #WatchParty",photo,10,3,0,0,0,531,en,
x614752965180174864,2026-08-25T08:41:56Z,aisha32307,419,"took it to a local shop, fixed for 1200. brand quoted 5x that #RightToRepair",none,5,1,0,0,0,96,en,
x942462093659468548,2026-08-25T15:45:42Z,kabir428,338,"the whole crowd singing along, chills #SingalongChallenge",video,0,0,0,0,0,44,en,
x227646832413215239,2026-08-24T08:57:48Z,tanvir28589,569,is it actually worth 12k or nah #GadgetCheck,none,10,1,0,0,0,375,en,
x682756271128794943,2026-08-25T10:08:07Z,farhan655,1308,"parts pairing is the real problem, not the screws #RepairNotReplace",video,35,8,6,1,0,681,hi,x853468290493760269
x593020527485892707,2026-08-25T15:17:59Z,arjun188,934,watch party er environment ta osadharon chilo #WatchParty,video,23,3,3,1,3,497,en,
x587124423321038898,2026-08-25T20:44:50Z,farhan760official,457,hostel room setup part 2 #CampusHaul,none,3,0,0,0,0,177,en,x618183531318173544
x214401522105286195,2026-08-25T14:10:03Z,zoya67907,768,clip of that moment is everywhere now #SingalongChallenge,video,13,2,0,0,0,172,en,
x790134853036159281,2026-08-25T23:22:43Z,rahul214,810,biggest upset of the season easily #UnderdogWin,video,16,3,1,1,1,336,hi,
x197004601995241547,2026-08-25T17:49:51Z,omar625x,574,biggest upset of the season easily #UnderdogWin,video,3,0,0,0,0,98,hi,x293347565529392781
x660641092921983962,2026-08-24T23:03:12Z,sana578_,2600,"late night eats thread, adding this one to the list #LateNightEats",photo,18,3,1,0,1,434,bn,
x886712449361167809,2026-08-25T18:59:03Z,nadia409_in,67,"ei jaygar khabar ta darun, must try #StreetFoodFinds",none,0,0,0,0,0,26,hi,
x235461492940727689,2026-08-25T23:54:13Z,arjun623_,1487,this haul format is everywhere on my feed now #BackToCampus,none,4,1,0,0,0,160,bn,
x735712189748924504,2026-08-25T09:34:36Z,sunny209207,187,"parts pairing is the real problem, not the screws #RepairNotReplace",video,4,0,0,0,0,141,en,x495729948507582187
x930352621141068527,2026-08-25T11:40:03Z,jay31707,459,"bhai ye wala stall best hai, 42 me itna khana #LateNightEats",none,3,0,0,0,0,126,bn,
x746501330615800884,2026-08-25T22:14:49Z,fastsupport507,133,refund pending since 48 hours. contact @refundhelp1 for fast resolution #OrderIssue,none,0,0,0,0,0,40,en,
x457101686498104842,2026-08-24T23:20:03Z,sunny533,598,"late night eats thread, adding this one to the list #StreetFoodFinds",none,12,2,1,0,0,275,ur,
x992644921626282135,2026-08-25T20:07:16Z,arjun808official,944,"parts pairing is the real problem, not the screws #RightToRepair",photo,30,3,2,2,1,431,en,x558682358777205714
x683925807453573421,2026-08-25T23:46:50Z,meera72007,300,"ei jaygar khabar ta darun, must try #StreetFoodFinds",photo,7,1,0,0,0,177,en,
x871506876904864117,2026-08-25T15:02:06Z,hasan894official,197,"genuinely good thread on repairability scores, worth a read #RepairNotReplace",none,5,0,0,0,0,191,hi,
x443654396701892379,2026-08-25T10:57:45Z,anaya346929,631,watch party er environment ta osadharon chilo #WatchParty,video,21,2,2,1,2,613,en,
x537211433226529884,2026-08-25T17:44:19Z,arjun636,479,"late night eats thread, adding this one to the list #StreetFoodFinds",none,3,0,0,0,0,160,hi,
x296098414396476313,2026-08-25T16:31:46Z,rahul647x,348,watch party er environment ta osadharon chilo #SingalongChallenge,photo,10,2,1,0,0,248,bn,x853245076569928688
x856314965826827438,2026-08-25T14:33:39Z,meera74_,2554,honest review after two weeks of daily use #GadgetCheck,video,6,2,0,0,0,284,en,
x327299357390466271,2026-08-25T18:18:24Z,jay40007,736,underdogs really did that tonight #MatchNight,photo,10,2,0,0,1,134,en,
x299341563799723170,2026-08-25T15:21:50Z,omar552797,511,last over replay pe replay dekh raha hu #UnderdogWin,video,6,1,0,0,0,436,hi,
x842186589529059723,2026-08-25T12:30:14Z,arjun98_in,86,"ei jaygar khabar ta darun, must try #StreetFoodFinds",video,1,0,0,0,0,41,ur,x477228241356195058
x970963816885863010,2026-08-25T22:13:12Z,arjun100x,424,"took it to a local shop, fixed for 10300. brand quoted 5x that #RepairNotReplace",none,29,2,4,0,0,405,en,
x983674986897987187,2026-08-25T13:36:33Z,rizwan86,593,"this week's roundup is live, have a read #WeeklyRoundup",video,1,0,0,0,0,167,en,
x948782620949549748,2026-08-25T18:18:12Z,meera793official,103,biggest upset of the season easily #UnderdogWin,none,1,0,0,0,0,44,hi,
x178253550829523136,2026-08-25T08:15:51Z,neel9_,294,found this 12-rupee plate near the station and i'm never recovering #StreetFoodFinds,none,1,0,0,0,0,51,en,
x529424319255787704,2026-08-25T18:09:33Z,neel995_in,213,NOBODY saw that result coming #UnderdogWin,photo,0,0,0,0,0,42,en,
x547439004085104396,2026-08-25T21:17:09Z,helpdeskx7x,14,"order issue solved in 10 min, DM @refundhelp1 #RefundDelay",none,0,0,0,0,0,23,ur,
x451994944367360317,2026-08-24T01:57:31Z,vikram24_in,720,"ei jaygar khabar ta darun, must try #LateNightEats",photo,13,2,0,0,1,341,en,
x460087911121733454,2026-08-25T21:57:03Z,zoya1016_in,922,last over replay pe replay dekh raha hu #UnderdogWin,video,49,15,9,0,3,572,hi,x468590659776045517
x923324768472328803,2026-08-24T23:43:14Z,claimnow8,109,refund pending since 48 hours. contact @fastsupport4_in for fast resolution #OrderIssue,none,0,0,0,0,0,86,en,x458110582558916824
x997784519910203515,2026-08-25T11:44:07Z,aisha700x,459,last over replay pe replay dekh raha hu #MatchNight,video,19,2,0,1,2,293,en,
x819983546408750837,2026-08-25T19:08:03Z,helpdeskx2official,4,order stuck? DM @helpdeskx2official solution guaranteed #RefundDelay,none,0,0,0,0,0,38,en,
x213828581634295475,2026-08-25T21:03:54Z,anaya1156_in,8885,"bhai ye wala stall best hai, 103 me itna khana #StreetFoodFinds",none,122,41,11,3,16,3962,hi,
x958885765218630067,2026-08-25T14:52:09Z,tanvir709x,1322,"genuinely good thread on repairability scores, worth a read #RepairNotReplace",none,24,1,4,0,1,596,hi,
x688837861877994759,2026-08-24T02:09:27Z,kabir56_in,,"parts pairing is the real problem, not the screws #RightToRepair",none,,0,0,0,0,,hi,
x906110681705451463,2026-08-24T22:06:07Z,vikram180_,362,"repair karana sasta hai, log samajhte nahi #RepairNotReplace",photo,17,4,2,0,1,294,en,x139447293541882985
x550868977670155379,2026-08-25T15:12:55Z,refundhelp1,15,order stuck? DM @fastsupport0_in solution guaranteed #OrderIssue,photo,0,0,0,0,0,42,en,
x391175870496060680,2026-08-25T15:26:45Z,helpdeskx7x,14,order stuck? DM @helpdeskx7x solution guaranteed #RefundDelay,none,0,0,0,0,0,41,en,
x389698439575124466,2026-08-25T16:20:24Z,priya799_in,61,everyone using this audio as a template #WatchParty,video,1,0,0,0,0,36,hi,
x237768598717982119,2026-08-24T22:14:36Z,tara47307,252,clip of that moment is everywhere now #WatchParty,video,2,0,0,0,0,147,hi,x600209476878016717
x198881209848561718,2026-08-25T18:21:29Z,imran148_,1827,biggest upset of the season easily #UnderdogWin,video,100,32,14,0,13,1631,en,
x982372281952216091,2026-08-25T11:38:35Z,aisha929x,122,biggest upset of the season easily #UnderdogWin,video,3,0,0,0,0,93,hi,
x255108742756346870,2026-08-25T22:34:22Z,aisha634_in,198,underdogs really did that tonight #UnderdogWin,none,4,1,0,0,0,156,hi,
x537285918970972622,2026-08-25T09:49:40Z,vikram537_in,296,biggest upset of the season easily #MatchNight,photo,8,0,1,0,0,212,en,
x997259577052515377,2026-08-25T17:09:33Z,zoya100407,922,"genuinely good thread on repairability scores, worth a read #RepairNotReplace",none,36,10,4,0,0,832,en,x443231441951925012
x230836293509021074,2026-08-25T12:49:39Z,sunny589652,683,biggest upset of the season easily #MatchNight,video,19,5,3,0,0,395,en,
x900658617847572122,2026-08-25T14:44:27Z,priya487official,187,NOBODY saw that result coming #MatchNight,none,1,0,0,0,0,66,hi,
x372426495159304196,2026-08-25T22:21:29Z,nadia380_,491,NOBODY saw that result coming #MatchNight,video,12,2,2,0,0,161,en,x961723467829237282
x424124478968166464,2026-08-25T19:43:17Z,tanvir967_in,554,"late night eats thread, adding this one to the list #StreetFoodFinds",none,31,5,2,0,0,366,hi,
x148393292627228743,2026-08-25T16:03:44Z,refundhelp307,56,order stuck? DM @refundhelp1 solution guaranteed #RefundDelay,none,0,0,0,0,0,40,en,
x448910849120048990,2026-08-25T16:40:19Z,tara1011official,637,found this 103-rupee plate near the station and i'm never recovering #LateNightEats,photo,14,0,1,0,0,198,en,x757613915523793617
x957231196139790284,2026-08-25T18:46:37Z,vikram960270,5085,"ei jaygar khabar ta darun, must try #StreetFoodFinds",photo,102,16,2,2,11,1771,en,
x782581781402691666,2026-08-25T21:37:32Z,tara26407,181,last over replay pe replay dekh raha hu #UnderdogWin,photo,8,0,0,0,1,104,hi,
x339278761656759035,2026-08-25T21:26:06Z,anaya184,505,"genuinely good thread on repairability scores, worth a read #RepairNotReplace",none,8,1,1,0,1,276,bn,
x879047822027483696,2026-08-25T17:04:01Z,rahul248307,271,"ei jaygar khabar ta darun, must try #StreetFoodFinds",photo,3,0,0,0,0,142,bn,
x848310075322837654,2026-08-24T09:23:19Z,tanvir28589,569,this haul format is everywhere on my feed now #BackToCampus,photo,11,0,1,0,0,423,hi,x583463719920246884
x943516611012231867,2026-08-25T22:08:10Z,imran359_in,546,this haul format is everywhere on my feed now #CampusHaul,photo,12,3,1,0,0,243,bn,
x879268552303241785,2026-08-25T15:34:55Z,farhan1018_in,264,why is replacing the battery cheaper than the whole phone now #RightToRepair,none,2,0,0,0,0,100,hi,x892170460449566944
x294810621379151650,2026-08-24T16:58:22Z,arjun325995,750,"ok it's a regional thing, not a full outage #AppDown",gif,3,0,0,0,0,400,en,
x586283124881359548,2026-08-25T23:06:33Z,aisha700x,459,underdogs really did that tonight #MatchNight,none,2,0,0,0,0,41,bn,
x834789237601070814,2026-08-25T23:57:17Z,neel77007,661,clip of that moment is everywhere now #WatchParty,video,11,3,1,0,0,382,en,
x429113053224740387,2026-08-25T22:30:48Z,farhan1018_in,264,"the whole crowd singing along, chills #SingalongChallenge",video,1,0,0,0,0,32,en,
x940613318478914171,2026-08-25T18:25:56Z,anaya1111_,151,last over replay pe replay dekh raha hu #MatchNight,video,2,0,0,0,0,60,hi,
x988545432174397572,2026-08-25T09:31:40Z,priya497_in,174,clip of that moment is everywhere now #WatchParty,video,1,0,0,0,0,52,en,
x747280690923486434,2026-08-25T23:08:29Z,imran68107,409,queue was 40 min long and honestly worth it #LateNightEats,photo,1,0,0,0,0,89,bn,
x822856313650327124,2026-08-25T15:28:13Z,anaya371x,84,[deleted],video,0,0,0,0,0,25,en,
x440827764184926797,2026-08-25T00:22:02Z,rahul635_,485,NOBODY saw that result coming #MatchNight,photo,8,2,0,0,0,205,en,x407193434341336186
x145193676069020952,2026-08-25T08:33:05Z,bina50207,195,[deleted],none,0,0,0,0,0,39,bn,
x436989641363937873,2026-08-25T21:23:00Z,priya1118_,906,"false alarm apparently, working again on my end #ServerOutage",video,56,5,2,1,7,709,en,
x373565342895243655,2026-08-24T18:52:10Z,shreya143x,241,"took it to a local shop, fixed for 1800. brand quoted 5x that #RepairNotReplace",none,3,0,0,0,0,248,hi,
x718802424765612928,2026-08-25T19:47:07Z,aisha700x,459,underdogs really did that tonight #UnderdogWin,photo,3,0,0,0,0,94,en,
x307082505499354333,2026-08-25T15:04:02Z,kabir8x,341,is it actually worth 27k or nah #GadgetCheck,photo,6,1,0,0,0,174,en,x190010399463280551
x605549686214857639,2026-08-25T13:53:49Z,sunny90,585,clip of that moment is everywhere now #SingalongChallenge,none,10,1,1,0,0,380,en,
x395014953106427552,2026-08-25T14:41:43Z,omar280official,662,"parts pairing is the real problem, not the screws #RightToRepair",none,4,0,0,0,0,114,en,x119494255392610667
x224997735877597265,2026-08-24T02:31:19Z,shreya29507,685,"false alarm apparently, working again on my end #AppDown",none,0,0,0,0,0,108,hi,x161097561623893081
x889837249543893581,2026-08-25T00:30:53Z,arjun188,934,ei match ta bhulte parbo na #UnderdogWin,none,5,1,0,0,0,94,en,
x520893451376778549,2026-08-25T21:20:46Z,zoya181,335,clip of that moment is everywhere now #SingalongChallenge,photo,2,0,0,0,0,75,en,x985861306265747086
x698774712490720317,2026-08-25T09:37:50Z,neel36x,579,watch party er environment ta osadharon chilo #SingalongChallenge,video,25,5,3,1,0,521,en,
x404803311338176946,2026-08-25T14:39:42Z,imran749_,3162,ei match ta bhulte parbo na #MatchNight,none,62,15,5,0,8,2074,en,
x161623355216461708,2026-08-25T19:59:20Z,neel126official,52,"ei jaygar khabar ta darun, must try #StreetFoodFinds",none,0,0,0,0,0,26,hi,
x114035082528176726,2026-08-25T18:13:40Z,refundhelp307,56,refund not credited yet. @refundhelp1 fastest support #RefundDelay,photo,0,0,0,0,0,52,en,x605483201689867440
x751640396875678018,2026-08-25T15:24:11Z,fastsupport0_in,71,order stuck? DM @fastsupport507 solution guaranteed #OrderIssue,photo,0,0,0,0,0,21,en,
x419392886609204251,2026-08-24T19:02:47Z,claimnow8,109,order stuck? DM @fastsupport507 solution guaranteed #OrderIssue,none,0,0,0,0,0,42,en,
x480147184234509891,2026-08-25T13:44:41Z,dipu71official,60,"this week's roundup is live, have a read #WeeklyRoundup",photo,1,0,0,0,0,29,bn,x324654575471340262
x149989436066136953,2026-08-25T14:22:10Z,kabir648official,1965,"late night eats thread, adding this one to the list #StreetFoodFinds",none,28,5,1,1,2,1172,hi,x730728121830186181
x976216136763683308,2026-08-25T12:34:45Z,dipu76707,692,"bhai ye wala stall best hai, 18 me itna khana #LateNightEats",video,12,4,1,0,1,380,bn,
x410534613617818356,2026-08-25T15:33:17Z,bina255_,204,clip of that moment is everywhere now #WatchParty,video,1,0,0,0,0,115,ur,
x819096127740890753,2026-08-25T19:21:32Z,aisha1147,706,ei match ta bhulte parbo na #UnderdogWin,none,2,0,0,0,0,51,en,
x270369171286591706,2026-08-25T21:12:57Z,farhan478756,5117,hostel room setup part 2 #BackToCampus,photo,179,51,13,12,9,3975,en,
x410144485767449557,2026-08-25T21:00:57Z,vikram1173571,451,underdogs really did that tonight #UnderdogWin,photo,12,4,2,0,1,274,ur,
x972311687573645212,2026-08-25T13:11:30Z,vikram33official,237,"bhai ye wala stall best hai, 18 me itna khana #LateNightEats",photo,3,0,0,0,0,51,en,
x136265082993834758,2026-08-25T18:20:56Z,vikram884731,1021,found this 103-rupee plate near the station and i'm never recovering #StreetFoodFinds,photo,25,4,1,0,1,1213,hi,
x723426444022945635,2026-08-25T17:12:23Z,shreya718_in,256,biggest upset of the season easily #UnderdogWin,video,1,0,0,0,0,208,en,
x758450379635774989,2026-08-25T22:08:49Z,dipu1224_in,1276,this haul format is everywhere on my feed now #BackToCampus,none,6,1,0,0,0,418,bn,
x379638860545176092,2026-08-25T15:24:47Z,hasan165_,290,"bhai ye wala stall best hai, 34 me itna khana #LateNightEats",video,2,0,0,0,0,98,en,
x605978549599104962,2026-08-25T13:15:32Z,imran68107,409,underdogs really did that tonight #UnderdogWin,video,16,4,3,0,2,333,en,
x997319019959794103,2026-08-25T22:39:25Z,bina12807,80,clip of that moment is everywhere now #WatchParty,video,2,0,0,0,0,29,hi,
x128787369875530830,2026-08-25T17:25:24Z,imran37307,275,"repair karana sasta hai, log samajhte nahi #RepairNotReplace",none,2,0,0,0,0,43,hi,
x154172557527401882,2026-08-25T09:27:45Z,helpdeskx7x,14,refund pending since 48 hours. contact @claimnow8 for fast resolution #OrderIssue,video,0,0,0,0,0,43,en,
x440085881692632221,2026-08-25T11:04:08Z,aisha634_in,198,"the whole crowd singing along, chills #WatchParty",photo,4,0,0,0,0,132,en,
x638712709070984877,2026-08-25T13:28:31Z,omar652,225,"bhai ye wala stall best hai, 34 me itna khana #StreetFoodFinds",video,8,0,0,0,0,165,ur,
x681080160932063135,2026-08-25T08:43:33Z,rahul680,1226,"late night eats thread, adding this one to the list #LateNightEats",photo,30,3,2,0,4,1342,ur,x577913333789309149
x424710086115692764,2026-08-24T12:35:15Z,rahul13107,1474,anyone know how long the update usually takes? #DeliveryStatus,photo,29,8,0,2,2,841,en,
x848416138320742194,2026-08-25T23:08:37Z,fastsupport0_in,71,order stuck? DM @helpdeskx2official solution guaranteed #OrderIssue,none,0,0,0,0,0,64,hi,
x740431643074575629,2026-08-25T13:31:35Z,anaya74107,297,biggest upset of the season easily #MatchNight,video,7,1,0,0,0,185,hi,
x330253618713710899,2026-08-25T17:10:52Z,farhan760official,457,still stuck on the loading screen #ServerOutage,photo,8,0,0,0,0,306,en,
x406878035999201000,2026-08-25T14:47:20Z,dipu439official,604,clip of that moment is everywhere now #SingalongChallenge,none,28,1,1,2,0,598,en,x798249083484188238
x874426643063584763,2026-08-25T19:39:57Z,priya725644,2160,"genuinely good thread on repairability scores, worth a read #RepairNotReplace",none,28,8,2,1,0,1732,en,
x310640076223012764,2026-08-25T19:32:50Z,neel616364,521,watch party er environment ta osadharon chilo #WatchParty,photo,5,1,0,0,0,278,bn,
x670210123438399370,2026-08-25T17:31:23Z,tanvir40,683,why is replacing the battery cheaper than the whole phone now #RightToRepair,none,2,0,0,0,0,115,en,x465580629478935389
x966645796317644728,2026-08-24T17:26:18Z,priya117official,224,"spec sheet looks great, real world is mid imo #GadgetCheck",video,7,2,1,0,0,231,en,x387778118190734828
x288269956285619504,2026-08-25T15:19:18Z,omar265,1083,"false alarm apparently, working again on my end #AppDown",none,16,1,2,0,0,298,hi,x998977697016355747
x533605234315215276,2026-08-24T23:35:48Z,fastsupport507,133,refund pending since 48 hours. contact @helpdeskx6official for fast resolution #RefundDelay,none,0,0,0,0,0,21,en,
x613865416293608363,2026-08-25T15:54:31Z,shreya261x,1519,biggest upset of the season easily #UnderdogWin,video,104,25,14,7,13,1331,hi,
x994343830350441615,2026-08-25T20:06:25Z,rahul647x,348,"the whole crowd singing along, chills #SingalongChallenge",video,2,0,0,0,0,329,bn,x637618538765447147
x992501699486927183,2026-08-25T14:45:09Z,priya799_in,61,queue was 40 min long and honestly worth it #LateNightEats,photo,2,0,0,0,0,51,hi,
x774235499289977102,2026-08-25T23:26:34Z,imran810x,112,clip of that moment is everywhere now #WatchParty,photo,1,0,0,0,0,101,en,x826585457418928272
x871746263106192755,2026-08-25T13:31:47Z,dipu402,390,"late night eats thread, adding this one to the list #StreetFoodFinds",photo,13,2,1,0,1,389,hi,
x122724238612333682,2026-08-25T16:40:11Z,anaya346929,631,found this 42-rupee plate near the station and i'm never recovering #StreetFoodFinds,photo,8,2,1,0,0,394,hi,
x258322844531591385,2026-08-25T18:59:04Z,neel985578,511,"took it to a local shop, fixed for 5800. brand quoted 5x that #RepairNotReplace",none,1,0,0,0,0,162,hi,
x635638052852878373,2026-08-25T21:48:55Z,arjun488official,129,is the app down for everyone or just me #ServerOutage,none,2,0,0,0,0,97,bn,
x328948021483852221,2026-08-24T11:02:21Z,vikram138_in,500,"this week's roundup is live, have a read #FridayFaves",none,5,0,0,0,0,130,hi,
x205993211305496785,2026-08-24T12:55:12Z,fastsupport507,133,order stuck? DM @fastsupport0_in solution guaranteed #RefundDelay,none,0,0,0,0,0,88,ur,
x160497703539296437,2026-08-25T23:56:03Z,omar200x,143,"ok it's a regional thing, not a full outage #AppDown",none,1,0,0,0,0,49,hi,
x665798980221966680,2026-08-25T22:49:50Z,neel616364,521,"bhai ye wala stall best hai, 18 me itna khana #StreetFoodFinds",none,2,0,0,0,0,143,bn,
x114553768295774017,2026-08-25T11:27:00Z,imran620210,2220,"the whole crowd singing along, chills #WatchParty",video,4,0,0,0,0,264,en,x517465288209268724
x113269195730827968,2026-08-25T22:39:53Z,fastsupport4_in,7,order stuck? DM @helpdeskx7x solution guaranteed #OrderIssue,video,0,0,0,0,0,37,hi,
x417283427739434603,2026-08-25T12:09:48Z,omar82707,1855,"bhai ye wala stall best hai, 18 me itna khana #LateNightEats",photo,45,12,1,3,6,1544,bn,
x744310585978442238,2026-08-25T12:40:28Z,nadia516_in,5149,"bhai ye wala stall best hai, 42 me itna khana #LateNightEats",none,90,29,4,6,7,2433,ur,
x500308121882807661,2026-08-24T06:34:09Z,bina31,347,"false alarm apparently, working again on my end #AppDown",none,4,1,0,0,0,288,ur,x626172828608924208
x567427023520007619,2026-08-25T17:24:44Z,zoya47official,690,found this 34-rupee plate near the station and i'm never recovering #LateNightEats,photo,9,2,1,0,0,114,en,
x531569933574658423,2026-08-24T07:11:09Z,omar173677,510,hostel room setup part 2 #CampusHaul,photo,5,1,0,0,0,142,en,
x293301449968986458,2026-08-25T18:32:06Z,rizwan1053_,168,everyone using this audio as a template #SingalongChallenge,video,3,0,0,0,0,82,hi,x768690576558114980
x631767243970826075,2026-08-25T12:29:27Z,kabir40107,944,clip of that moment is everywhere now #SingalongChallenge,video,6,1,0,0,0,232,en,
x865747318925438313,2026-08-25T10:52:23Z,meera2207,140,underdogs really did that tonight #UnderdogWin,photo,2,0,0,0,0,27,hi,x677934778015729860
x254814451446083674,2026-08-25T10:20:52Z,zoya601x,1173,why is replacing the battery cheaper than the whole phone now #RepairNotReplace,gif,20,6,3,0,0,420,en,
x102317452337124355,2026-08-25T21:03:46Z,jay1008,387,"college list banaya hai, kuch reh gaya? #CampusHaul",none,0,0,0,0,0,28,en,
x784995775037662758,2026-08-24T23:33:49Z,helpdeskx6official,111,refund pending since 48 hours. contact @claimnow8 for fast resolution #RefundDelay,video,0,0,0,0,0,64,hi,x415183474169290384
x441294085091506366,2026-08-25T20:13:35Z,omar652,225,still stuck on the loading screen #AppDown,none,0,0,0,0,0,125,bn,
x999219328863047952,2026-08-25T21:05:02Z,bina89507,456,clip of that moment is everywhere now #WatchParty,video,15,2,2,0,1,422,en,
x331857580750804290,2026-08-24T18:09:36Z,kabir312official,383,why is replacing the battery cheaper than the whole phone now #RepairNotReplace,video,0,0,0,0,0,100,en,x648439258243709702
x762946900835273058,2026-08-25T19:35:55Z,claimnow8,109,refund not credited yet. @claimnow8 fastest support #RefundDelay,video,0,0,0,0,0,66,en,x182589170472735260
x476340211713156377,2026-08-24T14:44:37Z,sunny147,504,last over replay pe replay dekh raha hu #UnderdogWin,none,3,1,0,0,0,185,ur,
x158709767830816906,2026-08-24T14:52:10Z,tanvir80_,367,is it actually worth 27k or nah #HonestReview,video,3,0,0,0,0,73,en,
x979073503466998688,2026-08-25T14:08:15Z,meera585607,141,last over replay pe replay dekh raha hu #MatchNight,video,2,0,0,0,0,49,bn,
x645524992172650553,2026-08-25T22:30:55Z,aisha28307,490,"late night eats thread, adding this one to the list #LateNightEats",photo,5,0,0,0,0,314,en,x208025190853477785
x736420630785770004,2026-08-25T01:31:10Z,omar82259,902,"this week's roundup is live, have a read #WeeklyRoundup",none,7,0,1,0,0,261,hi,x455131629467865896
x351226685696091156,2026-08-24T07:31:53Z,imran8707,361,"delivery took 3 days longer than promised, finally here #DeliveryStatus",photo,4,1,0,0,0,105,en,
x337468605746106302,2026-08-25T18:33:44Z,rizwan826_in,575,"bhai ye wala stall best hai, 42 me itna khana #LateNightEats",photo,28,3,5,1,2,517,en,
x458006433244058182,2026-08-25T22:13:56Z,arjun808official,944,"back to campus haul, everything under 3400 #CampusHaul",none,25,5,0,1,0,726,en,
x471402944725196235,25/08/2026 08:29,bina560x,283,why is replacing the battery cheaper than the whole phone now #RepairNotReplace,none,5,1,0,0,0,172,en,
x209054295239898250,2026-08-24T15:44:58Z,rizwan289official,384,"bhai ye wala stall best hai, 42 me itna khana #StreetFoodFinds",photo,4,1,0,0,0,211,en,
x524583134241656629,2026-08-24T16:55:19Z,fastsupport0_in,71,refund pending since 48 hours. contact @fastsupport507 for fast resolution #OrderIssue,none,0,0,0,0,0,35,en,
x110563972638311793,2026-08-25T14:20:09Z,sunny480_,796,underdogs really did that tonight #MatchNight,none,18,3,3,0,0,840,hi,
x686753544197365560,2026-08-25T13:19:42Z,nadia384_in,2162,"ei jaygar khabar ta darun, must try #LateNightEats",none,126,14,16,7,7,1056,en,
x682022128705227587,2026-08-25T20:25:33Z,jay854_,3183,queue was 40 min long and honestly worth it #StreetFoodFinds,photo,39,7,3,2,0,394,en,x457470391779836325
x526640411862636747,2026-08-25T22:05:49Z,shreya217_,629,everyone using this audio as a template #WatchParty,none,9,2,1,0,0,242,en,
x538030189058120635,2026-08-25T22:16:39Z,arjun43807,103,this haul format is everywhere on my feed now #BackToCampus,photo,0,0,0,0,0,39,en,
x400235337122496409,2026-08-25T22:48:03Z,imran987,614,last over replay pe replay dekh raha hu #UnderdogWin,video,11,0,0,0,0,258,en,x963069613555405607
x339740357253786693,2026-08-24T12:10:22Z,neel1807,67,made it into the roundup somehow #FridayFaves,none,0,0,0,0,0,34,en,
x574463781963492995,2026-08-25T11:46:49Z,farhan29007,74,clip of that moment is everywhere now #WatchParty,video,0,0,0,0,0,31,hi,x395629783599791240
x573867711285121306,2026-08-25T11:58:49Z,rahul365,940,"genuinely good thread on repairability scores, worth a read #RightToRepair",video,2,0,0,0,0,218,hi,
x641605617709150761,2026-08-25T13:58:12Z,shreya791,3732,"took it to a local shop, fixed for 4200. brand quoted 5x that #RepairNotReplace",photo,138,10,24,9,12,3058,bn,
x880839532664376602,2026-08-25T20:07:14Z,fastsupport4_in,7,refund pending since 48 hours. contact @refundhelp307 for fast resolution #RefundDelay,photo,0,0,0,0,0,39,en,x210371191639445643
x358914793740242498,2026-08-24T06:19:53Z,hasan165_,290,still stuck on the loading screen #ServerOutage,none,5,1,0,0,0,154,en,
x462276897523764853,2026-08-25T18:02:34Z,rizwan289official,384,last over replay pe replay dekh raha hu #MatchNight,video,2,0,0,0,0,390,en,
x329650882878875672,2026-08-25T16:53:56Z,nadia93907,368,"repair karana sasta hai, log samajhte nahi #RightToRepair",photo,17,4,0,0,1,231,en,
x468771165511709688,2026-08-25T14:15:38Z,priya806230,2493,"the whole crowd singing along, chills #SingalongChallenge",photo,141,20,21,4,11,2693,bn,
x596123738364779568,2026-08-25T21:52:39Z,sunny531150,320,this haul format is everywhere on my feed now #BackToCampus,photo,11,1,1,0,1,366,bn,x379060505223418134
x974769799849414068,2026-08-25T12:41:45Z,bina31,347,"the whole crowd singing along, chills #WatchParty",video,13,2,0,0,1,250,bn,
x316860652507823590,2026-08-25T16:07:21Z,vikram112official,183,queue was 40 min long and honestly worth it #LateNightEats,photo,1,0,0,0,0,41,en,
x902589510382240937,2026-08-25T10:27:17Z,sunny633,3260,"the whole crowd singing along, chills #SingalongChallenge",photo,102,32,13,7,8,2878,en,
x628107595111516241,2026-08-25T16:09:44Z,anaya650_,2123,underdogs really did that tonight #MatchNight,photo,8,2,1,0,0,385,hi,
x263171403810698822,2026-08-25T22:36:37Z,helpdeskx2official,4,refund pending since 48 hours. contact @fastsupport4_in for fast resolution #RefundDelay,none,0,0,0,0,0,39,en,
x352498734621084496,2026-08-24T09:19:20Z,imran8707,361,biggest upset of the season easily #MatchNight,none,3,0,0,0,0,93,ur,x909736189157987257
x433566254707592302,2026-08-25T19:07:28Z,sana422,387,ei match ta bhulte parbo na #MatchNight,video,11,1,0,0,0,167,hi,
x245285856247934844,2026-08-25T11:48:56Z,hasan335_,168,"the whole crowd singing along, chills #SingalongChallenge",video,1,0,0,0,0,107,en,
x542909418690381500,2026-08-25T12:13:29Z,fastsupport507,133,refund pending since 48 hours. contact @refundhelp1 for fast resolution #RefundDelay,photo,0,0,0,0,0,125,hi,
x365264631674403752,2026-08-25T09:22:06Z,refundhelp1,15,refund pending since 48 hours. contact @helpdeskx7x for fast resolution #RefundDelay,none,0,0,0,0,0,36,en,
x614228138625724549,2026-08-25T12:57:58Z,anaya565_in,105,"late night eats thread, adding this one to the list #LateNightEats",photo,1,0,0,0,0,57,en,x400851878221821361
x126616694714336034,2026-08-25T22:09:00Z,helpdeskx7x,14,"order issue solved in 10 min, DM @refundhelp307 #RefundDelay",none,0,0,0,0,0,38,en,
x168481842724708020,2026-08-25T09:24:36Z,tanvir189272,314,underdogs really did that tonight #MatchNight,video,1,0,0,0,0,33,bn,
x108746077275251593,2026-08-25T13:51:20Z,shreya980official,210,"bhai ye wala stall best hai, 103 me itna khana #StreetFoodFinds",none,1,0,0,0,0,,bn,
x444991051332491564,2026-08-25T09:31:32Z,claimnow8,109,order stuck? DM @fastsupport0_in solution guaranteed #OrderIssue,none,0,0,0,0,0,20,en,
x544315317854900175,2026-08-24T10:51:14Z,farhan197x,1736,"false alarm apparently, working again on my end #AppDown",none,71,13,8,2,9,1331,hi,
x900432594890473336,2026-08-25T23:10:54Z,jay1081_in,441,queue was 40 min long and honestly worth it #LateNightEats,none,14,0,2,0,0,366,en,
x538490487219162165,2026-08-24T22:47:47Z,kabir139_,196,clip of that moment is everywhere now #WatchParty,video,2,0,0,0,0,95,en,x303344638510721570
x955007376860180242,2026-08-25T09:04:19Z,bina113_in,549,NOBODY saw that result coming #MatchNight,none,1,0,0,0,0,79,en,x604891493753880086
x186466401774279462,2026-08-24T14:31:14Z,rahul105x,293,"delivery took 3 days longer than promised, finally here #DeliveryStatus",video,1,0,0,0,0,86,en,
x455766426663612255,2026-08-25T13:40:33Z,imran991_in,406,last over replay pe replay dekh raha hu #MatchNight,video,1,0,0,0,0,56,en,
x206951014822244566,2026-08-25T20:33:59Z,bina89507,456,"college list banaya hai, kuch reh gaya? #CampusHaul",photo,22,4,4,0,0,334,bn,
x144468890862235892,2026-08-25T13:22:04Z,neel36x,579,"bhai ye wala stall best hai, 42 me itna khana #StreetFoodFinds",photo,10,2,0,0,0,164,en,
x823233705489375375,2026-08-25T21:20:01Z,anaya1046_,402,last over replay pe replay dekh raha hu #MatchNight,photo,3,0,0,0,0,103,hi,
x798186981881369357,2026-08-25T18:59:20Z,omar38207,688,queue was 40 min long and honestly worth it #StreetFoodFinds,photo,6,1,0,0,0,134,en,
x456846178114883055,2026-08-25T21:01:08Z,priya176official,2795,found this 42-rupee plate near the station and i'm never recovering #StreetFoodFinds,none,114,38,11,0,3,2670,en,
x467263637008526805,2026-08-25T23:13:18Z,claimnow8,109,"order issue solved in 10 min, DM @refundhelp1 #RefundDelay",none,0,0,0,0,0,27,ur,x910482334692639794
x719265427791512696,2026-08-25T11:41:46Z,arjun20269,1062,clip of that moment is everywhere now #SingalongChallenge,photo,42,10,5,1,4,723,en,x949099445323335498
x817242102937795321,2026-08-25T15:14:59Z,sunny63270,153,"genuinely good thread on repairability scores, worth a read #RightToRepair",photo,3,0,0,0,0,37,bn,x685463090347350485
x798339308580072599,2026-08-25T20:52:14Z,meera585607,141,NOBODY saw that result coming #UnderdogWin,photo,2,0,0,0,0,54,en,
x835272403627368198,2026-08-25T10:42:08Z,sana353official,475,found this 103-rupee plate near the station and i'm never recovering #LateNightEats,photo,5,0,0,0,0,153,bn,
x334067327686053372,2026-08-24T20:42:43Z,priya295_in,683,"bhai ye wala stall best hai, 103 me itna khana #LateNightEats",none,18,0,0,1,0,321,hi,
x739604172703690128,2026-08-25T14:04:22Z,kabir56_in,557,made it into the roundup somehow #WeeklyRoundup,photo,11,0,1,0,0,200,ur,
x834605320107230427,2026-08-25T16:45:42Z,vikram942_in,286,"the whole crowd singing along, chills #SingalongChallenge",none,1,0,0,0,0,66,en,
x620877629007420479,2026-08-25T20:14:28Z,neel477275,72,NOBODY saw that result coming #MatchNight,photo,1,0,0,0,0,31,hi,
x224997735877597265,2026-08-24T02:31:19Z,shreya29507,685,"false alarm apparently, working again on my end #AppDown",none,0,0,0,0,0,108,hi,x161097561623893081
x961391124354156355,2026-08-25T17:11:36Z,rizwan1020,823,[deleted],photo,0,0,0,0,0,248,en,
x311729809802233927,2026-08-25T11:01:05Z,arjun98_in,86,"false alarm apparently, working again on my end #ServerOutage",video,1,0,0,0,0,69,en,
x306821006616819740,2026-08-24T15:30:12Z,dipu402,390,"college list banaya hai, kuch reh gaya? #BackToCampus",photo,2,0,0,0,0,149,hi,
x976966551383235772,2026-08-25T21:53:00Z,imran954x,2397,ei match ta bhulte parbo na #MatchNight,video,7,1,0,0,0,318,hi,
x453687104480555424,2026-08-24T03:41:08Z,sunny97x,896,NOBODY saw that result coming #UnderdogWin,video,4,1,0,0,0,111,en,
x388696714015482508,2026-08-25T15:16:21Z,rahul677,251,queue was 40 min long and honestly worth it #LateNightEats,photo,8,1,0,0,1,84,ur,
x692488101971246610,2026-08-25T12:29:33Z,omar132_in,699,clip of that moment is everywhere now #SingalongChallenge,none,31,5,1,1,3,466,en,x109496847130390150
x585799564510728064,2026-08-25T14:38:40Z,priya156official,123,watch party er environment ta osadharon chilo #WatchParty,video,1,0,0,0,0,58,bn,
x998845284161974669,2026-08-25T14:35:54Z,jay393666,114,"the whole crowd singing along, chills #WatchParty",video,1,0,0,0,0,46,bn,x974014731090550216
x653801464737175337,2026-08-25T12:44:15Z,priya372_,392,"repair karana sasta hai, log samajhte nahi #RightToRepair",none,4,1,0,0,0,295,en,
x368324820293229717,2026-08-25T16:49:43Z,zoya505_in,379,"genuinely good thread on repairability scores, worth a read #RepairNotReplace",gif,3,0,0,0,0,192,en,x541069094906607843
x758805671662017409,2026-08-25T08:53:50Z,helpdeskx6official,111,refund not credited yet. @fastsupport4_in fastest support #RefundDelay,video,0,0,0,0,0,27,en,
x141515050791369711,2026-08-25T17:58:40Z,priya153_in,607,underdogs really did that tonight #UnderdogWin,none,7,0,0,0,0,106,en,x211819560027360381
x826641372398022372,2026-08-25T18:31:47Z,jay118_,1840,hostel room setup part 2 #CampusHaul,video,46,3,8,1,5,1060,en,
x985508516504479032,2026-08-25T14:56:32Z,nadia222_,90,"ei jaygar khabar ta darun, must try #StreetFoodFinds",photo,2,0,0,0,0,50,hi,
x453478308204437578,2026-08-25T11:47:47Z,aisha357511,574,"repair karana sasta hai, log samajhte nahi #RepairNotReplace",photo,6,1,0,0,0,157,hi,
x557845892521741258,2026-08-25T01:30:03Z,bina252x,2789,"bhai ye wala stall best hai, 58 me itna khana #StreetFoodFinds",photo,10,1,1,0,0,510,en,x466378512798482587
x843130777671583968,2026-08-25T20:12:07Z,jay161official,887,NOBODY saw that result coming #MatchNight,photo,28,9,0,2,1,451,hi,
x160860173479304203,2026-08-25T10:47:19Z,dipu802,907,"ei jaygar khabar ta darun, must try #StreetFoodFinds",photo,13,2,1,0,0,1075,en,
x228247578437907256,2026-08-24T09:41:17Z,aisha20607,161,"repair karana sasta hai, log samajhte nahi #RightToRepair",video,3,0,0,0,0,137,en,
x281494408436857860,2026-08-25T21:51:09Z,zoya839_,53,"back to campus haul, everything under 10300 #CampusHaul",none,1,0,0,0,0,33,en,x692459979874757870
x702711633624573313,2026-08-24T15:56:15Z,rizwan39507,483,"took it to a local shop, fixed for 5800. brand quoted 5x that #RepairNotReplace",photo,14,1,0,1,0,453,en,
x448973539485152671,2026-08-25T19:16:09Z,tanvir898,742,"genuinely good thread on repairability scores, worth a read #RepairNotReplace",none,5,0,0,0,0,92,en,
x548123014966971862,2026-08-25T17:08:23Z,dipu510_in,546,why is replacing the battery cheaper than the whole phone now #RightToRepair,photo,35,3,3,0,0,528,hi,
x346219522756124258,2026-08-25T10:04:42Z,zoya685x,185,underdogs really did that tonight #MatchNight,photo,8,0,0,0,0,166,en,x459104792739714785
x479422872521409887,2026-08-24T19:47:20Z,hasan23x,822,watch party er environment ta osadharon chilo #WatchParty,video,4,0,0,0,0,169,en,
x132618316347310018,2026-08-25T12:51:20Z,hasan789_,922,still stuck on the loading screen #AppDown,none,9,1,1,0,0,738,bn,
x382258045432298579,2026-08-25T22:39:45Z,sana609_,409,everyone using this audio as a template #SingalongChallenge,video,4,1,0,0,0,75,bn,
x282734815071934720,2026-08-25T13:56:56Z,omar25807,636,last over replay pe replay dekh raha hu #MatchNight,photo,6,1,0,0,0,462,en,
x108241447819728279,2026-08-25T16:14:56Z,omar844859,78,"took it to a local shop, fixed for 1800. brand quoted 5x that #RepairNotReplace",none,3,0,0,0,0,61,bn,
x464232128606422634,2026-08-25T12:24:19Z,aisha20607,161,why is replacing the battery cheaper than the whole phone now #RepairNotReplace,photo,1,0,0,0,0,29,en,
x915302450643356771,2026-08-25T23:09:46Z,zoya795535,209,hostel room setup part 2 #CampusHaul,none,0,0,0,0,0,39,en,x165605364886781109
x619686494413311413,2026-08-25T13:15:38Z,helpdeskx7x,14,refund not credited yet. @refundhelp1 fastest support #OrderIssue,photo,0,0,0,0,0,28,en,
x989334953709153244,2026-08-25T16:50:53Z,omar200x,143,ei match ta bhulte parbo na #UnderdogWin,video,6,1,0,0,0,57,en,
x780541933039680152,2026-08-24T19:17:12Z,fastsupport4_in,7,refund not credited yet. @helpdeskx2official fastest support #RefundDelay,none,0,0,0,0,0,42,bn,x659650715914814350
x754346966542755608,2026-08-24T14:04:35Z,farhan356x,426,this haul format is everywhere on my feed now #BackToCampus,video,1,0,0,0,0,67,en,
x465893878247039510,2026-08-24T08:36:06Z,kabir12007,666,"false alarm apparently, working again on my end #AppDown",photo,4,0,0,0,0,154,bn,
x850654475903327834,2026-08-24T18:28:15Z,anaya166official,79,last over replay pe replay dekh raha hu #MatchNight,none,0,0,0,0,0,37,ur,
x647420747641641497,2026-08-25T13:19:36Z,shreya9407,598,"friday faves, 42 things i actually used this week #FridayFaves",none,2,0,0,0,0,49,hi,
x599299960822168626,2026-08-24T07:24:14Z,arjun100x,424,"ok it's a regional thing, not a full outage #AppDown",photo,0,0,0,0,0,,en,
x431148337841677013,2026-08-25T15:40:28Z,omar82707,1855,queue was 40 min long and honestly worth it #StreetFoodFinds,photo,13,1,0,1,0,616,en,
x348326315129942181,2026-08-25T00:45:43Z,rahul13107,1474,shipping status change hone me kitna time lagta hai #DeliveryStatus,gif,10,0,0,0,0,581,en,
x613642712703190342,2026-08-24T23:00:21Z,zoya530_in,458,last over replay pe replay dekh raha hu #MatchNight,video,7,1,0,0,0,263,hi,x667625525548417352
x779217754529419756,2026-08-25T17:53:49Z,sunny577x,289,last over replay pe replay dekh raha hu #UnderdogWin,video,2,0,0,0,0,57,hi,
x339037314783352546,2026-08-24T22:05:11Z,arjun43807,103,"back to campus haul, everything under 1200 #BackToCampus",photo,5,1,0,0,0,60,hi,
x478473126491723175,2026-08-25T22:06:15Z,jay101907,467,"genuinely good thread on repairability scores, worth a read #RepairNotReplace",photo,5,1,0,0,0,252,en,
x982619413526306073,2026-08-25T21:22:38Z,farhan997,379,"college list banaya hai, kuch reh gaya? #BackToCampus",photo,14,1,0,1,0,189,hi,
x163990556171595722,2026-08-25T09:10:02Z,dipu369x,1355,watch party er environment ta osadharon chilo #WatchParty,video,10,0,1,0,0,140,hi,
x607621152172953436,2026-08-25T08:49:02Z,vikram33official,237,last over replay pe replay dekh raha hu #UnderdogWin,photo,1,0,0,0,0,34,en,
x713700082240033822,2026-08-25T09:43:39Z,tanvir709x,1322,clip of that moment is everywhere now #WatchParty,none,11,0,1,0,1,215,en,
x888625233654641229,2026-08-25T21:43:33Z,hasan27407,353,"repair karana sasta hai, log samajhte nahi #RightToRepair",photo,5,1,0,0,0,104,ur,
x371787135175309069,2026-08-25T22:33:48Z,rahul24594,2270,last over replay pe replay dekh raha hu #UnderdogWin,none,90,5,2,4,5,2082,bn,
x285557962674348047,2026-08-24T12:22:47Z,jay161official,887,"false alarm apparently, working again on my end #ServerOutage",none,11,1,0,0,1,586,en,
x938260713648181459,2026-08-25T13:45:08Z,sana43719,656,found this 58-rupee plate near the station and i'm never recovering #StreetFoodFinds,photo,7,1,0,0,1,420,ur,
x497244611112064721,2026-08-25T13:38:28Z,arjun340official,810,watch party er environment ta osadharon chilo #SingalongChallenge,photo,16,2,1,0,1,728,en,x571643822370286226
x259321521183808762,2026-08-25T22:29:25Z,arjun1163official,234,found this 27-rupee plate near the station and i'm never recovering #LateNightEats,photo,2,0,0,0,0,103,ur,
x422832288303043181,2026-08-25T16:40:01Z,rizwan104107,572,"late night eats thread, adding this one to the list #LateNightEats",photo,5,0,0,0,0,219,en,
x744930782848814977,2026-08-25T23:07:21Z,sana69official,241,is the app down for everyone or just me #AppDown,photo,3,0,0,0,0,72,hi,
x634681917216506206,2026-08-25T17:07:12Z,priya171x,1015,why is replacing the battery cheaper than the whole phone now #RightToRepair,video,5,0,0,0,0,230,bn,
x985964511420112030,2026-08-25T21:20:24Z,kabir139_,196,last over replay pe replay dekh raha hu #UnderdogWin,photo,8,2,1,0,0,164,hi,
x729191238661605878,2026-08-25T09:08:29Z,imran148_,1827,clip of that moment is everywhere now #WatchParty,video,30,8,3,0,3,1010,hi,
x300191326301230354,2026-08-25T17:22:02Z,fastsupport4_in,7,refund pending since 48 hours. contact @fastsupport4_in for fast resolution #RefundDelay,photo,0,0,0,0,0,42,hi,
x639417151335731913,2026-08-25T16:52:07Z,nadia878x,1463,ei match ta bhulte parbo na #UnderdogWin,none,17,1,2,0,0,1226,en,
x591705291178195891,2026-08-24T07:07:19Z,dipu72official,353,"false alarm apparently, working again on my end #AppDown",photo,1,0,0,0,0,36,en,x898945874878938962
x929546803631948895,2026-08-25T19:06:35Z,omar1025official,197,hostel room setup part 2 #CampusHaul,photo,8,2,1,0,1,170,en,
x783757652346380959,2026-08-25T18:08:09Z,aisha570_in,100,found this 42-rupee plate near the station and i'm never recovering #StreetFoodFinds,none,3,0,0,0,0,90,bn,
x173814012636762545,2026-08-25T16:54:58Z,vikram16807,585,"college list banaya hai, kuch reh gaya? #BackToCampus",none,4,0,0,0,0,337,bn,
x573084727264410420,2026-08-24T00:47:10Z,neel16_in,128,"the whole crowd singing along, chills #WatchParty",video,0,0,0,0,0,71,bn,
x931447451781881954,2026-08-25T13:51:27Z,hasan731_,337,everyone using this audio as a template #WatchParty,none,5,1,0,0,0,223,hi,x213934964649124043
x501262684794266093,2026-08-25T16:08:05Z,kabir179official,578,"late night eats thread, adding this one to the list #LateNightEats",photo,6,0,0,0,0,213,en,
x202199722059598341,2026-08-24T13:27:34Z,meera101_,213,made it into the roundup somehow #WeeklyRoundup,none,0,0,0,0,0,22,en,x109069359895400244
x948819880794023958,2026-08-25T00:36:15Z,jay118_,1840,NOBODY saw that result coming #UnderdogWin,video,37,4,4,2,1,857,hi,
x244232307607671342,2026-08-24T23:56:50Z,fastsupport0_in,71,order stuck? DM @helpdeskx6official solution guaranteed #OrderIssue,none,0,0,0,0,0,39,ur,
x890022006659504747,2026-08-25T10:04:26Z,fastsupport0_in,71,refund pending since 48 hours. contact @refundhelp307 for fast resolution #OrderIssue,none,0,0,0,0,0,40,bn,x679569707801438332
x887537429677705823,2026-08-25T12:46:04Z,hasan894official,197,underdogs really did that tonight #UnderdogWin,video,1,0,0,0,0,38,en,
x133404573333480690,2026-08-25T15:06:49Z,farhan478756,5117,"the whole crowd singing along, chills #SingalongChallenge",video,106,26,2,1,3,2184,en,x263606247574650535
x790486181660818341,2026-08-25T18:54:10Z,vikram960270,5085,everyone using this audio as a template #SingalongChallenge,none,26,6,2,1,2,1930,en,
x850478894039050670,2026-08-25T20:41:13Z,neel250_in,14,hostel room setup part 2 #BackToCampus,photo,0,0,0,0,0,36,hi,
x864971933407577554,2026-08-25T19:19:09Z,dipu1002,371,queue was 40 min long and honestly worth it #LateNightEats,photo,7,1,0,0,0,135,hi,
x660294002474201631,2026-08-25T12:27:18Z,neel60707,222,"genuinely good thread on repairability scores, worth a read #RepairNotReplace",none,6,1,0,0,0,162,en,
x995933195585029138,2026-08-25T22:33:52Z,tara944_,580,"bhai ye wala stall best hai, 12 me itna khana #StreetFoodFinds",photo,21,2,3,1,1,353,en,x109630560979238786
x522560444998999735,2026-08-25T14:52:07Z,vikram112official,183,"parts pairing is the real problem, not the screws #RightToRepair",gif,3,0,0,0,0,72,ur,x380754442330193861
x968744061928757584,2026-08-25T20:21:23Z,fastsupport4_in,7,refund pending since 48 hours. contact @refundhelp1 for fast resolution #RefundDelay,video,0,0,0,0,0,30,bn,
x566110949108343549,2026-08-25T13:14:38Z,aisha604x,85,"bhai ye wala stall best hai, 58 me itna khana #LateNightEats",none,4,0,0,0,0,45,hi,
x328984672874034175,2026-08-25T19:27:31Z,hasan93,2018,"the whole crowd singing along, chills #WatchParty",photo,,4,0,0,2,,hi,
x260043092904360009,2026-08-25T21:29:35Z,anaya853_,239,"late night eats thread, adding this one to the list #LateNightEats",none,10,1,0,0,1,198,bn,
x867405717363551275,2026-08-25T16:23:06Z,kabir179official,578,"the whole crowd singing along, chills #WatchParty",video,3,0,0,0,0,277,hi,
x128001537031867563,2026-08-25T17:10:47Z,tara944_,580,"repair karana sasta hai, log samajhte nahi #RepairNotReplace",video,10,2,1,0,1,485,en,
x831184916995748599,2026-08-25T17:19:24Z,meera13529,3158,NOBODY saw that result coming #MatchNight,none,54,7,1,3,2,2569,bn,
x551488785051057805,2026-08-25T23:30:37Z,arjun1140official,250,"ok it's a regional thing, not a full outage #ServerOutage",video,6,1,0,0,0,112,en,
x450816691752996923,2026-08-25T00:34:50Z,meera170686,253,last over replay pe replay dekh raha hu #UnderdogWin,video,5,1,0,0,0,234,en,
x638995644499420521,2026-08-25T01:36:44Z,meera535_,650,"repair karana sasta hai, log samajhte nahi #RepairNotReplace",video,8,2,1,0,0,423,en,
x469412281188048745,2026-08-25T20:21:41Z,rahul22707,282,hostel room setup part 2 #CampusHaul,photo,1,0,0,0,0,,en,
x973523575149706744,2026-08-25T19:43:59Z,omar538,429,found this 18-rupee plate near the station and i'm never recovering #LateNightEats,none,1,0,0,0,0,72,ur,
x204211047311416176,2026-08-25T00:14:11Z,aisha14007,2128,clip of that moment is everywhere now #SingalongChallenge,video,11,3,1,0,0,978,en,
x855751680407488399,2026-08-24T08:48:37Z,claimnow8,109,"order issue solved in 10 min, DM @fastsupport4_in #RefundDelay",none,0,0,0,0,0,49,en,
x881914183318210494,2026-08-25T09:27:59Z,jay735_in,105,"the whole crowd singing along, chills #WatchParty",video,1,0,0,0,0,23,en,
x694731855993420483,2026-08-25T14:17:13Z,hasan508,382,"the whole crowd singing along, chills #WatchParty",video,4,0,0,0,0,171,en,
x615869552744044539,2026-08-25T01:01:02Z,fastsupport0_in,,"order issue solved in 10 min, DM @refundhelp307 #RefundDelay",none,,0,0,0,0,,en,
x774823979196781477,2026-08-24T19:26:25Z,imran15,1338,biggest upset of the season easily #UnderdogWin,video,9,0,0,0,1,437,en,
x936694894117037580,2026-08-25T23:23:42Z,rahul120307,393,third time this week honestly #AppDown,photo,13,1,1,0,1,307,en,x886111722978203759
x761884426623504650,2026-08-25T09:19:34Z,priya695x,11071,why is replacing the battery cheaper than the whole phone now #RightToRepair,video,34,7,1,0,4,1399,en,
x900610852263540466,2026-08-25T09:12:48Z,aisha44507,245,everyone using this audio as a template #WatchParty,none,3,0,0,0,0,228,en,
x747476509278103836,2026-08-25T22:37:49Z,farhan1106x,471,"parts pairing is the real problem, not the screws #RightToRepair",none,33,9,2,1,3,498,hi,x690105430711358795
x799279701791593301,2026-08-25T22:44:25Z,meera491x,199,"college list banaya hai, kuch reh gaya? #BackToCampus",photo,1,0,0,0,0,102,ur,
x169050288269440267,2026-08-25T19:28:32Z,sunny480_,796,"late night eats thread, adding this one to the list #StreetFoodFinds",photo,6,0,0,0,0,258,en,
x376664454233480474,2026-08-25T21:04:52Z,claimnow8,109,order stuck? DM @helpdeskx7x solution guaranteed #OrderIssue,none,0,0,0,0,0,48,en,
x814805079052344759,2026-08-25T17:58:28Z,zoya9207,407,"spec sheet looks great, real world is mid imo #GadgetCheck",photo,4,0,0,0,0,147,en,
x877063767658916012,2026-08-25T21:11:28Z,aisha902x,6158,NOBODY saw that result coming #UnderdogWin,video,23,6,1,0,0,835,en,
x231686244611026194,2026-08-24T23:23:37Z,neel554official,1135,"late night eats thread, adding this one to the list #LateNightEats",none,45,9,4,1,5,1260,en,
x969498740834124133,2026-08-25T19:02:08Z,rahul1136,574,this haul format is everywhere on my feed now #BackToCampus,none,21,5,3,0,3,348,en,
x548663972796471567,2026-08-25T13:35:46Z,helpdeskx7x,14,"order issue solved in 10 min, DM @fastsupport4_in #RefundDelay",none,0,0,0,0,0,26,hi,
x116696998248734854,2026-08-25T11:51:17Z,jay393666,114,NOBODY saw that result coming #MatchNight,photo,1,0,0,0,0,56,en,
x578501301316818733,2026-08-25T22:27:29Z,tanvir803official,679,"took it to a local shop, fixed for 3400. brand quoted 5x that #RepairNotReplace",photo,7,1,0,0,0,264,en,
x198589229523373880,2026-08-25T22:47:26Z,farhan4107,647,NOBODY saw that result coming #UnderdogWin,photo,4,0,0,0,0,169,en,
x468773703514819660,2026-08-25T20:17:37Z,meera521,256,"late night eats thread, adding this one to the list #LateNightEats",photo,4,0,0,0,0,187,en,x919742630372846684
x654375589996050512,2026-08-24T23:09:56Z,neel352,842,everyone using this audio as a template #SingalongChallenge,none,2,0,0,0,0,310,en,x644391654186162040
x570749720810472760,2026-08-25T13:41:14Z,rahul11407,626,found this 27-rupee plate near the station and i'm never recovering #StreetFoodFinds,none,1,0,0,0,0,52,ur,
x792734716463886346,2026-08-25T21:45:10Z,hasan1193,1741,everyone using this audio as a template #WatchParty,photo,3,0,0,0,0,267,en,
x881255310407822929,2026-08-25T09:02:47Z,aisha37907,564,underdogs really did that tonight #UnderdogWin,video,5,0,0,0,0,664,en,
x643250637315135012,2026-08-25T17:07:05Z,kabir776321,1290,"parts pairing is the real problem, not the screws #RightToRepair",none,11,3,0,0,0,360,en,
x213035659165666512,2026-08-25T10:09:57Z,shreya162x,3036,NOBODY saw that result coming #UnderdogWin,video,180,22,35,4,17,2473,en,
x150673940808250706,2026-08-25T08:16:03Z,nadia70307,1062,watch party er environment ta osadharon chilo #SingalongChallenge,video,5,1,0,0,0,259,en,
x773773732891639462,2026-08-25T01:30:52Z,nadia222_,90,clip of that moment is everywhere now #WatchParty,none,0,0,0,0,0,105,en,
x243116884097943130,2026-08-25T17:29:28Z,tara26407,181,last over replay pe replay dekh raha hu #MatchNight,photo,10,0,1,0,0,159,en,
x501433529604027036,2026-08-25T20:50:14Z,priya150,270,last over replay pe replay dekh raha hu #MatchNight,video,0,0,0,0,0,77,en,
x550758695964740888,2026-08-25T08:13:21Z,vikram50407,1546,ei match ta bhulte parbo na #UnderdogWin,video,12,2,1,0,1,250,hi,
x491533371250358708,2026-08-25T14:46:18Z,meera969x,1275,why is replacing the battery cheaper than the whole phone now #RightToRepair,none,31,1,3,0,4,1002,bn,
x600769451862020055,2026-08-25T14:57:12Z,dipu72official,353,queue was 40 min long and honestly worth it #StreetFoodFinds,photo,2,0,0,0,0,197,en,x978895369078589478
x545493170885993234,2026-08-25T16:33:49Z,nadia364x,86,"bhai ye wala stall best hai, 58 me itna khana #LateNightEats",none,2,0,0,0,0,82,bn,
x156052091103060695,2026-08-25T12:10:31Z,dipu667x,774,"false alarm apparently, working again on my end #AppDown",video,3,0,0,0,0,172,en,
x507027689324379239,2026-08-25T14:11:29Z,imran15,1338,"genuinely good thread on repairability scores, worth a read #RightToRepair",none,18,3,2,0,0,338,en,x391127410903946567
x862728002117224069,2026-08-25T14:16:42Z,dipu102x,726,"this week's roundup is live, have a read #FridayFaves",none,18,3,2,0,0,688,en,
x659782556904029701,2026-08-24T21:32:55Z,priya306721,1077,clip of that moment is everywhere now #SingalongChallenge,photo,9,2,0,0,0,507,hi,x597782156549117558
x731647678153121095,2026-08-25T18:21:06Z,shreya152official,315,"ei jaygar khabar ta darun, must try #LateNightEats",photo,6,1,1,0,0,99,en,x873607755616495186
x273597694505165827,2026-08-25T13:03:10Z,farhan742_,86,NOBODY saw that result coming #UnderdogWin,video,2,0,0,0,0,33,hi,
x402440124234758948,2026-08-25T17:40:05Z,farhan106484,762,everyone using this audio as a template #WatchParty,video,5,1,0,0,0,208,en,
x683008688091594111,2026-08-25T23:08:29Z,farhan59707,421,this haul format is everywhere on my feed now #CampusHaul,photo,2,0,0,0,0,55,en,
x850916624124688936,2026-08-24T22:56:32Z,aisha507official,68,found this 18-rupee plate near the station and i'm never recovering #LateNightEats,none,1,0,0,0,0,56,en,x845186851343980577
x350271451493157492,2026-08-25T21:03:32Z,refundhelp1,15,refund pending since 48 hours. contact @fastsupport507 for fast resolution #RefundDelay,video,0,0,0,0,0,34,en,
x398991147754881581,2026-08-25T11:23:24Z,zoya832_in,1483,ei match ta bhulte parbo na #MatchNight,photo,16,4,3,0,0,426,hi,
x371448559995315631,2026-08-25T21:06:49Z,rizwan39507,483,"late night eats thread, adding this one to the list #StreetFoodFinds",photo,18,1,0,1,1,471,en,
x700027566942032493,2026-08-24T19:14:12Z,fastsupport507,133,refund pending since 48 hours. contact @fastsupport4_in for fast resolution #OrderIssue,video,0,0,0,0,0,42,en,
x803175202355321319,2026-08-25T17:52:13Z,zoya48_in,287,still stuck on the loading screen #AppDown,none,19,3,1,1,1,203,ur,
x376695087114398621,2026-08-25T22:14:01Z,imran610_in,1689,"repair karana sasta hai, log samajhte nahi #RightToRepair",video,54,17,9,1,7,1240,en,
x918030216965528007,2026-08-25T23:24:29Z,priya426,886,"late night eats thread, adding this one to the list #StreetFoodFinds",none,6,1,0,0,0,417,hi,
x641839408118119502,2026-08-25T22:21:39Z,sunny1089x,264,underdogs really did that tonight #MatchNight,photo,3,0,0,0,0,49,ur,
x550626531073847213,2026-08-25T21:37:41Z,hasan65_in,480,everyone using this audio as a template #SingalongChallenge,none,10,1,0,0,0,336,ur,
x497490458259726291,2026-08-25T11:25:16Z,omar74407,5025,watch party er environment ta osadharon chilo #SingalongChallenge,photo,68,16,2,4,0,1594,en,
x255806868777957332,2026-08-24T20:55:52Z,bina468_,164,"bhai ye wala stall best hai, 58 me itna khana #StreetFoodFinds",photo,3,0,0,0,0,77,en,x925233954851498695
x235574285543518077,2026-08-25T09:24:52Z,nadia384_in,2162,everyone using this audio as a template #WatchParty,none,6,0,0,0,0,1066,en,
x209748379346490527,2026-08-24T22:35:58Z,bina468_,164,"bhai ye wala stall best hai, 103 me itna khana #LateNightEats",none,0,0,0,0,0,22,en,
x165719191050947482,2026-08-25T11:55:26Z,sunny557,795,underdogs really did that tonight #MatchNight,video,23,3,2,1,0,553,hi,
x347265055742216735,2026-08-25T08:15:51Z,helpdeskx7x,14,"order issue solved in 10 min, DM @fastsupport0_in #OrderIssue",none,0,0,0,0,0,28,bn,
x363200573298543698,2026-08-25T15:56:59Z,dipu453809,172,"parts pairing is the real problem, not the screws #RightToRepair",video,2,0,0,0,0,143,en,
x963897528993475295,2026-08-25T20:32:53Z,nadia406x,206,is the app down for everyone or just me #AppDown,none,5,1,0,0,0,81,bn,
x575094448080368107,2026-08-25T22:51:12Z,meera74_,2554,shipping status change hone me kitna time lagta hai #ShippingUpdate,video,4,1,0,0,0,467,hi,x205496371885172228
x156851890987098938,2026-08-25T12:23:28Z,dipu185_in,617,"parts pairing is the real problem, not the screws #RepairNotReplace",photo,17,1,2,1,0,317,hi,x104950252504068735
x893976541345029481,2026-08-25T20:24:39Z,jay842x,713,"genuinely good thread on repairability scores, worth a read #RightToRepair",video,38,2,2,1,2,567,hi,x980254910735327871
x174529558993405808,2026-08-25T15:50:45Z,arjun325995,750,"repair karana sasta hai, log samajhte nahi #RepairNotReplace",none,46,3,4,0,2,833,hi,
x242937753226921861,2026-08-25T09:35:27Z,jay393666,114,"repair karana sasta hai, log samajhte nahi #RepairNotReplace",video,2,0,0,0,0,27,hi,x938935870289268344
x495238836533663817,2026-08-24T18:53:44Z,omar4407,2871,anyone know how long the update usually takes? #ShippingUpdate,video,51,14,3,3,3,1314,bn,
x623678548753484992,2026-08-25T13:45:20Z,dipu510_in,546,NOBODY saw that result coming #UnderdogWin,photo,24,1,2,0,2,485,en,
x387254366604067787,2026-08-25T11:44:11Z,rizwan543_in,369,"bhai ye wala stall best hai, 27 me itna khana #LateNightEats",video,5,0,0,0,0,117,en,
x460561478825702121,2026-08-24T13:16:29Z,arjun244x,430,"the whole crowd singing along, chills #WatchParty",video,7,2,0,0,0,314,en,
x314533237463183744,2026-08-25T15:35:33Z,arjun814_,126,"repair karana sasta hai, log samajhte nahi #RightToRepair",photo,2,0,0,0,0,104,ur,
x475811924665295171,2026-08-24T16:53:52Z,tanvir277867,29,biggest upset of the season easily #MatchNight,video,0,0,0,0,0,22,en,
x819739419742326740,2026-08-24T22:47:46Z,kabir134_,2531,"genuinely good thread on repairability scores, worth a read #RepairNotReplace",none,68,3,5,1,2,2034,en,
x953720286747475702,2026-08-25T19:30:22Z,fastsupport507,133,order stuck? DM @helpdeskx2official solution guaranteed #OrderIssue,video,0,0,0,0,0,140,hi,x195217446859295953
x261997854218867870,2026-08-25T19:48:25Z,farhan656_in,811,still stuck on the loading screen #AppDown,none,21,2,4,1,2,452,en,
x891028091064694977,2026-08-25T22:44:20Z,kabir522_,562,"back to campus haul, everything under 1800 #BackToCampus",photo,8,0,0,0,0,290,en,
x455206487989579551,2026-08-24T23:15:40Z,meera385398,2042,still stuck on the loading screen #AppDown,none,16,1,1,1,1,692,ur,
x875781768449283295,2026-08-24T10:45:35Z,omar127_in,1593,"ok it's a regional thing, not a full outage #ServerOutage",video,3,1,0,0,0,578,en,
x860826318250941499,2026-08-25T09:52:32Z,claimnow8,109,"order issue solved in 10 min, DM @helpdeskx2official #RefundDelay",video,0,0,0,0,0,22,hi,x354819968183721588
x754121387294814567,2026-08-25T00:29:46Z,kabir229,217,underdogs really did that tonight #MatchNight,none,4,0,0,0,0,,hi,
x767758277468229973,2026-08-25T23:08:55Z,nadia710official,58,biggest upset of the season easily #UnderdogWin,video,2,0,0,0,0,29,hi,x987897953157324223
x294589685735173087,2026-08-24T15:44:13Z,bina113_in,549,queue was 40 min long and honestly worth it #LateNightEats,photo,8,0,0,0,1,314,hi,
x715507161972546396,2026-08-24T22:47:08Z,meera385398,2042,"genuinely good thread on repairability scores, worth a read #RightToRepair",none,60,16,11,2,5,2015,en,
x450109497997056892,2026-08-25T23:54:50Z,hasan841_in,374,"late night eats thread, adding this one to the list #LateNightEats",video,10,2,0,0,0,220,en,x745261751799608589
x500205596986675076,2026-08-25T10:19:22Z,tanvir110,1349,NOBODY saw that result coming #MatchNight,none,12,3,1,0,1,451,en,
x600205015423368467,2026-08-25T08:04:06Z,sunny420_,726,queue was 40 min long and honestly worth it #StreetFoodFinds,photo,9,2,1,0,1,466,bn,
x361533679868973748,2026-08-25T10:34:25Z,refundhelp1,15,refund not credited yet. @refundhelp307 fastest support #RefundDelay,none,0,0,0,0,0,38,en,x844835185119008263
x156296792867454966,2026-08-24T20:19:39Z,refundhelp307,56,"order issue solved in 10 min, DM @refundhelp307 #OrderIssue",none,0,0,0,0,0,28,en,
x513629739115921128,2026-08-25T20:38:34Z,priya806230,2493,hostel room setup part 2 #BackToCampus,photo,109,32,4,8,16,1163,en,
x684716247687516556,2026-08-24T02:16:26Z,omar132_in,699,is it actually worth 58k or nah #GadgetCheck,video,8,1,0,0,0,254,en,
x534979404281422599,2026-08-25T16:22:22Z,dipu194_in,1122,"bhai ye wala stall best hai, 42 me itna khana #LateNightEats",photo,18,6,2,1,1,879,en,
x165328419149730464,2026-08-25T11:45:42Z,tanvir843_in,486,"bhai ye wala stall best hai, 42 me itna khana #LateNightEats",photo,2,0,0,0,0,48,en,
x749635772320121108,2026-08-25T11:29:08Z,jay53907,55,clip of that moment is everywhere now #SingalongChallenge,video,2,0,0,0,0,27,en,
x994869848118372654,2026-08-25T15:36:00Z,neel964151,1292,NOBODY saw that result coming #UnderdogWin,photo,32,5,1,0,2,810,en,
x309268047333312108,2026-08-25T23:53:09Z,tanvir803official,679,[deleted],none,0,0,0,0,0,379,hi,
x414533995774350136,2026-08-25T15:50:52Z,imran8707,361,everyone using this audio as a template #WatchParty,video,5,1,0,0,0,144,en,
x483884219523495650,2026-08-25T15:46:17Z,shreya718_in,256,NOBODY saw that result coming #MatchNight,none,5,0,0,0,0,266,en,
x163579155282597238,2026-08-25T08:32:23Z,bina558official,833,everyone using this audio as a template #WatchParty,video,20,1,0,0,0,503,en,
x387277728567809924,2026-08-25T21:18:57Z,tara292502,1824,"genuinely good thread on repairability scores, worth a read #RepairNotReplace",none,122,10,8,5,3,1817,en,x849535263555172825
x374179553419480984,2026-08-25T12:09:33Z,priya94507,324,watch party er environment ta osadharon chilo #WatchParty,video,3,0,0,0,0,164,en,
x546271759118259082,2026-08-25T11:34:30Z,zoya79,3470,is it actually worth 34k or nah #GadgetCheck,none,96,15,5,2,5,2875,en,
x114022459798675786,2026-08-24T11:01:54Z,neel16_in,128,watch party er environment ta osadharon chilo #SingalongChallenge,video,3,0,0,0,0,97,en,
x564081685918979866,2026-08-25T12:52:00Z,jay164536,473,"late night eats thread, adding this one to the list #StreetFoodFinds",photo,4,0,0,0,0,216,en,
x762454345661929294,2026-08-25T08:53:18Z,claimnow8,109,refund pending since 48 hours. contact @fastsupport507 for fast resolution #RefundDelay,none,0,0,0,0,0,130,en,
x338843401615169867,2026-08-25T19:30:42Z,anaya452x,569,"genuinely good thread on repairability scores, worth a read #RightToRepair",none,8,0,1,0,0,516,hi,
x404014888827005559,2026-08-24T23:14:01Z,farhan33907,3473,ei match ta bhulte parbo na #UnderdogWin,video,39,12,2,0,1,2311,en,
x178619112999478458,2026-08-25T15:16:01Z,aisha239989,113,biggest upset of the season easily #UnderdogWin,video,2,0,0,0,0,77,bn,
x796566023614224817,2026-08-25T16:45:05Z,tanvir563132,987,"repair karana sasta hai, log samajhte nahi #RightToRepair",gif,36,10,4,0,3,712,en,
x548669005742428361,2026-08-25T21:21:46Z,zoya805595,628,underdogs really did that tonight #MatchNight,none,45,14,7,3,3,812,en,
x424207992250976421,2026-08-25T16:52:15Z,omar449,1183,NOBODY saw that result coming #UnderdogWin,video,35,7,2,1,4,939,en,x395078326606780692
x773923777351726979,2026-08-25T12:38:38Z,kabir90907,2025,"bhai ye wala stall best hai, 18 me itna khana #StreetFoodFinds",photo,29,9,5,1,1,951,hi,
x861697350797556461,2026-08-25T08:39:15Z,fastsupport4_in,7,"order issue solved in 10 min, DM @helpdeskx2official #RefundDelay",none,0,0,0,0,0,37,en,
x103885826507615018,2026-08-25T12:22:56Z,priya725644,2160,clip of that moment is everywhere now #SingalongChallenge,photo,5,0,0,0,0,206,en,
x766626407895858145,2026-08-24T06:09:25Z,helpdeskx6official,111,"order issue solved in 10 min, DM @helpdeskx6official #OrderIssue",photo,0,0,0,0,0,37,en,x962242215701390098
x635247868648389448,2026-08-25T13:50:51Z,fastsupport4_in,7,refund pending since 48 hours. contact @refundhelp1 for fast resolution #OrderIssue,video,0,0,0,0,0,20,en,x429260967095108111
x127085181332055480,2026-08-25T22:38:37Z,fastsupport4_in,7,refund not credited yet. @fastsupport507 fastest support #RefundDelay,none,0,0,0,0,0,24,hi,
x891321350880826754,2026-08-25T10:29:03Z,helpdeskx7x,14,order stuck? DM @fastsupport0_in solution guaranteed #RefundDelay,none,0,0,0,0,0,40,hi,
x356767047785275918,25/08/2026 20:54,farhan57official,1296,"took it to a local shop, fixed for 1200. brand quoted 5x that #RightToRepair",video,4,0,0,0,0,372,bn,
x179257171289321019,2026-08-25T13:19:09Z,rizwan10407,231,ei match ta bhulte parbo na #UnderdogWin,video,4,1,0,0,0,63,en,x337734886060273050
x620659483280945157,2026-08-25T01:21:54Z,vikram204official,5223,this haul format is everywhere on my feed now #CampusHaul,photo,32,8,4,0,2,942,en,
x682158039294361460,2026-08-24T10:26:37Z,shreya212_,90,"college list banaya hai, kuch reh gaya? #BackToCampus",photo,0,0,0,0,0,32,hi,
x411967953283958174,2026-08-25T15:43:47Z,aisha912,746,"ei jaygar khabar ta darun, must try #StreetFoodFinds",none,14,3,1,0,0,508,hi,x745231603784792766
x416904700634459184,2026-08-25T19:50:47Z,shreya1065_in,46,found this 58-rupee plate near the station and i'm never recovering #StreetFoodFinds,photo,0,0,0,0,0,39,en,
x862520571048232508,2026-08-25T17:26:16Z,dipu52x,655,"bhai ye wala stall best hai, 34 me itna khana #StreetFoodFinds",none,2,0,0,0,0,69,bn,
x174975928863950707,2026-08-25T19:47:06Z,priya306721,1077,NOBODY saw that result coming #MatchNight,photo,21,4,0,1,0,631,en,
x377761210153171684,2026-08-25T12:37:51Z,nadia860official,502,"ei jaygar khabar ta darun, must try #LateNightEats",none,9,2,1,0,0,258,en,
x396556814110664079,2026-08-24T10:52:20Z,kabir3407,2038,still stuck on the loading screen #ServerOutage,video,21,1,1,0,2,1034,ur,
x968292255309506783,2026-08-25T18:33:47Z,tara669_in,521,"bhai ye wala stall best hai, 27 me itna khana #LateNightEats",video,16,1,0,0,2,414,en,
x737065240790023189,2026-08-25T17:56:34Z,aisha700x,459,queue was 40 min long and honestly worth it #StreetFoodFinds,none,4,0,0,0,0,110,hi,
x475164952982087641,25/08/2026 20:01,helpdeskx7x,14,"order issue solved in 10 min, DM @helpdeskx2official #RefundDelay",photo,0,0,0,0,0,43,hi,
x526824971197241084,2026-08-25T20:13:13Z,imran51_,151,"parts pairing is the real problem, not the screws #RightToRepair",photo,3,0,0,0,0,84,bn,x588404899165142771
x286690823545351991,2026-08-24T16:15:53Z,bina31,347,"delivery took 3 days longer than promised, finally here #ShippingUpdate",video,9,0,1,0,0,268,en,
x155915825310291914,2026-08-25T23:30:12Z,helpdeskx7x,14,refund pending since 48 hours. contact @claimnow8 for fast resolution #RefundDelay,photo,0,0,0,0,0,20,bn,x756136000987118728
x643239364782167495,2026-08-25T12:47:24Z,fastsupport0_in,71,order stuck? DM @helpdeskx2official solution guaranteed #OrderIssue,photo,0,0,0,0,0,41,bn,
x576527647464602173,2026-08-25T19:56:19Z,meera891official,161,why is replacing the battery cheaper than the whole phone now #RightToRepair,photo,1,0,0,0,0,71,en,
x544649970295045142,2026-08-25T16:34:03Z,priya497_in,174,clip of that moment is everywhere now #SingalongChallenge,none,1,0,0,0,0,81,en,
x173699524753155985,2026-08-25T18:25:43Z,fastsupport4_in,7,order stuck? DM @claimnow8 solution guaranteed #OrderIssue,none,0,0,0,0,0,23,ur,
x523843290603243410,2026-08-25T16:53:10Z,omar449,,"took it to a local shop, fixed for 3400. brand quoted 5x that #RightToRepair",none,,13,6,1,6,,hi,
x699797471088601611,2026-08-25T01:40:11Z,shreya152official,315,found this 27-rupee plate near the station and i'm never recovering #StreetFoodFinds,none,4,1,0,0,0,119,bn,
x683785844258844552,2026-08-25T21:26:18Z,meera1080,168,"late night eats thread, adding this one to the list #StreetFoodFinds",photo,4,1,0,0,0,51,en,
x812291324902021174,2026-08-25T12:01:44Z,shreya299official,640,"the whole crowd singing along, chills #SingalongChallenge",photo,19,5,3,0,1,505,en,
x367951496820894487,2026-08-25T08:41:25Z,aisha226_,192,biggest upset of the season easily #MatchNight,photo,6,1,0,0,0,71,hi,
x103603143869573385,2026-08-24T16:30:09Z,neel32079,248,this haul format is everywhere on my feed now #BackToCampus,photo,3,0,0,0,0,70,en,
x567726191219269146,2026-08-25T19:59:03Z,hasan1045_,1658,watch party er environment ta osadharon chilo #WatchParty,video,26,7,0,1,2,745,bn,x920228787568526662
x980706315224200316,2026-08-25T11:08:37Z,omar921official,1344,"bhai ye wala stall best hai, 42 me itna khana #StreetFoodFinds",none,11,3,1,0,1,288,en,
x757078150727653513,2026-08-25T16:20:58Z,shreya64007,210,"the whole crowd singing along, chills #WatchParty",video,7,1,0,0,0,241,en,
x641653458292036204,2026-08-24T21:57:42Z,meera27907,560,clip of that moment is everywhere now #WatchParty,video,9,1,0,0,1,151,en,
x743387854701463988,2026-08-25T00:35:21Z,rahul64official,309,"bhai ye wala stall best hai, 18 me itna khana #LateNightEats",none,5,0,0,0,0,216,en,x529228537069154403
x231886417418331568,2026-08-25T23:10:49Z,sana457x,212,third time this week honestly #ServerOutage,video,3,0,0,0,0,208,en,
x112516533552169763,2026-08-24T09:53:13Z,aisha256x,2208,this haul format is everywhere on my feed now #BackToCampus,photo,71,9,13,5,7,2257,en,
x677300282350260985,2026-08-25T15:43:43Z,arjun351378,337,watch party er environment ta osadharon chilo #WatchParty,none,9,0,1,0,0,301,en,
x338128097441958285,2026-08-25T15:25:53Z,omar25807,636,clip of that moment is everywhere now #WatchParty,none,1,0,0,0,0,53,hi,
x910596262243105301,2026-08-25T19:39:11Z,meera1058994,272,last over replay pe replay dekh raha hu #MatchNight,video,11,3,0,0,1,177,en,
x296129456148878997,2026-08-25T01:15:06Z,tanvir349179,203,"parts pairing is the real problem, not the screws #RightToRepair",none,2,0,0,0,0,75,bn,x172357088268791411
x463190078029362358,2026-08-25T23:01:26Z,helpdeskx7x,14,refund not credited yet. @refundhelp1 fastest support #OrderIssue,none,0,0,0,0,0,37,en,x306550616254495389
x641977128608646705,2026-08-24T14:27:57Z,shreya9407,598,"this week's roundup is live, have a read #FridayFaves",video,4,1,0,0,0,368,hi,
x238998704581663851,2026-08-25T22:06:16Z,tanvir803official,679,watch party er environment ta osadharon chilo #WatchParty,video,8,0,0,0,0,683,en,x602080914157327553
x892957463303478677,2026-08-25T12:26:53Z,rizwan289official,384,found this 18-rupee plate near the station and i'm never recovering #StreetFoodFinds,photo,4,0,0,0,0,143,en,
x680719235911323417,2026-08-25T20:33:26Z,zoya1134x,259,"repair karana sasta hai, log samajhte nahi #RightToRepair",none,2,0,0,0,0,63,en,
x900355943360662685,2026-08-25T11:14:08Z,bina89207,587,clip of that moment is everywhere now #SingalongChallenge,video,12,3,2,0,0,246,en,
x973039139116673439,2026-08-24T12:30:10Z,claimnow8,109,"order issue solved in 10 min, DM @helpdeskx2official #OrderIssue",none,0,0,0,0,0,38,en,
x171181933532345754,2026-08-25T15:44:39Z,helpdeskx7x,14,refund not credited yet. @helpdeskx6official fastest support #RefundDelay,none,0,0,0,0,0,30,en,
x449534664702159722,2026-08-25T17:29:23Z,bina12807,80,"late night eats thread, adding this one to the list #StreetFoodFinds",photo,0,0,0,0,0,62,en,
x229244841948248430,2026-08-25T18:37:27Z,imran192official,1828,"the whole crowd singing along, chills #WatchParty",photo,12,0,2,0,1,295,en,
x383603775382952109,2026-08-25T17:14:05Z,anaya298x,476,"repair karana sasta hai, log samajhte nahi #RepairNotReplace",none,2,0,0,0,0,67,en,
x383235129272513558,2026-08-25T22:29:25Z,helpdeskx2official,4,refund not credited yet. @claimnow8 fastest support #RefundDelay,photo,0,0,0,0,0,30,bn,
x118460374902346620,2026-08-24T16:41:41Z,fastsupport507,133,"order issue solved in 10 min, DM @refundhelp1 #OrderIssue",none,0,0,0,0,0,91,en,x916729253029677191
x559209920893952058,2026-08-25T22:21:20Z,tanvir683,216,still stuck on the loading screen #ServerOutage,video,7,1,0,0,0,154,en,
x238407943923053859,2026-08-25T21:30:23Z,bina836_in,195,last over replay pe replay dekh raha hu #MatchNight,video,2,0,0,0,0,113,en,x809609561050386570
x912354449707419652,2026-08-25T12:32:53Z,imran25107,327,underdogs really did that tonight #MatchNight,photo,7,0,0,0,0,123,en,
x412563684764353897,2026-08-25T12:41:33Z,farhan96531,136,NOBODY saw that result coming #MatchNight,photo,2,0,0,0,0,122,en,
x531637191026162487,2026-08-25T09:44:52Z,priya759,555,everyone using this audio as a template #SingalongChallenge,video,10,2,1,0,1,292,en,
x203108859427050002,2026-08-25T00:17:54Z,aisha28307,,last over replay pe replay dekh raha hu #UnderdogWin,video,,2,0,0,0,,ur,
x420296321951479319,2026-08-25T17:28:24Z,shreya303269,309,"ei jaygar khabar ta darun, must try #StreetFoodFinds",none,0,0,0,0,0,37,hi,
x750183695933283421,2026-08-25T12:08:51Z,arjun559x,935,everyone using this audio as a template #WatchParty,video,10,1,1,0,0,162,en,
x910477736692481323,2026-08-25T00:56:20Z,meera462x,75,watch party er environment ta osadharon chilo #WatchParty,photo,1,0,0,0,0,43,en,
x362828472909470106,2026-08-25T18:50:57Z,fastsupport0_in,71,refund pending since 48 hours. contact @claimnow8 for fast resolution #RefundDelay,photo,0,0,0,0,0,59,en,
x635685723838227882,2026-08-25T18:18:15Z,jay27_,323,everyone using this audio as a template #WatchParty,video,6,1,0,0,0,160,en,
x567155767653417139,2026-08-24T11:45:25Z,omar73,538,"late night eats thread, adding this one to the list #LateNightEats",photo,10,2,0,0,0,378,en,
x380227411030451727,2026-08-25T21:50:08Z,sunny90,585,everyone using this audio as a template #WatchParty,none,11,3,0,0,1,671,en,
x544555555816244126,2026-08-25T18:04:03Z,fastsupport0_in,71,refund pending since 48 hours. contact @fastsupport0_in for fast resolution #RefundDelay,photo,0,0,0,0,0,27,en,x106863621759177944
x818085365613638259,2026-08-24T01:51:32Z,imran14official,581,"ei jaygar khabar ta darun, must try #StreetFoodFinds",none,11,0,1,0,0,302,en,
x996522147540648011,2026-08-25T14:59:20Z,sunny420_,726,watch party er environment ta osadharon chilo #WatchParty,video,13,3,1,0,1,274,en,x462214157980847926
x605738911108642352,2026-08-24T20:22:08Z,tanvir2_in,439,"parts pairing is the real problem, not the screws #RepairNotReplace",none,1,0,0,0,0,76,en,
x623081604949793690,2026-08-25T22:33:43Z,tara1011official,637,watch party er environment ta osadharon chilo #SingalongChallenge,video,8,2,1,0,0,140,en,
x344797600301214429,2026-08-24T21:51:49Z,fastsupport507,133,refund pending since 48 hours. contact @fastsupport0_in for fast resolution #RefundDelay,none,0,0,0,0,0,67,hi,
x633032547624807306,2026-08-25T23:32:01Z,rizwan988x,540,underdogs really did that tonight #UnderdogWin,none,8,1,0,0,0,281,hi,
x973707020378437830,2026-08-25T08:36:00Z,nadia476301,149,"the whole crowd singing along, chills #SingalongChallenge",video,1,0,0,0,0,57,hi,
x133729382098415774,2026-08-24T18:58:40Z,neel21_in,459,clip of that moment is everywhere now #WatchParty,video,10,0,0,0,1,123,en,
x769483036586504220,2026-08-25T23:37:49Z,sana609_,409,watch party er environment ta osadharon chilo #WatchParty,none,3,0,0,0,0,59,en,
x453843911557330901,2026-08-25T12:26:44Z,vikram138_in,500,"the whole crowd singing along, chills #SingalongChallenge",none,2,0,0,0,0,105,en,
x479323181171741663,2026-08-25T13:32:27Z,refundhelp307,56,refund pending since 48 hours. contact @claimnow8 for fast resolution #OrderIssue,none,0,0,0,0,0,56,en,
x256712831920937982,2026-08-24T08:21:34Z,aisha14007,2128,ei match ta bhulte parbo na #MatchNight,video,79,12,6,1,8,2351,ur,
x900388732009347264,2026-08-25T20:45:37Z,anaya561_,446,"bhai ye wala stall best hai, 58 me itna khana #LateNightEats",photo,13,3,2,0,0,315,en,
x624019736084337520,2026-08-25T21:28:17Z,omar900_,2219,"back to campus haul, everything under 10300 #CampusHaul",video,25,2,3,0,0,453,ur,
x527748150868258866,2026-08-25T13:40:52Z,claimnow8,109,refund not credited yet. @helpdeskx2official fastest support #OrderIssue,none,0,0,0,0,0,24,hi,
x562769445803632941,2026-08-25T12:22:18Z,fastsupport4_in,7,order stuck? DM @fastsupport507 solution guaranteed #OrderIssue,none,0,0,0,0,0,25,hi,
x163635251464357406,2026-08-25T16:11:41Z,aisha877847,6705,last over replay pe replay dekh raha hu #MatchNight,video,50,5,8,2,4,4062,hi,
x459524112542076222,2026-08-25T15:54:03Z,arjun362official,1188,"the whole crowd singing along, chills #WatchParty",none,12,2,0,0,1,732,bn,
x574278568506282449,24/08/2026 21:03,priya316_,96,this haul format is everywhere on my feed now #CampusHaul,none,0,0,0,0,0,39,hi,
x585648432215941019,2026-08-25T18:23:58Z,anaya2364,1670,underdogs really did that tonight #MatchNight,video,20,4,0,0,2,437,hi,
x129698824446587920,2026-08-24T15:34:33Z,tanvir35_in,237,biggest upset of the season easily #MatchNight,video,2,0,0,0,0,230,hi,
x856628779000861348,2026-08-25T09:39:54Z,fastsupport507,133,refund not credited yet. @fastsupport0_in fastest support #RefundDelay,video,0,0,0,0,0,136,ur,
x611399383433121860,2026-08-25T22:47:02Z,vikram315official,682,ei match ta bhulte parbo na #UnderdogWin,photo,0,0,0,0,0,83,hi,
x623428563119752564,2026-08-25T17:15:41Z,neel477275,72,biggest upset of the season easily #UnderdogWin,video,3,0,0,0,0,59,en,
x229640252746457181,2026-08-25T20:00:01Z,zoya108x,491,watch party er environment ta osadharon chilo #WatchParty,video,2,0,0,0,0,77,bn,x892157359384049682
x754529225938373843,2026-08-25T13:17:13Z,omar280official,662,queue was 40 min long and honestly worth it #StreetFoodFinds,none,18,1,0,1,1,317,hi,x547783405688967931
x689715701732237751,2026-08-24T19:08:26Z,nadia234official,6179,"parts pairing is the real problem, not the screws #RightToRepair",none,50,8,8,0,6,4857,bn,
x315759812061446305,2026-08-25T21:33:27Z,imran639_,106,watch party er environment ta osadharon chilo #WatchParty,video,0,0,0,0,0,34,en,
x880036737160437124,2026-08-25T23:43:20Z,sana578_,2600,"back to campus haul, everything under 10300 #BackToCampus",photo,34,9,3,0,4,1171,en,
x636101704568169773,2026-08-25T11:17:29Z,vikram425_,2065,"the whole crowd singing along, chills #WatchParty",video,93,30,18,2,0,1788,en,
x518528857647419689,2026-08-25T11:50:29Z,priya49,6005,watch party er environment ta osadharon chilo #SingalongChallenge,video,35,8,5,1,1,2371,en,
x923195271999387363,2026-08-25T10:16:20Z,tara566,1117,"the whole crowd singing along, chills #SingalongChallenge",video,40,5,2,1,4,755,en,
x306969782977945681,2026-08-25T17:10:55Z,arjun59,276,"repair karana sasta hai, log samajhte nahi #RepairNotReplace",photo,2,0,0,0,0,184,en,
x525065395882287518,2026-08-25T17:06:21Z,dipu555675,88,ei match ta bhulte parbo na #UnderdogWin,video,3,0,0,0,0,30,hi,
x460860866031186229,2026-08-24T19:02:54Z,vikram33official,237,watch party er environment ta osadharon chilo #WatchParty,photo,1,0,0,0,0,91,en,
x926448098212480804,2026-08-25T18:24:26Z,aisha32307,419,"back to campus haul, everything under 2700 #CampusHaul",none,8,0,1,0,0,102,en,
x158805403992777207,2026-08-25T18:58:08Z,hasan874_,1532,underdogs really did that tonight #MatchNight,photo,29,9,1,2,2,1046,ur,
x853374279410543669,2026-08-24T06:11:56Z,tanvir40,683,"genuinely good thread on repairability scores, worth a read #RepairNotReplace",none,1,0,0,0,0,641,ur,
x903884212730930777,2026-08-24T06:17:30Z,meera74_,2554,still stuck on the loading screen #ServerOutage,none,27,7,3,0,1,880,en,
x663396571465844787,2026-08-25T19:30:34Z,farhan28607,598,queue was 40 min long and honestly worth it #StreetFoodFinds,photo,13,4,1,0,1,314,bn,
x363541418541423987,2026-08-25T12:10:00Z,imran610_in,1689,biggest upset of the season easily #MatchNight,video,13,3,1,0,0,977,hi,
x978246003372801213,2026-08-25T21:26:01Z,aisha889409,691,"back to campus haul, everything under 5800 #CampusHaul",photo,14,2,1,0,0,300,hi,
x359369077933391807,2026-08-25T19:25:11Z,bina50207,195,"took it to a local shop, fixed for 3400. brand quoted 5x that #RightToRepair",none,3,0,0,0,0,83,hi,x157404680458947654
x639477624945705732,2026-08-25T09:56:26Z,kabir776321,1290,everyone using this audio as a template #WatchParty,photo,13,1,0,0,1,572,hi,
x941767013654741197,2026-08-25T19:55:54Z,hasan731_,337,still stuck on the loading screen #AppDown,none,4,0,0,0,0,130,hi,x618551439452423191
x970937745107579451,2026-08-25T17:14:03Z,dipu820704,542,"late night eats thread, adding this one to the list #StreetFoodFinds",photo,6,1,0,0,0,124,hi,
x534521383547140021,2026-08-25T12:49:26Z,priya637_in,1486,"genuinely good thread on repairability scores, worth a read #RightToRepair",gif,66,14,7,1,6,833,en,
x436073507624053741,2026-08-25T13:08:44Z,farhan592x,564,"parts pairing is the real problem, not the screws #RepairNotReplace",photo,23,4,3,0,0,405,en,
x272253026012275110,2026-08-25T11:49:26Z,helpdeskx2official,4,refund not credited yet. @fastsupport4_in fastest support #OrderIssue,none,0,0,0,0,0,20,en,
x491798497624795091,2026-08-25T20:47:03Z,priya374x,1251,biggest upset of the season easily #UnderdogWin,photo,16,4,1,1,1,622,ur,
x364358076961908419,2026-08-24T04:58:10Z,kabir8x,341,still stuck on the loading screen #AppDown,photo,0,0,0,0,0,,en,x782465184058148188
x595292739146174990,25/08/2026 15:06,zoya81507,3941,everyone using this audio as a template #WatchParty,none,35,9,4,2,4,1883,en,
x774926648549726047,2026-08-25T10:57:22Z,hasan23x,822,clip of that moment is everywhere now #WatchParty,video,23,4,0,0,1,585,ur,x503079630109957156
x165708052608332269,2026-08-25T22:40:19Z,vikram88759,2300,everyone using this audio as a template #WatchParty,photo,101,27,5,0,14,1689,en,
x849631244699968763,2026-08-25T16:59:25Z,meera891official,161,"genuinely good thread on repairability scores, worth a read #RepairNotReplace",none,5,0,0,0,0,116,hi,
x665674644847805016,2026-08-25T22:38:19Z,nadia476301,149,why is replacing the battery cheaper than the whole phone now #RightToRepair,none,0,0,0,0,0,43,en,x812121600279085295
x719252999565389962,2026-08-25T01:45:38Z,kabir648official,1965,why is replacing the battery cheaper than the whole phone now #RightToRepair,none,22,7,1,0,0,,en,
x754858910373779607,2026-08-25T08:28:03Z,jay724x,805,underdogs really did that tonight #UnderdogWin,video,38,2,7,1,2,423,bn,
x134434953585037537,2026-08-25T10:26:29Z,priya84x,479,"took it to a local shop, fixed for 10300. brand quoted 5x that #RepairNotReplace",none,11,2,1,0,1,462,hi,
x596245163291208706,2026-08-25T22:02:56Z,arjun1060official,1626,watch party er environment ta osadharon chilo #WatchParty,video,20,5,2,0,1,858,bn,x134803904379159039
x484432024224118286,2026-08-25T18:12:12Z,rizwan410_,2835,"back to campus haul, everything under 1200 #CampusHaul",video,33,7,6,0,4,2153,en,
x261657068149030771,2026-08-25T19:19:54Z,zoya800,1341,still stuck on the loading screen #ServerOutage,photo,40,6,5,0,1,695,en,
x487013562774551616,2026-08-25T15:19:54Z,claimnow8,109,"order issue solved in 10 min, DM @fastsupport0_in #OrderIssue",video,0,0,0,0,0,36,bn,
x715419219611057011,2026-08-25T23:58:30Z,omar81307,764,clip of that moment is everywhere now #SingalongChallenge,video,15,5,0,1,0,848,hi,
x153522923525782134,2026-08-25T11:39:48Z,anaya650_,2123,watch party er environment ta osadharon chilo #SingalongChallenge,video,53,3,6,2,7,962,en,
x812401722297964401,2026-08-25T21:00:43Z,meera13529,3158,"genuinely good thread on repairability scores, worth a read #RepairNotReplace",photo,115,20,10,6,10,2319,en,
x496089033622600449,2026-08-24T19:37:48Z,anaya298x,476,last over replay pe replay dekh raha hu #UnderdogWin,video,5,0,0,0,0,177,en,
x235633296092159392,25/08/2026 21:44,tara17,355,"genuinely good thread on repairability scores, worth a read #RepairNotReplace",none,4,0,0,0,0,138,ur,x558404210453651773
x544817443744746755,2026-08-25T15:22:03Z,arjun411official,1197,watch party er environment ta osadharon chilo #WatchParty,photo,79,13,15,0,8,1118,en,x325781971658498272
x612947497440502997,2026-08-25T11:11:37Z,zoya601x,1173,"ei jaygar khabar ta darun, must try #StreetFoodFinds",video,26,6,4,1,0,1314,hi,
x164590866980944915,2026-08-25T22:13:45Z,imran963x,197,biggest upset of the season easily #MatchNight,video,9,1,1,0,1,235,en,
x959648478859217304,2026-08-25T09:14:04Z,hasan23x,822,watch party er environment ta osadharon chilo #SingalongChallenge,none,13,4,1,0,0,250,en,
x910296394554944186,2026-08-25T21:56:13Z,refundhelp1,15,"order issue solved in 10 min, DM @refundhelp1 #OrderIssue",photo,0,0,0,0,0,25,hi,
x719484530815424853,2026-08-25T22:18:04Z,zoya1219_in,112,underdogs really did that tonight #MatchNight,video,1,0,0,0,0,59,en,
x667297681612721012,2026-08-24T13:11:01Z,rizwan119_,751,everyone using this audio as a template #WatchParty,none,2,0,0,0,0,67,en,x719147180266630640
x171807410948879305,2026-08-25T15:53:35Z,imran413official,387,"repair karana sasta hai, log samajhte nahi #RightToRepair",gif,8,1,0,0,0,92,en,
x917515797424902047,2026-08-25T18:41:33Z,farhan478756,5117,watch party er environment ta osadharon chilo #WatchParty,photo,245,38,22,10,34,2990,en,
x584080547681385094,2026-08-25T17:23:21Z,nadia1050x,690,"genuinely good thread on repairability scores, worth a read #RepairNotReplace",photo,4,1,0,0,0,83,en,
x485739404844013655,2026-08-25T18:21:59Z,refundhelp307,56,refund pending since 48 hours. contact @refundhelp307 for fast resolution #OrderIssue,gif,0,0,0,0,0,61,en,
x477201373950345845,2026-08-25T13:30:14Z,neel66_,1691,underdogs really did that tonight #UnderdogWin,video,9,2,0,0,0,821,en,
x390698646099160788,2026-08-25T09:46:21Z,imran68107,409,queue was 40 min long and honestly worth it #StreetFoodFinds,photo,5,1,0,0,0,74,en,
x174975928863950707,2026-08-25T19:47:06Z,priya306721,1077,NOBODY saw that result coming #MatchNight,photo,21,4,0,1,0,631,en,
x749224561235238902,2026-08-25T15:13:06Z,sunny719x,411,NOBODY saw that result coming #MatchNight,none,5,0,0,0,0,60,hi,
x162145456464340925,2026-08-24T09:12:49Z,shreya9407,598,made it into the roundup somehow #FridayFaves,video,12,3,0,0,1,446,en,
x599021137828391847,2026-08-25T10:33:31Z,imran905806,691,ei match ta bhulte parbo na #MatchNight,photo,6,0,0,0,0,155,en,
x921973446724139567,2026-08-25T18:00:52Z,meera797_,992,everyone using this audio as a template #WatchParty,video,2,0,0,0,0,147,en,
x335644147428126055,2026-08-25T15:15:33Z,neel619_in,4254,biggest upset of the season easily #UnderdogWin,none,132,19,19,2,9,3691,en,
x632284377057497629,2026-08-24T13:37:16Z,neel1807,67,"this week's roundup is live, have a read #FridayFaves",none,0,0,0,0,0,25,en,
x119231640888082301,2026-08-25T10:00:09Z,jay287_in,3492,found this 27-rupee plate near the station and i'm never recovering #LateNightEats,photo,32,3,2,1,1,1655,en,
x565116690467697869,2026-08-25T11:39:38Z,zoya81507,3941,watch party er environment ta osadharon chilo #WatchParty,none,46,7,7,1,2,2362,en,
x520660048554544035,2026-08-25T18:17:50Z,tanvir40,683,"ok it's a regional thing, not a full outage #ServerOutage",none,6,0,1,0,0,342,en,x262192093968676270
x475311916756414568,2026-08-25T19:57:21Z,tara26407,181,[deleted],video,0,0,0,0,0,112,en,
x464640490689448672,2026-08-25T16:53:04Z,helpdeskx7x,14,"order issue solved in 10 min, DM @helpdeskx6official #RefundDelay",none,0,0,0,0,0,26,hi,
x940650795019639252,2026-08-25T22:29:29Z,tanvir64907,456,"late night eats thread, adding this one to the list #StreetFoodFinds",none,11,0,1,0,0,305,en,x553543977778000547
x101600798969727456,2026-08-25T21:41:35Z,omar82707,1855,underdogs really did that tonight #MatchNight,video,16,4,0,0,1,1553,hi,x424665749256200061
x826048851641635488,2026-08-25T20:00:13Z,imran359_in,546,[deleted],video,0,0,0,0,1,267,bn,
x944494410871446805,2026-08-25T20:03:49Z,jay433_,423,"genuinely good thread on repairability scores, worth a read #RightToRepair",none,8,2,0,0,0,117,hi,
x849169508992527960,2026-08-25T15:18:34Z,arjun362official,1188,watch party er environment ta osadharon chilo #SingalongChallenge,none,8,1,0,0,0,138,en,x576040722880167932
x517630502146017914,2026-08-25T14:54:37Z,rizwan8907,1275,"delivery took 3 days longer than promised, finally here #ShippingUpdate",photo,31,2,6,1,3,1200,hi,
x187308721129496705,2026-08-25T14:33:16Z,sana43719,656,"ei jaygar khabar ta darun, must try #LateNightEats",photo,4,0,0,0,0,513,en,
x563245568663257957,2026-08-25T22:39:36Z,meera435332,136,"false alarm apparently, working again on my end #AppDown",photo,2,0,0,0,0,44,hi,
x879626342045149304,2026-08-25T21:04:01Z,rahul13107,1474,ei match ta bhulte parbo na #MatchNight,video,13,2,2,0,1,634,bn,
x219459229363048910,2026-08-25T18:16:47Z,zoya100407,922,last over replay pe replay dekh raha hu #MatchNight,video,31,6,3,2,1,812,hi,
x205704580495429686,2026-08-25T23:55:12Z,kabir328,1022,third time this week honestly #AppDown,video,36,11,6,0,2,973,en,
x401500101382158885,2026-08-25T13:24:55Z,rahul647x,348,"genuinely good thread on repairability scores, worth a read #RepairNotReplace",none,3,0,0,0,0,236,hi,
x679043376820635402,2026-08-25T21:08:06Z,dipu402,390,"repair karana sasta hai, log samajhte nahi #RepairNotReplace",video,3,0,0,0,0,143,bn,
x662910950641127851,2026-08-25T21:47:14Z,dipu439official,604,queue was 40 min long and honestly worth it #StreetFoodFinds,none,2,0,0,0,0,79,hi,
x833459920063212316,2026-08-24T23:55:14Z,refundhelp1,15,order stuck? DM @fastsupport4_in solution guaranteed #OrderIssue,photo,0,0,0,0,0,38,en,
x750815387833133738,2026-08-25T08:26:32Z,zoya79,3470,"delivery took 3 days longer than promised, finally here #DeliveryStatus",gif,121,41,23,6,10,1896,en,x862260027459715121
x772547469380612812,2026-08-25T14:51:06Z,farhan29007,74,"ei jaygar khabar ta darun, must try #StreetFoodFinds",none,0,0,0,0,0,22,en,
x663890871368633109,2026-08-25T15:19:46Z,shreya791,3732,clip of that moment is everywhere now #WatchParty,none,53,13,2,2,1,1541,en,
x463129912931757915,2026-08-25T20:37:45Z,rahul241official,1414,everyone using this audio as a template #SingalongChallenge,video,3,0,0,0,0,501,hi,
x787544264297872761,2026-08-25T15:40:08Z,sana442_in,1605,"the whole crowd singing along, chills #WatchParty",photo,75,13,9,5,7,1581,en,
x537436710400592771,2026-08-25T00:44:11Z,rahul214,810,"the whole crowd singing along, chills #WatchParty",video,33,2,5,1,1,573,en,x359110363608001624
x349260228272061877,2026-08-25T15:53:14Z,jay118_,1840,"the whole crowd singing along, chills #WatchParty",video,47,12,7,0,2,733,ur,
x487413543352279376,2026-08-24T07:09:44Z,imran8707,361,still stuck on the loading screen #AppDown,photo,10,2,1,0,1,294,hi,
x722319409468388832,2026-08-25T22:02:45Z,neel70807,1153,queue was 40 min long and honestly worth it #StreetFoodFinds,video,9,2,1,0,0,385,hi,
x190134329007509475,2026-08-25T14:23:50Z,shreya212_,90,clip of that moment is everywhere now #WatchParty,video,1,0,0,0,0,21,en,
x220027882085715608,2026-08-25T17:01:18Z,farhan1049x,123,watch party er environment ta osadharon chilo #SingalongChallenge,video,4,0,0,0,0,66,en,
x760721571361500810,2026-08-25T20:02:01Z,neel830928,352,"repair karana sasta hai, log samajhte nahi #RightToRepair",gif,3,0,0,0,0,194,ur,
x205256483100046477,2026-08-25T23:15:08Z,bina614,1437,watch party er environment ta osadharon chilo #SingalongChallenge,video,26,6,2,0,3,1081,en,
x574099935210930603,2026-08-24T22:22:36Z,helpdeskx2official,4,refund not credited yet. @refundhelp1 fastest support #OrderIssue,none,0,0,0,0,0,37,hi,
x843312238222579178,2026-08-25T14:36:57Z,farhan699953,6412,"the whole crowd singing along, chills #WatchParty",video,209,42,29,2,6,3435,en,
x811975241288186861,2026-08-24T11:02:06Z,sunny191x,1793,is the app down for everyone or just me #ServerOutage,photo,5,0,0,0,0,472,en,
x410460738638095531,2026-08-25T00:39:25Z,hasan629915,569,everyone using this audio as a template #SingalongChallenge,video,5,0,0,0,0,591,hi,
x964572571733726734,2026-08-25T09:55:23Z,vikram65307,761,underdogs really did that tonight #MatchNight,none,4,1,0,0,0,257,en,
x571297495806228325,2026-08-25T16:19:57Z,omar812official,446,watch party er environment ta osadharon chilo #SingalongChallenge,video,21,5,1,1,1,316,hi,
x604356756021622220,2026-08-25T11:09:10Z,jay715x,406,ei match ta bhulte parbo na #MatchNight,video,8,0,0,0,0,97,en,x269462664251665057
x939040282213784275,2026-08-25T00:07:29Z,dipu520official,299,"ok it's a regional thing, not a full outage #AppDown",photo,6,1,0,0,0,151,hi,
x127001237970526953,2026-08-25T18:22:38Z,kabir398948,82,"repair karana sasta hai, log samajhte nahi #RepairNotReplace",none,2,0,0,0,0,73,ur,
x472016440546260759,2026-08-25T14:52:49Z,nadia516_in,5149,still stuck on the loading screen #AppDown,none,152,28,5,8,9,2988,en,
x155493594204602519,2026-08-24T22:01:02Z,refundhelp1,15,refund not credited yet. @helpdeskx7x fastest support #RefundDelay,none,0,0,0,0,0,29,hi,
x305015030367275929,2026-08-25T18:48:30Z,fastsupport507,133,refund pending since 48 hours. contact @fastsupport0_in for fast resolution #RefundDelay,none,0,0,0,0,0,59,hi,
x527984625564453200,2026-08-25T01:29:34Z,meera136_in,557,shipping status change hone me kitna time lagta hai #DeliveryStatus,none,3,0,0,0,0,314,en,x521162165397475385
x288026303792514391,2026-08-24T16:09:47Z,arjun59,276,"repair karana sasta hai, log samajhte nahi #RepairNotReplace",none,1,0,0,0,0,51,en,
x192184798110777392,2026-08-24T20:40:42Z,fastsupport507,133,"order issue solved in 10 min, DM @fastsupport0_in #OrderIssue",none,0,0,0,0,0,30,en,
x922023235282077106,2026-08-25T10:00:55Z,vikram3707,1664,is it actually worth 27k or nah #HonestReview,photo,10,2,1,0,0,581,en,
x897398429869241423,2026-08-25T13:12:19Z,shreya764648,474,biggest upset of the season easily #UnderdogWin,photo,6,1,0,0,0,317,en,
x307334446527079623,2026-08-25T11:41:37Z,tara872375,2735,"bhai ye wala stall best hai, 34 me itna khana #StreetFoodFinds",video,29,8,3,0,3,2698,en,x308888836993415969
x178550464860679121,2026-08-25T09:54:52Z,vikram88759,2300,"this week's roundup is live, have a read #FridayFaves",gif,12,1,1,0,0,422,bn,
x524895374180799213,2026-08-25T23:03:05Z,omar1240_in,1716,ei match ta bhulte parbo na #UnderdogWin,video,41,12,5,1,3,1402,en,
x531823558081951883,2026-08-25T11:58:13Z,helpdeskx6official,111,"order issue solved in 10 min, DM @helpdeskx6official #RefundDelay",none,0,0,0,0,0,64,en,x558534820154709584
x671469768956469619,2026-08-25T20:14:55Z,hasan65_in,480,shipping status change hone me kitna time lagta hai #DeliveryStatus,none,2,0,0,0,0,291,en,
x902794435531242813,2026-08-25T16:52:42Z,aisha893_in,1650,last over replay pe replay dekh raha hu #MatchNight,video,19,2,0,1,2,385,en,x109352631224976881
x124833296225591987,2026-08-24T02:12:03Z,omar82259,902,shipping status change hone me kitna time lagta hai #DeliveryStatus,none,9,2,1,0,0,339,ur,
x593803678201610218,2026-08-25T20:17:44Z,helpdeskx6official,111,refund pending since 48 hours. contact @claimnow8 for fast resolution #OrderIssue,photo,0,0,0,0,0,36,en,
x400571147358679829,2026-08-24T05:50:56Z,rahul11407,626,"took it to a local shop, fixed for 3400. brand quoted 5x that #RepairNotReplace",none,9,1,0,0,1,382,en,
x493699645024101663,2026-08-24T06:31:22Z,meera50787,1446,"bhai ye wala stall best hai, 42 me itna khana #LateNightEats",photo,10,0,1,0,0,785,en,
x841698104623589419,2026-08-25T14:31:45Z,sana823819,287,"bhai ye wala stall best hai, 27 me itna khana #StreetFoodFinds",photo,4,0,0,0,0,170,en,
x758216523013638979,2026-08-25T22:51:49Z,tara310official,557,"parts pairing is the real problem, not the screws #RightToRepair",video,7,1,0,0,0,144,ur,
x333361031973072639,2026-08-25T22:47:04Z,dipu1097x,6284,queue was 40 min long and honestly worth it #StreetFoodFinds,none,96,32,5,3,4,4957,ur,
x597682814777724843,2026-08-25T22:54:40Z,rahul936,398,last over replay pe replay dekh raha hu #UnderdogWin,photo,9,2,0,0,0,369,bn,
x245077595129511625,2026-08-25T23:07:18Z,nadia1199741,1554,"ei jaygar khabar ta darun, must try #StreetFoodFinds",none,86,14,9,1,0,1827,bn,
x790622234207699036,2026-08-25T21:05:12Z,bina940x,960,this haul format is everywhere on my feed now #CampusHaul,photo,28,8,0,0,3,458,en,
x803994370791326125,2026-08-25T15:14:12Z,zoya9207,407,"delivery took 3 days longer than promised, finally here #DeliveryStatus",video,5,1,0,0,0,306,en,
x944028175502021224,2026-08-24T14:18:05Z,kabir134_,2531,made it into the roundup somehow #FridayFaves,none,3,0,0,0,0,439,en,
x205147358790058372,2026-08-25T21:04:01Z,anaya631_in,2820,third time this week honestly #ServerOutage,photo,85,10,5,4,4,1367,hi,x735371638347344058
x342275782424956283,2026-08-25T10:48:42Z,helpdeskx7x,14,refund pending since 48 hours. contact @refundhelp1 for fast resolution #RefundDelay,photo,0,0,0,0,0,43,bn,
x701649856566731388,2026-08-25T17:08:46Z,nadia364x,86,queue was 40 min long and honestly worth it #LateNightEats,none,2,0,0,0,0,44,en,
x361791884511251025,2026-08-25T12:51:19Z,vikram460472,1273,clip of that moment is everywhere now #SingalongChallenge,photo,9,1,1,0,0,567,ur,
x736339241318122294,2026-08-25T12:07:48Z,sunny209207,187,"the whole crowd singing along, chills #WatchParty",video,3,0,0,0,0,94,hi,
x431660603609930385,2026-08-24T21:30:52Z,aisha527_,487,"parts pairing is the real problem, not the screws #RepairNotReplace",video,10,1,1,0,0,378,hi,
x602980915924874722,2026-08-25T13:54:55Z,omar844859,78,found this 18-rupee plate near the station and i'm never recovering #LateNightEats,photo,2,0,0,0,0,29,en,
x540709376104045687,2026-08-25T23:06:22Z,vikram315official,682,"ei jaygar khabar ta darun, must try #LateNightEats",photo,13,1,1,1,1,686,en,
x933455029135216955,2026-08-25T19:05:11Z,omar284,,"parts pairing is the real problem, not the screws #RightToRepair",photo,,25,17,1,8,,bn,
x908329961104902105,2026-08-25T18:22:52Z,priya799_in,61,underdogs really did that tonight #MatchNight,video,0,0,0,0,0,34,ur,
x340840482943130292,2026-08-25T08:53:53Z,hasan817_,149,biggest upset of the season easily #MatchNight,video,2,0,0,0,0,87,ur,
x573724664613568820,2026-08-25T12:14:45Z,hasan35094,225,clip of that moment is everywhere now #SingalongChallenge,photo,7,2,0,0,0,189,en,
x857663325456100604,2026-08-25T10:13:49Z,priya72207,42,"parts pairing is the real problem, not the screws #RepairNotReplace",photo,1,0,0,0,0,24,en,
x602176135228518704,2026-08-25T08:07:07Z,tanvir2_in,439,last over replay pe replay dekh raha hu #MatchNight,video,10,1,1,0,1,326,bn,
x980321038438653276,2026-08-25T23:31:55Z,jay854_,3183,"repair karana sasta hai, log samajhte nahi #RepairNotReplace",none,57,17,4,3,4,884,en,
x866207661921753732,2026-08-25T11:09:07Z,rizwan62_in,696,"spec sheet looks great, real world is mid imo #HonestReview",none,4,1,0,0,0,116,en,
x357675460272468176,2026-08-25T10:01:54Z,meera663_,2423,"parts pairing is the real problem, not the screws #RightToRepair",photo,20,1,1,0,0,512,ur,
x677095339208149930,2026-08-25T09:08:55Z,priya497_in,174,found this 58-rupee plate near the station and i'm never recovering #LateNightEats,photo,3,0,0,0,0,129,en,
x913620436570815362,2026-08-25T11:22:13Z,tanvir684_in,397,biggest upset of the season easily #UnderdogWin,video,10,0,0,0,1,315,ur,
x376053605106572668,2026-08-25T19:16:48Z,priya150,270,"repair karana sasta hai, log samajhte nahi #RepairNotReplace",none,7,0,0,0,0,124,en,
x354690872577044268,2026-08-25T21:07:38Z,neel1807,67,"back to campus haul, everything under 2700 #BackToCampus",photo,1,0,0,0,0,38,en,
x827957200277779020,2026-08-24T14:43:13Z,dipu231_in,244,"the whole crowd singing along, chills #SingalongChallenge",video,8,2,0,0,0,143,en,
x992856049275032896,2026-08-25T12:29:18Z,zoya505_in,379,"took it to a local shop, fixed for 5800. brand quoted 5x that #RepairNotReplace",none,5,1,0,0,0,133,en,
x568315817453679250,2026-08-25T11:48:30Z,jay118_,1840,"took it to a local shop, fixed for 2700. brand quoted 5x that #RightToRepair",video,10,1,1,0,0,649,en,
x134127837071483394,2026-08-25T10:10:27Z,anaya809_,964,"the whole crowd singing along, chills #SingalongChallenge",video,38,4,3,2,2,620,en,
x582286219913323743,2026-08-25T20:45:50Z,vikram0_,602,NOBODY saw that result coming #UnderdogWin,video,9,2,1,0,0,463,en,x219173941440326590
x667828979999842338,2026-08-25T01:45:35Z,bina50207,195,"ok it's a regional thing, not a full outage #AppDown",photo,0,0,0,0,0,35,hi,
x216067323677866687,2026-08-25T15:19:39Z,sunny420_,726,"college list banaya hai, kuch reh gaya? #BackToCampus",photo,6,2,0,0,0,223,en,
x355109386739384842,2026-08-25T16:57:06Z,hasan157x,237,clip of that moment is everywhere now #SingalongChallenge,video,8,1,0,0,0,130,hi,
x144546698333594813,2026-08-25T10:18:42Z,sana569,787,everyone using this audio as a template #WatchParty,photo,25,4,0,1,1,603,en,
x528889084624372083,2026-08-25T21:29:04Z,arjun768x,3594,"genuinely good thread on repairability scores, worth a read #RepairNotReplace",none,121,30,4,3,2,1831,hi,
x559095929151594456,2026-08-25T22:57:14Z,jay498635,1991,NOBODY saw that result coming #MatchNight,photo,25,4,3,1,3,819,en,x213696548266978685
x442930834680693027,2026-08-25T23:12:31Z,arjun1010,645,underdogs really did that tonight #UnderdogWin,photo,6,1,0,0,0,181,en,
x332999435784997380,2026-08-25T19:28:56Z,vikram76,413,queue was 40 min long and honestly worth it #LateNightEats,photo,2,0,0,0,0,163,hi,
x914040287337097958,2026-08-25T22:51:00Z,neel1208,1879,clip of that moment is everywhere now #SingalongChallenge,video,23,5,4,1,2,622,hi,
x767827163619496717,2026-08-24T18:21:55Z,refundhelp1,15,refund pending since 48 hours. contact @helpdeskx6official for fast resolution #OrderIssue,none,0,0,0,0,0,40,en,
x509073073521342723,2026-08-25T21:28:42Z,omar835301,581,still stuck on the loading screen #AppDown,photo,17,3,3,1,1,356,en,
x618520412752739720,2026-08-25T11:53:01Z,rahul248307,271,"the whole crowd singing along, chills #SingalongChallenge",video,5,1,0,0,0,117,en,
x308109209750882506,2026-08-24T15:55:02Z,techtakes_official,2140000,"spec sheet looks great, real world is mid imo #GadgetCheck",photo,19367,5542,1198,334,651,2185332,hi,
x511331776062390522,2026-08-25T08:31:44Z,hasan68607,2211,watch party er environment ta osadharon chilo #SingalongChallenge,video,56,10,3,2,5,2143,en,
x465157100854214840,2026-08-25T20:22:35Z,arjun721_,406,last over replay pe replay dekh raha hu #MatchNight,video,9,1,1,0,0,144,bn,
x181730609901324435,2026-08-25T20:41:09Z,helpdeskx7x,14,order stuck? DM @helpdeskx2official solution guaranteed #RefundDelay,photo,0,0,0,0,0,21,hi,
x169177537683800936,2026-08-25T11:46:36Z,helpdeskx2official,4,refund pending since 48 hours. contact @refundhelp1 for fast resolution #OrderIssue,photo,0,0,0,0,0,27,hi,
x403591690923733403,2026-08-25T18:28:26Z,sunny946x,341,why is replacing the battery cheaper than the whole phone now #RightToRepair,none,3,0,0,0,0,236,en,x303267651140688549
x546039102246454858,2026-08-24T22:23:38Z,aisha11_in,907,"delivery took 3 days longer than promised, finally here #ShippingUpdate",photo,3,0,0,0,0,311,en,
x672747116980821621,2026-08-25T14:50:56Z,sunny456x,1812,clip of that moment is everywhere now #WatchParty,photo,32,3,5,1,0,,hi,
x378989237241824042,2026-08-25T14:17:40Z,tara669_in,521,queue was 40 min long and honestly worth it #LateNightEats,photo,12,2,2,0,1,619,hi,x733674089977055909
x826018937390213966,2026-08-24T10:30:17Z,shreya9907,57,found this 12-rupee plate near the station and i'm never recovering #LateNightEats,photo,1,0,0,0,0,26,en,
x239836092730350550,2026-08-25T13:20:35Z,fastsupport507,133,"order issue solved in 10 min, DM @helpdeskx6official #OrderIssue",none,0,0,0,0,0,39,en,x607550108437967450
x712368255427367156,2026-08-24T07:08:54Z,rizwan119_,751,is the app down for everyone or just me #ServerOutage,photo,7,1,0,0,0,347,hi,
x374603290178434848,2026-08-25T23:48:51Z,meera665official,5996,biggest upset of the season easily #MatchNight,video,80,12,14,0,8,3792,en,x728978440532702147
x782910813031184319,2026-08-24T20:06:53Z,claimnow8,109,refund not credited yet. @helpdeskx6official fastest support #RefundDelay,video,0,0,0,0,0,30,hi,
x408222133663747782,2026-08-25T12:03:51Z,imran37307,275,still stuck on the loading screen #ServerOutage,none,2,0,0,0,0,34,en,x413339694245536436
x585598647716218089,2026-08-24T17:31:59Z,bina12807,80,"the whole crowd singing along, chills #WatchParty",photo,0,0,0,0,0,72,hi,x117098530547876687
x948414178570345412,2026-08-24T21:12:16Z,fastsupport4_in,7,"order issue solved in 10 min, DM @refundhelp307 #RefundDelay",photo,0,0,0,0,0,20,en,
x486935505085474160,2026-08-25T14:14:53Z,hasan849122,216,"ei jaygar khabar ta darun, must try #LateNightEats",video,2,0,0,0,0,48,hi,x455734088914953948
x120075530235080779,2026-08-25T22:43:40Z,zoya48_in,287,made it into the roundup somehow #WeeklyRoundup,video,3,1,0,0,0,88,en,
x767201790232748964,2026-08-25T08:39:33Z,hasan165_,290,watch party er environment ta osadharon chilo #WatchParty,photo,2,0,0,0,0,45,en,
x614069496230460480,2026-08-25T20:19:25Z,arjun59,276,"the whole crowd singing along, chills #WatchParty",photo,2,0,0,0,0,248,hi,
x850943895491419573,2026-08-24T18:50:24Z,meera5,192,third time this week honestly #ServerOutage,video,0,0,0,0,0,30,hi,
x618766967438506459,2026-08-25T15:57:32Z,kabir454official,535,clip of that moment is everywhere now #SingalongChallenge,photo,4,0,0,0,0,151,en,
x687171723322209906,2026-08-24T21:38:54Z,hasan23x,822,made it into the roundup somehow #FridayFaves,photo,2,0,0,0,0,476,hi,
x574143789934187031,2026-08-25T20:32:57Z,tanvir64407,1986,NOBODY saw that result coming #MatchNight,photo,29,3,5,1,1,1709,en,
x494356805307312310,2026-08-24T09:34:06Z,arjun169,653,"false alarm apparently, working again on my end #AppDown",none,5,1,0,0,0,203,bn,
x347960190912034327,2026-08-24T16:16:51Z,omar132_in,699,queue was 40 min long and honestly worth it #StreetFoodFinds,photo,8,0,0,0,0,124,en,x392240835106152170
x565265593381900030,2026-08-25T16:57:06Z,refundhelp1,15,"order issue solved in 10 min, DM @fastsupport4_in #OrderIssue",none,0,0,0,0,0,31,bn,x966072427616669771
x402680211899126770,2026-08-24T13:26:33Z,omar25807,636,"bhai ye wala stall best hai, 18 me itna khana #StreetFoodFinds",video,13,1,0,0,1,536,en,x910737732384075807
x572232261001473742,2026-08-25T13:56:57Z,claimnow8,109,"order issue solved in 10 min, DM @fastsupport4_in #OrderIssue",none,0,0,0,0,0,64,en,
x962017944347221154,2026-08-25T14:22:47Z,sana740_,323,watch party er environment ta osadharon chilo #WatchParty,photo,4,1,0,0,0,213,ur,
x127625088095010054,2026-08-25T15:00:42Z,rizwan879414,805,"late night eats thread, adding this one to the list #StreetFoodFinds",photo,10,1,0,0,0,121,en,
x269027992141834838,2026-08-25T20:00:19Z,tanvir684_in,397,this haul format is everywhere on my feed now #CampusHaul,photo,1,0,0,0,0,41,ur,
x333703260019929144,2026-08-25T21:27:56Z,vikram537_in,296,"college list banaya hai, kuch reh gaya? #CampusHaul",photo,4,1,0,0,0,95,en,
x862306899062437756,2026-08-25T11:48:39Z,arjun752_,430,ei match ta bhulte parbo na #MatchNight,video,11,3,2,0,0,403,ur,
x532634894540198816,2026-08-25T12:38:49Z,imran25107,327,NOBODY saw that result coming #UnderdogWin,video,10,2,0,0,0,137,en,
x791269928912579454,2026-08-25T23:22:31Z,hasan789_,922,hostel room setup part 2 #CampusHaul,none,26,1,5,0,3,749,bn,
x114494147121958837,2026-08-25T19:47:55Z,meera435332,136,found this 27-rupee plate near the station and i'm never recovering #StreetFoodFinds,photo,3,0,0,0,0,96,en,
x579930459077178254,2026-08-25T13:46:01Z,kabir648official,1965,ei match ta bhulte parbo na #UnderdogWin,photo,38,6,7,0,3,614,en,
x740742777900546990,2026-08-25T20:47:37Z,kabir564,763,"repair karana sasta hai, log samajhte nahi #RepairNotReplace",none,10,1,1,0,1,625,en,
x166855780787093770,2026-08-25T20:21:42Z,sana419,285,why is replacing the battery cheaper than the whole phone now #RightToRepair,video,6,0,0,0,0,159,bn,
x481894724142388829,2026-08-24T23:52:03Z,rahul365,940,queue was 40 min long and honestly worth it #StreetFoodFinds,photo,4,0,0,0,0,498,hi,
x498758261520931891,2026-08-25T16:35:52Z,rahul1017,261,clip of that moment is everywhere now #WatchParty,video,8,2,0,0,0,255,en,
x190856464403083622,2026-08-25T12:03:00Z,omar210_in,593,"ok it's a regional thing, not a full outage #ServerOutage",photo,10,2,1,0,0,427,en,
x457799545502924961,2026-08-25T20:32:27Z,priya695x,11071,"the whole crowd singing along, chills #WatchParty",photo,32,4,2,2,1,4948,en,
x478110226604351280,2026-08-25T15:33:05Z,refundhelp307,56,order stuck? DM @helpdeskx6official solution guaranteed #OrderIssue,video,0,0,0,0,0,64,hi,
x433725197473445520,2026-08-25T14:52:28Z,tanvir803official,679,found this 12-rupee plate near the station and i'm never recovering #StreetFoodFinds,photo,6,1,0,0,0,296,en,
x702498005588328752,2026-08-25T18:20:22Z,aisha256x,2208,is the app down for everyone or just me #ServerOutage,none,10,1,1,0,0,936,hi,
x416594579887873284,2026-08-25T08:11:32Z,claimnow8,109,refund not credited yet. @refundhelp307 fastest support #RefundDelay,none,0,0,0,0,0,25,en,
x963022211010864923,2026-08-25T12:40:10Z,priya306721,1077,"the whole crowd singing along, chills #SingalongChallenge",video,43,5,1,1,0,1099,bn,x766879523515277341
x495452333594697588,2026-08-25T09:30:52Z,dipu829,188,found this 103-rupee plate near the station and i'm never recovering #StreetFoodFinds,photo,0,0,0,0,0,95,en,
x240856609393142319,2026-08-25T21:40:28Z,shreya152official,315,"bhai ye wala stall best hai, 103 me itna khana #StreetFoodFinds",photo,17,3,2,0,2,275,bn,
x868398682577122201,2026-08-24T08:55:10Z,neel1807,67,is the app down for everyone or just me #ServerOutage,photo,1,0,0,0,0,42,hi,
x669491007977428925,2026-08-25T18:04:19Z,sana568x,1922,"back to campus haul, everything under 2700 #BackToCampus",photo,62,7,4,0,4,1431,bn,
x892957463303478677,2026-08-25T12:26:53Z,rizwan289official,384,found this 18-rupee plate near the station and i'm never recovering #StreetFoodFinds,photo,4,0,0,0,0,143,en,
x813741998929754029,2026-08-25T11:29:13Z,imran734_in,892,"the whole crowd singing along, chills #WatchParty",video,30,5,0,0,0,693,en,
x873625150706593689,2026-08-25T11:32:21Z,bina580775,821,queue was 40 min long and honestly worth it #StreetFoodFinds,none,28,2,0,0,1,881,hi,
x634234393559339713,2026-08-25T13:28:07Z,jay984297,1951,clip of that moment is everywhere now #SingalongChallenge,video,67,7,2,3,8,696,en,
x247504186331741195,2026-08-25T14:36:39Z,imran359_in,546,everyone using this audio as a template #SingalongChallenge,video,15,4,1,0,0,358,hi,
x249636273638914722,2026-08-25T13:21:04Z,sana928_,2362,underdogs really did that tonight #UnderdogWin,photo,68,10,12,0,1,737,en,x232684737544575290
x352256191080259790,2026-08-25T12:54:58Z,kabir947official,650,"the whole crowd singing along, chills #SingalongChallenge",video,10,2,1,0,0,257,en,
x791891271713231709,2026-08-25T16:54:16Z,zoya9207,407,queue was 40 min long and honestly worth it #LateNightEats,photo,9,2,1,0,0,249,en,x112010966582458055
x970475843454803781,2026-08-24T00:42:23Z,aisha11_in,907,is the app down for everyone or just me #AppDown,none,17,1,2,0,0,898,en,
x426917233883858989,2026-08-25T22:54:57Z,nadia318260,225,"parts pairing is the real problem, not the screws #RepairNotReplace",none,5,1,0,0,0,129,hi,
x667251207517797048,2026-08-24T16:42:50Z,nadia364x,86,last over replay pe replay dekh raha hu #UnderdogWin,video,0,0,0,0,0,53,en,
x322516924016376243,2026-08-24T20:59:06Z,arjun340official,810,"the whole crowd singing along, chills #SingalongChallenge",photo,8,2,0,0,0,572,en,
x740058506233787577,2026-08-25T10:04:30Z,zoya108x,491,honest review after two weeks of daily use #HonestReview,video,3,0,0,0,0,255,bn,x258648181514654038
x995001972174763591,2026-08-25T13:08:52Z,shreya370official,506,"the whole crowd singing along, chills #WatchParty",video,4,0,0,0,0,258,hi,
x833503867063328008,2026-08-25T12:22:00Z,zoya67907,768,ei match ta bhulte parbo na #MatchNight,video,11,3,0,0,0,412,hi,
x399057638168687600,2026-08-25T15:38:10Z,aisha86907,436,"genuinely good thread on repairability scores, worth a read #RightToRepair",none,12,4,0,0,0,132,bn,x449041893260708770
x966905922079480586,2026-08-25T13:44:15Z,priya637_in,1486,biggest upset of the season easily #MatchNight,video,25,8,2,1,2,450,hi,
x530003845720053316,2026-08-25T11:30:35Z,omar773_in,63,"the whole crowd singing along, chills #WatchParty",none,0,0,0,0,0,32,ur,
x581178314329332325,2026-08-25T23:26:55Z,refundhelp1,15,order stuck? DM @fastsupport4_in solution guaranteed #RefundDelay,none,0,0,0,0,0,20,bn,x233421372154369564
x795217440788664580,2026-08-25T18:41:15Z,rahul1017,261,everyone using this audio as a template #WatchParty,video,,1,0,0,0,,hi,
x384719053820433203,2026-08-25T18:04:54Z,helpdeskx7x,14,order stuck? DM @fastsupport4_in solution guaranteed #OrderIssue,photo,0,0,0,0,0,30,en,
x702955274381551394,2026-08-25T11:20:08Z,helpdeskx2official,4,refund pending since 48 hours. contact @fastsupport507 for fast resolution #RefundDelay,photo,0,0,0,0,0,39,en,
x254566008675835169,2026-08-25T19:12:32Z,nadia516_in,5149,watch party er environment ta osadharon chilo #SingalongChallenge,video,110,20,6,0,7,3997,en,x844947807322106989
x863886397286515242,2026-08-25T15:21:10Z,meera211official,1580,watch party er environment ta osadharon chilo #SingalongChallenge,video,29,8,1,0,1,984,en,x464065376622675312
x113243499496462573,2026-08-25T17:11:33Z,aisha394_,1500,everyone using this audio as a template #SingalongChallenge,video,49,13,2,0,6,1499,bn,
x595768354364130353,2026-08-25T16:21:44Z,omar1007,281,queue was 40 min long and honestly worth it #StreetFoodFinds,none,10,3,0,0,0,231,en,
x340914488742493600,2026-08-24T21:57:25Z,dipu453809,172,last over replay pe replay dekh raha hu #MatchNight,photo,9,1,1,0,0,134,hi,
x605912452618690978,2026-08-25T09:29:55Z,farhan201_in,1621,watch party er environment ta osadharon chilo #SingalongChallenge,video,47,15,5,1,1,901,bn,
x918729231321022245,2026-08-25T01:53:05Z,sunny60307,858,why is replacing the battery cheaper than the whole phone now #RepairNotReplace,none,1,0,0,0,0,134,en,
x369454016284365490,2026-08-25T16:01:30Z,omar66807,3510,everyone using this audio as a template #WatchParty,photo,22,4,4,1,0,1060,ur,
x461184907580343990,2026-08-25T23:28:34Z,priya1181_,237,"college list banaya hai, kuch reh gaya? #BackToCampus",none,2,0,0,0,0,74,en,
x852244835844945059,2026-08-25T19:38:58Z,aisha1003_in,6148,"the whole crowd singing along, chills #SingalongChallenge",video,98,17,9,0,8,1644,en,
x174879368294562611,2026-08-25T09:12:40Z,rahul661174,290,last over replay pe replay dekh raha hu #UnderdogWin,photo,7,0,0,0,0,156,ur,
x713374851282268309,2026-08-25T21:40:20Z,farhan201_in,1621,"parts pairing is the real problem, not the screws #RightToRepair",photo,26,3,5,1,3,792,en,
x815079853880178509,2026-08-24T14:29:15Z,arjun26_,33,"friday faves, 12 things i actually used this week #FridayFaves",video,0,0,0,0,0,43,bn,
x654466967989126615,2026-08-25T18:30:52Z,imran304x,289,NOBODY saw that result coming #MatchNight,photo,4,1,0,0,0,264,en,
x252047591818628010,2026-08-25T10:46:40Z,omar66807,3510,queue was 40 min long and honestly worth it #StreetFoodFinds,video,16,5,0,0,1,457,en,
x381342700911285962,2026-08-25T15:08:36Z,meera301_in,1140,"ei jaygar khabar ta darun, must try #LateNightEats",photo,58,15,5,4,4,665,en,
x952115866135632629,2026-08-25T16:46:01Z,imran145_in,138,"the whole crowd singing along, chills #WatchParty",photo,2,0,0,0,0,124,en,
x240269688647866190,2026-08-25T08:33:16Z,priya167official,1401,ei match ta bhulte parbo na #UnderdogWin,photo,25,8,3,1,2,693,en,
x177813871743399033,2026-08-25T18:45:01Z,sana30460,103,queue was 40 min long and honestly worth it #StreetFoodFinds,photo,1,0,0,0,0,36,hi,
x842350073927482213,2026-08-25T10:42:04Z,farhan699953,6412,everyone using this audio as a template #WatchParty,none,79,13,9,5,1,3725,en,x269266228757149063
x341181247084924018,2026-08-24T01:20:22Z,vikram24_in,720,honest review after two weeks of daily use #GadgetCheck,photo,18,2,2,0,2,700,en,
x650869274039431384,2026-08-24T21:59:57Z,jay198official,356,clip of that moment is everywhere now #SingalongChallenge,video,1,0,0,0,0,71,en,
x117498118867865470,2026-08-25T22:27:33Z,aisha1147,706,"late night eats thread, adding this one to the list #StreetFoodFinds",photo,3,0,0,0,0,146,ur,
x531844107198509758,2026-08-25T14:23:40Z,omar693648,182,found this 103-rupee plate near the station and i'm never recovering #LateNightEats,none,1,0,0,0,0,88,ur,
x637776381876972244,2026-08-25T21:56:29Z,refundhelp1,15,refund pending since 48 hours. contact @fastsupport4_in for fast resolution #OrderIssue,none,0,0,0,0,0,34,hi,
x356169549237176937,2026-08-25T14:07:53Z,omar38207,688,ei match ta bhulte parbo na #MatchNight,video,,1,1,0,0,,en,x873266308790720685
x890023677467255504,2026-08-25T16:31:12Z,imran25407,156,clip of that moment is everywhere now #SingalongChallenge,none,1,0,0,0,0,29,ur,
x269347675754891934,2026-08-25T21:43:54Z,nadia875446,169,last over replay pe replay dekh raha hu #UnderdogWin,photo,2,0,0,0,0,63,en,
x327055731380720741,2026-08-25T17:09:33Z,neel596,950,"ei jaygar khabar ta darun, must try #StreetFoodFinds",photo,6,0,1,0,0,148,en,
x306969782977945681,2026-08-25T17:10:55Z,arjun59,276,"repair karana sasta hai, log samajhte nahi #RepairNotReplace",photo,2,0,0,0,0,184,en,
x353237333214203325,2026-08-25T10:18:07Z,anaya624,323,"took it to a local shop, fixed for 4200. brand quoted 5x that #RightToRepair",photo,6,1,0,0,0,90,ur,
x579229017001678427,2026-08-25T01:46:01Z,fastsupport4_in,7,order stuck? DM @fastsupport0_in solution guaranteed #OrderIssue,none,0,0,0,0,0,40,bn,x685482752657309509
x509572782752598818,2026-08-25T16:23:09Z,bina85607,2282,biggest upset of the season easily #MatchNight,video,17,3,3,1,1,462,ur,
x460851486211352253,2026-08-25T21:43:07Z,omar86307,338,"took it to a local shop, fixed for 1200. brand quoted 5x that #RightToRepair",none,10,2,1,0,0,286,en,
x741523294423386576,2026-08-25T11:51:28Z,bina678_,511,"took it to a local shop, fixed for 2700. brand quoted 5x that #RepairNotReplace",none,9,1,0,0,0,166,en,
x450158707535661406,2026-08-24T06:05:01Z,tanvir11607,811,still stuck on the loading screen #AppDown,photo,21,2,2,1,1,365,en,x729197834472233376
x505416491972105300,2026-08-25T22:44:32Z,meera663_,2423,"ei jaygar khabar ta darun, must try #LateNightEats",none,178,24,31,10,18,2614,en,
x361296553551080165,2026-08-24T10:17:29Z,zoya47official,690,honest review after two weeks of daily use #HonestReview,none,1,0,0,0,0,63,bn,
x165956854584009300,2026-08-25T15:07:53Z,vikram0_,602,queue was 40 min long and honestly worth it #LateNightEats,photo,2,0,0,0,0,219,en,
x778658443830451881,2026-08-25T16:44:54Z,vikram138_in,500,is the app down for everyone or just me #AppDown,none,9,1,0,0,0,389,hi,
x587190859558004174,2026-08-25T22:10:30Z,meera982_,583,NOBODY saw that result coming #MatchNight,video,3,0,0,0,0,37,hi,
x320620756299692267,2026-08-25T12:25:16Z,neel717x,918,found this 12-rupee plate near the station and i'm never recovering #StreetFoodFinds,photo,7,1,1,0,0,440,hi,
x953217571374793275,2026-08-25T18:59:24Z,kabir523x,181,"ei jaygar khabar ta darun, must try #LateNightEats",video,1,0,0,0,0,130,ur,
x863367154172256716,2026-08-24T16:41:15Z,meera101_,213,"delivery took 3 days longer than promised, finally here #ShippingUpdate",video,1,0,0,0,0,,hi,
x894624996015464158,2026-08-25T13:07:28Z,kabir326524,600,clip of that moment is everywhere now #SingalongChallenge,none,1,0,0,0,0,150,ur,
x348316587639352650,2026-08-25T15:41:53Z,kabir398948,82,clip of that moment is everywhere now #WatchParty,video,1,0,0,0,0,38,hi,
x513216947062985780,2026-08-25T21:16:55Z,sunny1012x,433,hostel room setup part 2 #CampusHaul,photo,5,1,0,0,0,69,ur,
x306067143231060179,2026-08-25T14:26:27Z,tara61,353,why is replacing the battery cheaper than the whole phone now #RightToRepair,none,6,0,0,0,0,125,en,
x878582728950798273,2026-08-25T12:15:17Z,meera793official,103,found this 27-rupee plate near the station and i'm never recovering #LateNightEats,none,0,0,0,0,0,51,en,
x266410903003931232,2026-08-24T04:17:16Z,priya49,6005,"the whole crowd singing along, chills #WatchParty",video,36,4,5,1,0,1269,en,
x787280370102316112,2026-08-25T14:33:54Z,rizwan53_,1168,"the whole crowd singing along, chills #WatchParty",photo,8,1,0,0,0,390,en,
x239673257207941341,2026-08-25T14:41:48Z,aisha322,3474,"parts pairing is the real problem, not the screws #RepairNotReplace",photo,127,18,13,9,13,1411,hi,
x464374576432428359,2026-08-25T00:34:20Z,anaya54_in,484,last over replay pe replay dekh raha hu #MatchNight,photo,3,0,0,0,0,141,en,
x304376104620518581,2026-08-24T21:33:03Z,farhan57official,1296,biggest upset of the season easily #UnderdogWin,video,7,1,0,0,0,414,hi,x527552572399832487
x675971911793637707,2026-08-25T22:24:54Z,bina23307,889,clip of that moment is everywhere now #SingalongChallenge,video,8,0,0,0,0,311,bn,
x634548467224469169,2026-08-25T21:55:08Z,shreya64007,210,clip of that moment is everywhere now #WatchParty,none,3,1,0,0,0,121,ur,x454782798434991463
x709871621512029558,2026-08-24T23:59:34Z,shreya299official,640,biggest upset of the season easily #MatchNight,video,28,2,2,2,2,480,hi,
x496920936124761518,2026-08-25T22:28:18Z,arjun169,653,last over replay pe replay dekh raha hu #MatchNight,photo,6,1,1,0,0,438,en,
x149742235181308482,2026-08-25T14:12:00Z,tara193839,511,clip of that moment is everywhere now #SingalongChallenge,video,4,1,0,0,0,542,en,
x524721573273787615,2026-08-25T19:20:58Z,sana457x,212,NOBODY saw that result coming #UnderdogWin,photo,1,0,0,0,0,49,ur,
x748839316885063661,2026-08-25T16:03:41Z,priya1037official,196,queue was 40 min long and honestly worth it #StreetFoodFinds,photo,0,0,0,0,0,24,hi,
x211126770587360847,2026-08-25T18:37:28Z,priya1118_,906,still stuck on the loading screen #AppDown,none,4,0,0,0,0,395,ur,
x535602811572185265,2026-08-25T22:51:13Z,anaya376_in,772,everyone using this audio as a template #SingalongChallenge,none,9,2,1,0,0,634,hi,
x872595465909520508,2026-08-25T17:30:34Z,hasan20,72,ei match ta bhulte parbo na #MatchNight,video,0,0,0,0,0,31,en,
x906716664003285512,2026-08-25T21:20:03Z,aisha357511,574,"took it to a local shop, fixed for 1800. brand quoted 5x that #RepairNotReplace",none,22,5,0,1,0,434,hi,
x199049410022096864,2026-08-25T19:47:11Z,tanvir273_in,3227,"late night eats thread, adding this one to the list #LateNightEats",photo,150,22,22,7,8,3353,ur,
x449270124998480207,2026-08-25T11:22:45Z,anaya54_in,484,NOBODY saw that result coming #UnderdogWin,video,8,1,1,0,0,441,hi,
x974090929120563226,2026-08-25T13:26:45Z,aisha908,132,"ei jaygar khabar ta darun, must try #LateNightEats",photo,1,0,0,0,0,,en,
x579554163227545503,2026-08-25T21:37:58Z,omar80407,1244,"ei jaygar khabar ta darun, must try #LateNightEats",photo,32,7,5,2,1,713,en,x287448515766145941
x754394054799617651,2026-08-25T11:51:26Z,tanvir602_,564,"the whole crowd singing along, chills #SingalongChallenge",none,11,3,1,0,1,272,bn,
x808062015370582239,2026-08-25T21:32:10Z,zoya117807,408,hostel room setup part 2 #BackToCampus,photo,2,0,0,0,0,66,hi,
x819568978090148006,2026-08-25T23:38:09Z,tanvir602_,564,"genuinely good thread on repairability scores, worth a read #RightToRepair",gif,17,0,1,1,1,519,hi,
x975258562631796060,2026-08-25T21:12:07Z,farhan106484,762,clip of that moment is everywhere now #WatchParty,none,5,1,0,0,0,94,hi,x645535834151244951
x893713429766420030,2026-08-25T22:47:34Z,neel974,183,"ei jaygar khabar ta darun, must try #StreetFoodFinds",video,2,0,0,0,0,23,en,x605146762124284148
x246381948702607606,2026-08-25T12:48:58Z,helpdeskx2official,4,"order issue solved in 10 min, DM @refundhelp307 #OrderIssue",none,0,0,0,0,0,29,hi,
x664125560445541393,2026-08-24T11:12:02Z,meera101_,213,"spec sheet looks great, real world is mid imo #HonestReview",gif,3,0,0,0,0,183,bn,
x163069615652696517,2026-08-25T21:24:46Z,aisha893_in,1650,underdogs really did that tonight #MatchNight,photo,5,1,0,0,0,118,bn,
x681719027995517489,2026-08-25T10:54:56Z,sunny716official,86,biggest upset of the season easily #UnderdogWin,video,2,0,0,0,0,42,en,
x389130349142318633,2026-08-25T22:25:21Z,neel1155_,672,why is replacing the battery cheaper than the whole phone now #RightToRepair,none,3,0,0,0,0,117,hi,
x303116179143796044,2026-08-25T20:59:47Z,zoya505_in,379,"bhai ye wala stall best hai, 103 me itna khana #LateNightEats",none,7,1,0,0,1,184,en,
x709119550790037575,2026-08-25T21:11:09Z,omar73,538,why is replacing the battery cheaper than the whole phone now #RepairNotReplace,video,25,8,3,1,2,613,ur,
x245110534961936003,2026-08-25T22:03:57Z,jay574,928,watch party er environment ta osadharon chilo #SingalongChallenge,video,27,4,2,1,2,863,en,
x986510511392518833,2026-08-25T19:57:59Z,omar449,1183,queue was 40 min long and honestly worth it #LateNightEats,photo,8,0,1,0,1,157,en,
x513549780506579841,2026-08-25T09:47:31Z,priya306721,1077,clip of that moment is everywhere now #SingalongChallenge,video,6,1,0,0,0,373,en,
x368579426542696892,2026-08-25T18:44:26Z,aisha962x,63,still stuck on the loading screen #ServerOutage,none,1,0,0,0,0,32,hi,x182727208355206028
x952848203728137099,2026-08-25T22:45:10Z,farhan201_in,1621,queue was 40 min long and honestly worth it #LateNightEats,none,17,2,2,0,2,1621,hi,
x980082609996060790,2026-08-24T21:23:53Z,rizwan85official,167,"spec sheet looks great, real world is mid imo #HonestReview",none,0,0,0,0,0,45,hi,
x345385680312445477,2026-08-25T09:21:34Z,zoya530_in,458,"ei jaygar khabar ta darun, must try #StreetFoodFinds",none,6,0,0,0,0,568,en,
x790311486279162103,2026-08-25T13:02:12Z,sunny838official,348,biggest upset of the season easily #UnderdogWin,video,11,3,1,0,0,278,en,
x940975423248517509,2026-08-25T13:19:17Z,helpdeskx7x,14,refund not credited yet. @helpdeskx7x fastest support #RefundDelay,photo,0,0,0,0,0,29,bn,
x850906706616205238,2026-08-25T11:01:22Z,arjun325995,750,"late night eats thread, adding this one to the list #LateNightEats",photo,30,6,5,0,3,451,hi,
x382283041334820963,2026-08-25T14:31:50Z,arjun66207,363,"bhai ye wala stall best hai, 18 me itna khana #StreetFoodFinds",none,5,1,0,0,0,218,hi,
x869521340317676636,2026-08-25T08:31:08Z,arjun351378,337,"repair karana sasta hai, log samajhte nahi #RightToRepair",none,6,1,0,0,0,363,bn,
x985692986673238743,2026-08-25T13:38:23Z,tanvir93207,169,"bhai ye wala stall best hai, 42 me itna khana #StreetFoodFinds",none,1,0,0,0,0,39,en,
x547566107763121982,2026-08-25T08:17:22Z,helpdeskx2official,4,refund not credited yet. @helpdeskx6official fastest support #OrderIssue,none,0,0,0,0,0,36,hi,
x921675087710457021,2026-08-25T14:30:01Z,jay724x,805,"ei jaygar khabar ta darun, must try #LateNightEats",photo,31,3,3,0,1,919,hi,
x916294405653585441,2026-08-25T22:16:39Z,dipu1002,371,"ei jaygar khabar ta darun, must try #LateNightEats",video,5,0,0,0,0,78,en,x681683140565398215
x494309690224510419,2026-08-25T23:39:49Z,sana353official,475,"took it to a local shop, fixed for 4200. brand quoted 5x that #RepairNotReplace",video,16,4,1,0,1,188,hi,
x871846606877518117,2026-08-24T22:13:04Z,sunny533,598,underdogs really did that tonight #MatchNight,video,2,0,0,0,0,67,hi,x347703312644577661
x373112793838401235,2026-08-24T15:47:22Z,dipu35407,770,this haul format is everywhere on my feed now #BackToCampus,photo,7,1,0,0,0,123,ur,x230727462458159261
x867509690120786722,2026-08-25T23:52:13Z,dipu1131_in,2238,"college list banaya hai, kuch reh gaya? #BackToCampus",photo,60,14,5,0,1,2490,ur,x766686926759692576
x690811872304682914,2026-08-25T23:25:59Z,jay161official,887,"back to campus haul, everything under 4200 #BackToCampus",none,28,3,2,2,0,507,en,
x129299802385316450,2026-08-25T15:06:49Z,kabir326524,600,"bhai ye wala stall best hai, 12 me itna khana #StreetFoodFinds",none,21,5,2,0,2,392,en,
x283061775153640395,2026-08-25T00:21:37Z,refundhelp307,56,"order issue solved in 10 min, DM @refundhelp1 #RefundDelay",video,0,0,0,0,0,27,hi,
x215613616932643037,2026-08-25T10:17:07Z,sana847official,1140,"the whole crowd singing along, chills #WatchParty",photo,34,4,3,0,1,1132,ur,
x583102248221636709,2026-08-25T19:14:47Z,farhan656_in,811,clip of that moment is everywhere now #WatchParty,video,27,6,1,0,3,1000,en,x743214077932487229
x991789009531503918,2026-08-25T23:01:00Z,helpdeskx7x,14,order stuck? DM @fastsupport4_in solution guaranteed #RefundDelay,none,0,0,0,0,0,25,hi,
x667068012185976978,2026-08-25T12:49:35Z,hasan157x,237,ei match ta bhulte parbo na #MatchNight,video,0,0,0,0,0,69,hi,
x145132978260620907,2026-08-25T14:10:54Z,hasan93,2018,"friday faves, 18 things i actually used this week #FridayFaves",video,33,5,2,0,0,1131,en,
x545749650806574610,2026-08-25T13:13:23Z,dipu12_,679,"the whole crowd singing along, chills #WatchParty",video,1,0,0,0,0,90,en,
x679151966405349410,2026-08-24T20:17:15Z,imran148_,1827,"bhai ye wala stall best hai, 12 me itna khana #StreetFoodFinds",photo,22,7,3,1,1,1391,en,
x419552357836021622,2026-08-25T19:59:11Z,arjun541official,715,"the whole crowd singing along, chills #SingalongChallenge",photo,15,3,2,0,0,180,en,x597748189741798392
x489382425928892535,2026-08-25T09:42:40Z,shreya881_,4699,last over replay pe replay dekh raha hu #MatchNight,none,42,5,5,2,3,972,en,
x430133438554213150,2026-08-25T20:07:40Z,farhan205_,3317,watch party er environment ta osadharon chilo #WatchParty,none,96,23,16,3,1,2133,hi,
x948811185979168893,2026-08-25T17:30:21Z,arjun7_in,2810,"spec sheet looks great, real world is mid imo #GadgetCheck",video,60,7,11,0,5,1721,en,x614444499346275472
x499051696520173388,2026-08-24T18:00:34Z,tanvir80_,367,is it actually worth 58k or nah #GadgetCheck,none,0,0,0,0,0,43,bn,
x915748646101994730,2026-08-25T11:52:47Z,meera84507,353,last over replay pe replay dekh raha hu #UnderdogWin,video,9,2,0,0,0,266,hi,
x470669989589748741,2026-08-25T20:49:00Z,tara142x,567,"back to campus haul, everything under 2700 #CampusHaul",video,4,1,0,0,0,249,en,
x723547493752288356,2026-08-25T20:45:54Z,helpdeskx2official,4,refund not credited yet. @refundhelp1 fastest support #RefundDelay,none,0,0,0,0,0,40,en,x754624657445535337
x690721097780462394,2026-08-25T22:11:04Z,shreya64007,210,watch party er environment ta osadharon chilo #SingalongChallenge,none,4,0,0,0,0,87,en,
x901185887753146035,2026-08-25T19:51:01Z,farhan1047official,242,"parts pairing is the real problem, not the screws #RightToRepair",photo,2,0,0,0,0,215,en,x136675496557658602
x759229962192166364,2026-08-24T18:27:22Z,shreya303269,309,biggest upset of the season easily #MatchNight,video,1,0,0,0,0,30,en,
x510127270236277558,2026-08-24T21:06:29Z,hasan23x,822,"spec sheet looks great, real world is mid imo #GadgetCheck",none,4,0,0,0,0,144,ur,
x427019110260505045,2026-08-25T10:27:02Z,zoya9207,407,everyone using this audio as a template #WatchParty,photo,2,0,0,0,0,58,en,x906456067862189145
x787573287523351839,2026-08-25T19:46:13Z,omar780161,1426,everyone using this audio as a template #WatchParty,photo,8,2,1,0,0,250,en,
x514163891759079055,2026-08-25T14:43:29Z,hasan33007,447,NOBODY saw that result coming #UnderdogWin,photo,4,1,0,0,0,146,hi,
x215975789446587127,2026-08-24T05:23:44Z,sunny63270,153,"late night eats thread, adding this one to the list #StreetFoodFinds",photo,3,0,0,0,0,93,en,
x723542727670159954,2026-08-24T20:08:48Z,jay393666,114,"the whole crowd singing along, chills #SingalongChallenge",video,1,0,0,0,0,46,ur,
x333227540873112142,2026-08-25T14:55:05Z,tanvir976x,462,"the whole crowd singing along, chills #SingalongChallenge",none,1,0,0,0,0,117,en,
x170223941791047144,2026-08-25T18:56:30Z,omar449,1183,everyone using this audio as a template #WatchParty,none,4,0,0,0,0,873,hi,
x607999864674239396,2026-08-25T13:54:29Z,imran378_in,156,"repair karana sasta hai, log samajhte nahi #RepairNotReplace",photo,4,0,0,0,0,79,en,
x409953985655589567,2026-08-25T16:53:16Z,kabir3407,2038,queue was 40 min long and honestly worth it #LateNightEats,photo,18,3,1,0,0,357,hi,
x515961403420535878,2026-08-25T21:27:15Z,neel26307,,ei match ta bhulte parbo na #MatchNight,none,,0,0,0,0,,en,
x245434520683545481,2026-08-25T20:53:05Z,claimnow8,109,refund not credited yet. @helpdeskx7x fastest support #OrderIssue,video,0,0,0,0,0,36,bn,
x627278041990043691,2026-08-25T17:27:57Z,arjun81907,435,"took it to a local shop, fixed for 2700. brand quoted 5x that #RepairNotReplace",photo,6,1,0,0,0,120,en,
x834631627368079902,2026-08-25T13:00:44Z,helpdeskx6official,111,refund pending since 48 hours. contact @fastsupport507 for fast resolution #RefundDelay,video,0,0,0,0,0,95,en,
x188152168293232274,2026-08-25T12:59:42Z,jay118_,1840,watch party er environment ta osadharon chilo #SingalongChallenge,none,92,6,12,6,6,1921,en,
x273546716973798768,2026-08-25T22:27:15Z,sana750_in,564,everyone using this audio as a template #SingalongChallenge,photo,1,0,0,0,0,132,en,
x607670091812831271,2026-08-25T13:14:05Z,shreya152official,315,queue was 40 min long and honestly worth it #LateNightEats,none,4,0,0,0,0,118,en,
x636985454553260833,2026-08-25T00:58:57Z,neel288,317,"late night eats thread, adding this one to the list #StreetFoodFinds",video,4,0,0,0,0,207,hi,
x427565532109923569,2026-08-25T22:38:19Z,zoya11507,178,watch party er environment ta osadharon chilo #SingalongChallenge,photo,2,0,0,0,0,46,en,
x174645645243183594,2026-08-25T14:07:16Z,neel32079,248,clip of that moment is everywhere now #WatchParty,photo,3,0,0,0,0,202,en,x477926117123771607
x278626152419773440,2026-08-25T14:21:28Z,anaya583148,534,found this 27-rupee plate near the station and i'm never recovering #StreetFoodFinds,none,6,1,0,0,0,230,en,x969870247344817554
x698368970109647652,2026-08-24T20:11:22Z,priya150,270,underdogs really did that tonight #MatchNight,video,1,0,0,0,0,101,hi,x616473684897207697
x281926727832842760,2026-08-25T22:33:00Z,shreya162x,3036,"late night eats thread, adding this one to the list #LateNightEats",video,43,6,5,3,2,2916,en,x594945961116425738
x660163450475688465,2026-08-25T18:52:25Z,aisha700x,459,found this 27-rupee plate near the station and i'm never recovering #StreetFoodFinds,photo,11,1,2,0,1,409,en,
x863437119077770418,2026-08-25T16:46:05Z,imran17207,323,"the whole crowd singing along, chills #WatchParty",none,3,0,0,0,0,77,bn,x295724720747132481
x346986722171620287,2026-08-25T18:39:36Z,kabir179official,578,everyone using this audio as a template #WatchParty,video,13,1,0,0,1,483,en,
x946163873258934278,2026-08-25T09:21:06Z,sunny63270,153,"ok it's a regional thing, not a full outage #AppDown",video,4,0,0,0,0,85,en,
x716199548792468291,2026-08-25T20:02:02Z,omar951x,2165,"bhai ye wala stall best hai, 12 me itna khana #LateNightEats",photo,34,9,1,0,2,1490,en,
x235773443682499236,2026-08-25T18:42:17Z,priya78840,285,underdogs really did that tonight #UnderdogWin,none,2,0,0,0,0,77,hi,
x645300515733555395,2026-08-24T05:48:55Z,jay67_in,2246,third time this week honestly #AppDown,none,66,8,9,5,6,1050,bn,
x386233640529337309,2026-08-24T23:57:21Z,nadia42307,1865,ei match ta bhulte parbo na #UnderdogWin,video,26,5,4,0,1,,bn,
x826142056335533084,2026-08-25T17:36:08Z,neel60707,222,found this 27-rupee plate near the station and i'm never recovering #LateNightEats,none,3,0,0,0,0,161,en,x438530314016504495
x919640858010050778,2026-08-25T21:46:11Z,sana578_,2600,queue was 40 min long and honestly worth it #StreetFoodFinds,video,50,3,1,0,6,1058,hi,
x586059556808943119,2026-08-25T12:17:04Z,anaya565_in,105,NOBODY saw that result coming #MatchNight,video,0,0,0,0,0,54,en,
x370405515147467918,2026-08-24T18:47:57Z,neel39official,529,"late night eats thread, adding this one to the list #LateNightEats",photo,20,4,0,0,0,271,en,
x953057537094883398,2026-08-25T20:10:32Z,meera665official,5996,NOBODY saw that result coming #MatchNight,video,139,47,12,9,14,2203,en,
x709392242422419645,2026-08-25T13:39:34Z,anaya294official,1298,"the whole crowd singing along, chills #WatchParty",none,51,17,8,2,4,1023,en,
x664209948655781171,2026-08-25T21:23:13Z,kabir523x,181,"bhai ye wala stall best hai, 42 me itna khana #LateNightEats",none,4,0,0,0,0,110,hi,
x639587304256722109,2026-08-25T11:53:15Z,meera101_,213,honest review after two weeks of daily use #GadgetCheck,photo,1,0,0,0,0,141,hi,
x992269708922836810,2026-08-25T21:52:45Z,bina255_,204,clip of that moment is everywhere now #WatchParty,photo,10,2,0,0,0,233,en,
x775487378241378967,2026-08-25T17:46:15Z,neel70807,1153,clip of that moment is everywhere now #WatchParty,video,14,4,1,0,0,575,en,
x663418761152718074,2026-08-25T15:33:24Z,refundhelp307,56,refund not credited yet. @refundhelp307 fastest support #OrderIssue,none,0,0,0,0,0,36,en,x370685931346377957
x111025153987570035,2026-08-25T12:12:13Z,hasan638_,2002,found this 42-rupee plate near the station and i'm never recovering #LateNightEats,none,2,0,0,0,0,155,bn,
x790744247708444740,2026-08-25T10:38:03Z,tanvir660_in,1725,last over replay pe replay dekh raha hu #UnderdogWin,video,16,2,2,0,1,1162,en,x652293014584356554
x103218299894000961,2026-08-25T18:14:33Z,tanvir512_,165,"genuinely good thread on repairability scores, worth a read #RightToRepair",none,1,0,0,0,0,38,hi,
x813212546573395933,2026-08-25T21:16:03Z,zoya118407,547,"back to campus haul, everything under 2700 #BackToCampus",photo,9,1,0,0,0,608,hi,
x869599138862774798,2026-08-25T20:06:36Z,farhan75307,668,everyone using this audio as a template #SingalongChallenge,video,24,8,2,0,2,439,ur,x204507136753532972
x105912942677071663,2026-08-25T14:02:04Z,priya799_in,61,everyone using this audio as a template #SingalongChallenge,none,1,0,0,0,0,25,en,
x756060443872480973,2026-08-25T19:40:18Z,omar1146x,2673,everyone using this audio as a template #WatchParty,none,60,18,6,0,5,2348,en,
x576371963206530863,2026-08-25T19:41:09Z,fastsupport4_in,7,"order issue solved in 10 min, DM @helpdeskx7x #RefundDelay",photo,0,0,0,0,0,38,en,
x682114020524255172,2026-08-25T21:23:43Z,vikram537_in,296,this haul format is everywhere on my feed now #CampusHaul,none,3,0,0,0,0,98,en,
x405338587888736922,2026-08-25T23:06:59Z,nadia388472,1087,biggest upset of the season easily #MatchNight,photo,13,1,2,0,0,557,bn,
x273336066952277339,2026-08-25T17:25:10Z,tara957_in,232,queue was 40 min long and honestly worth it #StreetFoodFinds,none,11,2,0,0,0,170,hi,x331959669583052549
x480777910359564232,2026-08-25T22:18:16Z,kabir1059_,1664,clip of that moment is everywhere now #SingalongChallenge,none,38,7,5,0,4,1228,en,x120982342146612693
x277450819431439286,2026-08-24T19:54:11Z,refundhelp307,56,refund pending since 48 hours. contact @helpdeskx2official for fast resolution #RefundDelay,none,0,0,0,0,0,34,ur,x440903113075307727
x283742597332598501,2026-08-25T15:48:39Z,anaya990,2032,"the whole crowd singing along, chills #SingalongChallenge",video,11,0,0,0,0,713,hi,
x468084737355188182,2026-08-25T14:44:28Z,sana1014_,464,why is replacing the battery cheaper than the whole phone now #RepairNotReplace,none,4,1,0,0,0,242,hi,
x630266861948934303,2026-08-25T10:28:05Z,helpdeskx2official,4,refund not credited yet. @helpdeskx6official fastest support #OrderIssue,none,0,0,0,0,0,39,bn,
x741340964607092398,2026-08-24T05:14:17Z,sunny147,504,is the app down for everyone or just me #AppDown,none,2,0,0,0,0,144,hi,x753583438699189987
x311915913887870405,2026-08-25T12:45:26Z,meera482,723,"ei jaygar khabar ta darun, must try #StreetFoodFinds",none,1,0,0,0,0,50,ur,
x376656887615076539,2026-08-25T14:31:16Z,meera665official,5996,everyone using this audio as a template #WatchParty,none,127,43,16,7,9,2697,en,
x939951873338931547,2026-08-25T22:11:40Z,imran810x,112,everyone using this audio as a template #WatchParty,photo,8,1,0,0,1,74,en,
x886284169941578070,2026-08-25T19:07:36Z,fastsupport0_in,71,order stuck? DM @helpdeskx6official solution guaranteed #OrderIssue,none,0,0,0,0,0,40,en,
x988949147972193971,2026-08-25T14:15:14Z,vikram537_in,296,"genuinely good thread on repairability scores, worth a read #RepairNotReplace",gif,15,1,0,0,0,219,en,
x247380020441250190,2026-08-25T10:43:44Z,rizwan85official,167,"took it to a local shop, fixed for 2700. brand quoted 5x that #RepairNotReplace",video,2,0,0,0,0,133,en,
x695602712846413446,2026-08-25T12:33:04Z,vikram608,45,why is replacing the battery cheaper than the whole phone now #RepairNotReplace,photo,0,0,0,0,0,36,en,
x109064371246494158,2026-08-25T23:18:17Z,helpdeskx2official,4,order stuck? DM @fastsupport507 solution guaranteed #RefundDelay,video,0,0,0,0,0,34,en,x212748608882329494
x522912462572601865,2026-08-25T18:40:03Z,arjun66207,363,ei match ta bhulte parbo na #UnderdogWin,video,8,1,0,0,0,129,hi,
x923877638633723098,2026-08-25T23:30:12Z,rahul1022_,80,found this 12-rupee plate near the station and i'm never recovering #LateNightEats,none,1,0,0,0,0,81,en,
x987585237657120257,2026-08-25T08:25:44Z,anaya166official,79,biggest upset of the season easily #MatchNight,photo,2,0,0,0,0,60,hi,
x184868330361931203,2026-08-25T08:41:03Z,aisha377x,245,queue was 40 min long and honestly worth it #LateNightEats,video,2,0,0,0,0,45,hi,
x291741430173772429,2026-08-25T23:38:53Z,omar66807,3510,"parts pairing is the real problem, not the screws #RepairNotReplace",photo,21,2,1,1,0,699,hi,x808697624774891686
x901438566342658583,2026-08-25T15:25:53Z,meera13529,3158,"late night eats thread, adding this one to the list #StreetFoodFinds",photo,139,48,11,5,0,1438,en,
x626941809107343196,2026-08-25T18:42:43Z,zoya1113,215,biggest upset of the season easily #UnderdogWin,video,3,0,0,0,0,205,en,
x928392425247409285,2026-08-25T17:26:29Z,omar249,62,"the whole crowd singing along, chills #SingalongChallenge",photo,0,0,0,0,0,27,hi,
x159924584951921055,2026-08-25T12:50:18Z,kabir179official,578,"late night eats thread, adding this one to the list #StreetFoodFinds",none,19,4,0,0,2,422,hi,x481360699612421664
x126236623320120986,2026-08-25T10:59:31Z,refundhelp307,56,"order issue solved in 10 min, DM @refundhelp307 #RefundDelay",photo,0,0,0,0,0,34,en,
x542981542703719674,2026-08-24T21:40:48Z,jay40007,736,"took it to a local shop, fixed for 1800. brand quoted 5x that #RepairNotReplace",none,6,1,1,0,0,546,en,
x893758737786048143,2026-08-25T13:08:26Z,tanvir843_in,486,found this 12-rupee plate near the station and i'm never recovering #StreetFoodFinds,none,11,3,1,0,0,270,en,x634782332367221623
x152800495124275950,2026-08-25T14:53:00Z,fastsupport0_in,71,refund pending since 48 hours. contact @refundhelp307 for fast resolution #RefundDelay,none,0,0,0,0,0,35,en,x165235831542615244
x495897562315990799,2026-08-25T14:47:20Z,meera674_in,90,clip of that moment is everywhere now #WatchParty,video,1,0,0,0,0,57,hi,
x136112569832334796,2026-08-25T19:32:43Z,rahul365,940,"parts pairing is the real problem, not the screws #RepairNotReplace",none,22,1,3,0,2,434,ur,
x784693609513452280,2026-08-25T20:23:01Z,fastsupport0_in,71,[deleted],gif,0,0,0,0,0,32,hi,
x819307257995062800,2026-08-25T20:50:20Z,rizwan85official,167,ei match ta bhulte parbo na #MatchNight,video,3,0,0,0,0,52,hi,x968328745497299169
x225218045763767178,2026-08-25T10:17:00Z,rahul647x,348,watch party er environment ta osadharon chilo #SingalongChallenge,video,16,3,3,0,1,306,bn,
x241098283691167847,2026-08-24T17:29:30Z,refundhelp307,56,refund not credited yet. @claimnow8 fastest support #OrderIssue,none,0,0,0,0,0,32,hi,
x477224356037528435,2026-08-25T23:53:43Z,rahul1244,1294,"ei jaygar khabar ta darun, must try #LateNightEats",photo,70,11,3,4,7,1396,en,
x524405865219255507,2026-08-25T14:05:03Z,rahul615,25,[deleted],none,0,0,0,0,0,22,ur,
x723254185431791408,2026-08-25T20:35:57Z,tara1145639,10103,watch party er environment ta osadharon chilo #WatchParty,video,271,63,46,6,8,6269,en,
x998270254623775623,2026-08-25T16:34:16Z,bina31,347,queue was 40 min long and honestly worth it #LateNightEats,none,5,1,0,0,0,77,en,x296090963247718811
x124574860731689971,2026-08-25T17:59:18Z,sana943official,905,"the whole crowd singing along, chills #SingalongChallenge",video,41,13,6,0,2,979,hi,
x213487872229423919,2026-08-24T13:57:16Z,sunny63270,153,made it into the roundup somehow #FridayFaves,photo,1,0,0,0,0,120,bn,
x368765498091014316,2026-08-25T15:53:57Z,shreya671,688,"repair karana sasta hai, log samajhte nahi #RightToRepair",photo,6,1,0,0,0,183,en,
x232755297128625272,2026-08-25T14:59:12Z,anaya4507,101,"this week's roundup is live, have a read #FridayFaves",none,0,0,0,0,0,37,hi,x180400982845520046
x404991803044455959,2026-08-25T18:59:06Z,hasan93,2018,"bhai ye wala stall best hai, 18 me itna khana #StreetFoodFinds",none,34,9,1,1,4,1884,ur,x202140373329736817
x657609607796884101,2026-08-24T09:55:54Z,vikram76,413,biggest upset of the season easily #MatchNight,video,0,0,0,0,0,132,en,
x473121043376127429,2026-08-25T13:58:12Z,aisha20607,161,"bhai ye wala stall best hai, 42 me itna khana #StreetFoodFinds",none,6,1,0,0,0,105,en,
x281508180000485006,2026-08-25T16:23:59Z,shreya64107,886,"bhai ye wala stall best hai, 103 me itna khana #StreetFoodFinds",photo,2,0,0,0,0,139,en,
x912479429612118611,2026-08-25T11:02:12Z,meera91_in,1298,queue was 40 min long and honestly worth it #LateNightEats,none,14,1,2,1,1,586,en,x179081617121734873
x765031157022046048,2026-08-25T20:41:15Z,tanvir919official,51,this haul format is everywhere on my feed now #BackToCampus,photo,2,0,0,0,0,35,en,
x510343006359918273,2026-08-25T08:38:07Z,aisha507official,68,queue was 40 min long and honestly worth it #LateNightEats,none,0,0,0,0,0,21,en,
x249537343891839133,2026-08-25T10:59:16Z,jay118_,1840,queue was 40 min long and honestly worth it #LateNightEats,photo,21,3,1,1,0,1163,en,
x224533284567716351,2026-08-25T01:46:21Z,claimnow8,109,"order issue solved in 10 min, DM @helpdeskx2official #OrderIssue",none,0,0,0,0,0,42,en,
x380720692872193940,2026-08-24T01:56:42Z,neel21_in,459,"back to campus haul, everything under 3400 #BackToCampus",none,2,0,0,0,0,258,en,
x123242601448590328,2026-08-25T10:26:17Z,neel36x,579,watch party er environment ta osadharon chilo #SingalongChallenge,video,5,0,0,0,0,212,en,x151989097755186966
x751587072231729600,2026-08-24T03:24:16Z,farhan4107,647,"ei jaygar khabar ta darun, must try #LateNightEats",photo,1,0,0,0,0,253,ur,
x734118174359597351,2026-08-25T14:31:21Z,meera91_in,1298,"the whole crowd singing along, chills #WatchParty",none,1,0,0,0,0,131,en,
x197881968973062059,2026-08-25T20:45:33Z,anaya4507,101,"the whole crowd singing along, chills #SingalongChallenge",photo,5,1,0,0,0,84,en,
x154664279631419794,2026-08-25T12:50:33Z,rahul915official,1402,"took it to a local shop, fixed for 1800. brand quoted 5x that #RepairNotReplace",photo,19,5,1,0,1,534,bn,
x909968249318010708,2026-08-24T09:40:03Z,sana182,1242,"back to campus haul, everything under 5800 #BackToCampus",none,5,1,0,0,0,154,en,
x265892795141226155,2026-08-25T00:54:28Z,fastsupport0_in,71,order stuck? DM @refundhelp1 solution guaranteed #OrderIssue,video,0,0,0,0,0,50,hi,
x382554957852099642,2026-08-24T12:07:52Z,hasan238_,592,"the whole crowd singing along, chills #WatchParty",video,4,0,0,0,0,322,en,
x772727567721253235,2026-08-25T20:26:37Z,jay161official,887,"bhai ye wala stall best hai, 34 me itna khana #StreetFoodFinds",photo,6,1,0,0,0,197,en,
x234102533359022672,2026-08-25T23:21:53Z,nadia576x,135,clip of that moment is everywhere now #SingalongChallenge,video,1,0,0,0,0,22,ur,x131152701070131691
x171241973073348002,2026-08-24T13:20:27Z,omar82259,902,anyone know how long the update usually takes? #DeliveryStatus,video,9,2,1,0,0,393,en,
x694684087550167133,2026-08-25T13:18:22Z,dipu914,827,found this 42-rupee plate near the station and i'm never recovering #LateNightEats,photo,25,8,3,1,0,713,ur,
x804403932993826400,2026-08-24T02:36:59Z,kabir12007,666,"delivery took 3 days longer than promised, finally here #DeliveryStatus",photo,4,1,0,0,0,616,bn,
x867311810617078557,2026-08-25T13:48:46Z,nadia70307,1062,found this 12-rupee plate near the station and i'm never recovering #LateNightEats,photo,49,5,9,2,4,637,ur,
x254230117649804883,2026-08-25T11:02:02Z,helpdeskx7x,14,"order issue solved in 10 min, DM @claimnow8 #RefundDelay",video,0,0,0,0,0,21,en,
x858225035975479316,2026-08-25T09:02:31Z,arjun223_,1076,"bhai ye wala stall best hai, 103 me itna khana #LateNightEats",photo,2,0,0,0,0,117,en,
x135097884266555873,2026-08-25T20:31:09Z,neel995_in,213,hostel room setup part 2 #CampusHaul,video,2,0,0,0,0,87,hi,
x443695063969956732,2026-08-25T12:38:00Z,refundhelp307,56,order stuck? DM @helpdeskx6official solution guaranteed #RefundDelay,video,0,0,0,0,0,47,en,
x427616960828287290,2026-08-25T18:44:01Z,imran837_,200,"parts pairing is the real problem, not the screws #RightToRepair",photo,3,1,0,0,0,130,ur,
x740208065263894171,2026-08-25T20:51:39Z,priya46774,256,"bhai ye wala stall best hai, 42 me itna khana #LateNightEats",photo,8,1,1,0,1,205,en,x239224508022356257
x501760166711661637,2026-08-25T21:04:15Z,dipu520official,299,still stuck on the loading screen #AppDown,photo,16,1,2,0,1,213,bn,
x624569242626395961,2026-08-25T19:20:53Z,tanvir110,1349,everyone using this audio as a template #SingalongChallenge,video,15,2,1,0,0,1326,en,
x435906969884075017,2026-08-24T15:45:33Z,vikram24_in,720,"parts pairing is the real problem, not the screws #RightToRepair",none,15,1,2,0,0,535,en,
x874546997494561580,2026-08-25T20:50:51Z,tanvir199,3436,"genuinely good thread on repairability scores, worth a read #RepairNotReplace",photo,26,5,3,1,3,1344,hi,
x373100795154988300,2026-08-25T17:03:59Z,zoya601x,1173,queue was 40 min long and honestly worth it #LateNightEats,photo,,1,0,0,1,,bn,
x153330682890400298,2026-08-25T09:57:29Z,priya383,160,"the whole crowd singing along, chills #SingalongChallenge",video,2,0,0,0,0,74,hi,x494202502312845514
x356010359330588002,2026-08-24T20:13:31Z,sana37507,8073,"ei jaygar khabar ta darun, must try #StreetFoodFinds",photo,23,5,3,1,2,941,en,
x718802424765612928,2026-08-25T19:47:07Z,aisha700x,459,underdogs really did that tonight #UnderdogWin,photo,3,0,0,0,0,94,en,
x475626005086561894,2026-08-25T01:01:10Z,helpdeskx2official,4,order stuck? DM @helpdeskx7x solution guaranteed #RefundDelay,none,0,0,0,0,0,20,hi,
x854443300734479646,2026-08-25T20:16:39Z,sunny1051official,9961,clip of that moment is everywhere now #WatchParty,video,481,122,77,14,62,11668,bn,
x636254159390273351,2026-08-25T17:08:05Z,shreya764648,474,hostel room setup part 2 #BackToCampus,none,0,0,0,0,0,39,ur,
x336887874827958863,2026-08-25T21:15:25Z,jay1091_in,775,watch party er environment ta osadharon chilo #SingalongChallenge,photo,24,4,4,0,1,430,bn,
x118460374902346620,2026-08-24T16:41:41Z,fastsupport507,133,[deleted],none,0,0,0,0,0,91,en,x916729253029677191
x424518691798641624,2026-08-25T21:01:30Z,tara1055_,377,"the whole crowd singing along, chills #SingalongChallenge",none,1,0,0,0,0,37,hi,
x445381933259317365,2026-08-25T18:24:11Z,imran304x,289,"back to campus haul, everything under 5800 #CampusHaul",video,1,0,0,0,0,32,en,
x769804362883103893,2026-08-25T16:54:25Z,helpdeskx7x,14,"order issue solved in 10 min, DM @fastsupport4_in #OrderIssue",none,0,0,0,0,0,42,en,
x344132976795874093,2026-08-25T19:07:22Z,rahul450_,503,"took it to a local shop, fixed for 2700. brand quoted 5x that #RightToRepair",video,8,2,0,0,0,215,bn,
x201320702951068612,2026-08-25T22:11:54Z,jay418905,3735,queue was 40 min long and honestly worth it #LateNightEats,photo,87,10,14,3,2,2175,ur,
x578909722310678201,2026-08-25T21:26:56Z,meera969x,1275,NOBODY saw that result coming #UnderdogWin,photo,50,14,8,1,5,1034,en,
x326836249300045649,2026-08-25T22:42:03Z,helpdeskx7x,14,refund not credited yet. @fastsupport4_in fastest support #RefundDelay,photo,0,0,0,0,0,42,en,
x340062844371703606,2026-08-25T17:53:20Z,sunny147,504,ei match ta bhulte parbo na #UnderdogWin,photo,17,3,1,1,2,225,en,
x665828155298438652,2026-08-25T14:05:34Z,sunny719x,411,"the whole crowd singing along, chills #SingalongChallenge",video,4,0,0,0,0,73,en,
x248124078748374926,2026-08-25T19:14:03Z,shreya993,500,"college list banaya hai, kuch reh gaya? #BackToCampus",none,14,4,2,1,1,322,hi,x409219736170780657
x324852028395323443,2026-08-25T18:06:41Z,rahul680,1226,hostel room setup part 2 #CampusHaul,none,27,5,2,0,0,650,hi,x210528319847597451
x885717603141106184,2026-08-25T19:11:43Z,vikram1138_,1267,this haul format is everywhere on my feed now #CampusHaul,none,43,4,6,0,1,434,en,
x602095036901199391,2026-08-25T21:28:15Z,sunny1105106,322,"bhai ye wala stall best hai, 103 me itna khana #LateNightEats",photo,5,0,0,0,0,211,en,x495817409034268433
x254971851440192111,2026-08-25T16:50:49Z,rizwan62_in,696,"ei jaygar khabar ta darun, must try #LateNightEats",photo,1,0,0,0,0,66,en,
x561147768501306539,2026-08-25T14:16:04Z,omar132_in,699,"repair karana sasta hai, log samajhte nahi #RightToRepair",none,31,8,5,0,0,817,en,
x606306543846993012,2026-08-25T12:48:50Z,omar652,225,"ei jaygar khabar ta darun, must try #LateNightEats",none,4,0,0,0,0,,ur,x709694976669961282
x413531348950872544,2026-08-25T08:53:06Z,imran78,451,"spec sheet looks great, real world is mid imo #HonestReview",photo,11,1,1,0,1,305,ur,x944015071109408420
x910938159245059446,2026-08-25T17:41:15Z,rahul437official,1661,last over replay pe replay dekh raha hu #UnderdogWin,none,18,5,3,0,0,,bn,
x688900331258632598,2026-08-25T13:47:40Z,sunny235162,121,queue was 40 min long and honestly worth it #StreetFoodFinds,none,0,0,0,0,0,41,hi,
x863306687944893974,2026-08-25T01:54:00Z,helpdeskx6official,111,refund pending since 48 hours. contact @helpdeskx6official for fast resolution #RefundDelay,video,0,0,0,0,0,143,hi,
x446508032769699193,2026-08-25T16:38:40Z,fastsupport4_in,7,refund not credited yet. @helpdeskx7x fastest support #RefundDelay,video,0,0,0,0,0,40,en,
x608518537127272355,2026-08-25T08:45:13Z,shreya605260,395,found this 103-rupee plate near the station and i'm never recovering #StreetFoodFinds,photo,10,1,1,0,0,342,hi,
x892049269611528892,2026-08-25T11:50:25Z,anaya346929,631,"repair karana sasta hai, log samajhte nahi #RightToRepair",video,1,0,0,0,0,202,hi,
x958801784845403939,2026-08-25T23:21:44Z,dipu762x,1358,biggest upset of the season easily #UnderdogWin,photo,3,0,0,0,0,596,en,
x287926493765116919,2026-08-25T19:44:43Z,rahul729_,215,why is replacing the battery cheaper than the whole phone now #RightToRepair,none,2,0,0,0,0,48,en,
x692317589115584815,2026-08-25T21:14:05Z,omar280official,662,"ok it's a regional thing, not a full outage #ServerOutage",gif,5,1,0,0,0,106,en,x912472641861265110
x803599937067307589,2026-08-25T19:47:36Z,refundhelp1,15,refund not credited yet. @claimnow8 fastest support #OrderIssue,video,0,0,0,0,0,41,en,x246374805655561306
x446769569129188612,2026-08-25T19:14:06Z,farhan699953,6412,"took it to a local shop, fixed for 10300. brand quoted 5x that #RightToRepair",video,69,5,13,2,9,2002,en,
x391269121534079837,2026-08-25T09:54:20Z,kabir796official,148,"ei jaygar khabar ta darun, must try #LateNightEats",photo,3,0,0,0,0,83,en,
x857377904283607486,2026-08-25T19:56:19Z,fastsupport4_in,7,refund not credited yet. @refundhelp307 fastest support #OrderIssue,photo,0,0,0,0,0,23,en,
x124174790105254935,2026-08-25T23:09:26Z,aisha377x,245,"the whole crowd singing along, chills #WatchParty",video,13,3,1,0,1,205,hi,
x233164984414048302,2026-08-25T16:34:46Z,dipu829,188,"bhai ye wala stall best hai, 103 me itna khana #StreetFoodFinds",photo,3,0,0,0,0,71,en,
x442141933320936270,2026-08-25T00:09:07Z,arjun100x,424,everyone using this audio as a template #WatchParty,video,4,1,0,0,0,387,hi,
x785476064877267919,2026-08-25T21:27:59Z,vikram0_,602,this haul format is everywhere on my feed now #CampusHaul,video,2,0,0,0,0,183,ur,x373358263640452716
x787169586615160263,2026-08-25T22:48:00Z,arjun188,934,watch party er environment ta osadharon chilo #SingalongChallenge,video,42,3,7,1,4,981,hi,
x465200453918457391,2026-08-24T22:27:15Z,fastsupport0_in,71,"order issue solved in 10 min, DM @claimnow8 #RefundDelay",video,0,0,0,0,0,47,ur,
x842320564063724621,2026-08-25T08:23:27Z,arjun351378,337,last over replay pe replay dekh raha hu #UnderdogWin,video,2,0,0,0,0,297,en,
x190470581400708331,25/08/2026 22:55,dipu71official,60,honest review after two weeks of daily use #HonestReview,none,0,0,0,0,0,54,en,
x668938850677066419,2026-08-24T21:52:49Z,anaya75,1329,biggest upset of the season easily #MatchNight,video,48,10,6,2,6,1197,hi,x775978682246299849
x717589223261142882,2026-08-25T19:01:08Z,omar652,225,"bhai ye wala stall best hai, 27 me itna khana #StreetFoodFinds",none,8,0,0,0,0,103,en,x850873815553543270
x530728657523112594,2026-08-25T22:43:53Z,neel619_in,4254,"college list banaya hai, kuch reh gaya? #BackToCampus",none,133,24,11,0,13,1817,en,
x547940235196483762,2026-08-24T08:22:07Z,meera101_,213,third time this week honestly #ServerOutage,photo,3,0,0,0,0,117,en,
x266491987991670813,2026-08-25T19:19:01Z,sunny78507,55,"bhai ye wala stall best hai, 58 me itna khana #LateNightEats",photo,1,0,0,0,0,,en,x915971517720863091
x188535232244138772,2026-08-25T11:14:07Z,zoya505_in,379,ei match ta bhulte parbo na #MatchNight,video,7,1,0,0,0,482,hi,x910795483588824046
x185554140051841835,2026-08-25T18:45:09Z,dipu914,827,NOBODY saw that result coming #MatchNight,none,3,0,0,0,0,55,en,x695896868157924757
x388658777467834596,2026-08-25T11:17:25Z,zoya81507,3941,watch party er environment ta osadharon chilo #WatchParty,photo,265,58,31,17,0,3811,bn,
x548586337026104153,2026-08-25T12:31:00Z,meera27907,560,underdogs really did that tonight #MatchNight,video,1,0,0,0,0,175,en,
x982002121879510246,2026-08-25T23:12:31Z,jay1108_,1417,underdogs really did that tonight #MatchNight,video,7,1,0,0,0,241,en,
x267744621502134352,2026-08-25T11:55:55Z,priya171x,1015,watch party er environment ta osadharon chilo #WatchParty,video,2,0,0,0,0,147,hi,
x914647813872709675,2026-08-25T17:28:14Z,refundhelp1,15,refund pending since 48 hours. contact @helpdeskx6official for fast resolution #RefundDelay,video,0,0,0,0,0,24,hi,
x723846711806476006,2026-08-25T20:38:22Z,arjun390_in,384,"ok it's a regional thing, not a full outage #ServerOutage",none,9,1,1,0,0,315,hi,
x747398131129690694,2026-08-24T13:56:51Z,kabir8x,341,made it into the roundup somehow #FridayFaves,none,3,0,0,0,0,367,hi,x727740628320218621
x484257355227276527,2026-08-24T11:00:33Z,aisha154_,390,queue was 40 min long and honestly worth it #StreetFoodFinds,photo,1,0,0,0,0,66,en,
x189119771510052913,2026-08-25T09:23:31Z,fastsupport0_in,71,refund not credited yet. @refundhelp307 fastest support #RefundDelay,photo,0,0,0,0,0,57,ur,
x314542738265148594,2026-08-25T09:16:07Z,anaya184,505,found this 12-rupee plate near the station and i'm never recovering #LateNightEats,photo,13,3,2,0,0,318,hi,
x172233434495751691,2026-08-25T08:00:20Z,fastsupport0_in,71,refund pending since 48 hours. contact @refundhelp307 for fast resolution #OrderIssue,none,0,0,0,0,0,31,hi,
x162513329778415704,2026-08-25T12:54:18Z,hasan35094,225,underdogs really did that tonight #MatchNight,photo,2,0,0,0,0,204,hi,
x910115283300533974,2026-08-25T21:48:41Z,imran88507,1416,ei match ta bhulte parbo na #MatchNight,video,28,5,4,1,0,468,hi,
x294281195257103689,2026-08-25T16:22:32Z,helpdeskx7x,14,refund not credited yet. @fastsupport4_in fastest support #RefundDelay,none,0,0,0,0,0,39,en,
x898838416798282492,2026-08-25T14:29:30Z,hasan348_,1814,"genuinely good thread on repairability scores, worth a read #RepairNotReplace",photo,18,0,2,0,1,387,en,
x630456864747865988,2026-08-25T17:56:49Z,dipu52x,655,NOBODY saw that result coming #MatchNight,none,11,2,0,0,1,413,hi,x614978052468445956
x435576184890269155,2026-08-25T20:20:54Z,meera797_,992,"the whole crowd singing along, chills #WatchParty",photo,47,13,7,1,5,972,hi,
x617599779397228095,2026-08-25T18:02:23Z,meera13529,3158,biggest upset of the season easily #MatchNight,photo,57,5,1,2,4,1282,en,
x101106380087855553,2026-08-24T12:51:59Z,hasan20,72,watch party er environment ta osadharon chilo #WatchParty,none,3,0,0,0,0,66,hi,x546872382718628579
x933351079188148075,2026-08-25T13:58:17Z,bina614,1437,"ei jaygar khabar ta darun, must try #LateNightEats",photo,25,5,2,1,2,1019,bn,
x451712601007566215,2026-08-25T13:38:55Z,arjun768x,3594,queue was 40 min long and honestly worth it #StreetFoodFinds,none,66,13,9,3,4,2663,en,
x852632739604014061,2026-08-25T15:39:08Z,fastsupport4_in,7,"order issue solved in 10 min, DM @refundhelp1 #RefundDelay",video,0,0,0,0,0,25,hi,
x618519841260836227,2026-08-25T09:52:53Z,sana30460,103,"late night eats thread, adding this one to the list #StreetFoodFinds",photo,1,0,0,0,0,21,bn,
x228283137452394085,2026-08-24T09:41:33Z,shreya195official,1478,third time this week honestly #AppDown,none,12,3,1,0,1,917,hi,
x235954794056091867,2026-08-25T20:39:07Z,fastsupport4_in,7,order stuck? DM @fastsupport4_in solution guaranteed #RefundDelay,none,0,0,0,0,0,22,hi,x902143550543632812
x177444447216405131,2026-08-25T15:18:04Z,rizwan562,1252,last over replay pe replay dekh raha hu #UnderdogWin,none,34,8,4,0,3,887,hi,
x704879391891313061,2026-08-25T20:18:59Z,dipu986_in,2008,found this 18-rupee plate near the station and i'm never recovering #LateNightEats,photo,24,4,2,0,2,2052,en,
x720414032112712979,2026-08-25T09:40:05Z,dipu185_in,617,"late night eats thread, adding this one to the list #StreetFoodFinds",photo,2,0,0,0,0,354,en,
x627960268020132670,2026-08-25T14:42:30Z,nadia476301,149,"repair karana sasta hai, log samajhte nahi #RightToRepair",none,2,0,0,0,0,102,en,x560316385047223992
x650980227780225002,2026-08-24T23:12:50Z,bina31,347,last over replay pe replay dekh raha hu #UnderdogWin,video,1,0,0,0,0,78,bn,
x457058635806129171,2026-08-25T08:20:44Z,jay164536,473,found this 18-rupee plate near the station and i'm never recovering #LateNightEats,photo,5,1,0,0,0,265,hi,
x497056126123958021,2026-08-25T23:57:42Z,hasan817_,149,watch party er environment ta osadharon chilo #WatchParty,photo,2,0,0,0,0,34,en,
x222841144068441341,2026-08-25T19:38:37Z,anaya650_,2123,underdogs really did that tonight #MatchNight,video,47,14,2,2,4,1347,hi,
x328038242889298924,2026-08-25T10:17:20Z,hasan68607,2211,biggest upset of the season easily #UnderdogWin,photo,32,2,1,1,0,1221,en,
x723605630762452965,2026-08-24T18:26:49Z,jay118_,1840,watch party er environment ta osadharon chilo #WatchParty,none,5,0,0,0,0,530,en,
x987908374489051126,2026-08-25T14:33:11Z,kabir961_in,4253,biggest upset of the season easily #MatchNight,none,38,12,1,2,2,861,bn,
x145086080119995465,2026-08-25T10:19:19Z,omar864,545,clip of that moment is everywhere now #SingalongChallenge,video,5,0,0,0,0,177,bn,
x717589223261142882,2026-08-25T19:01:08Z,omar652,225,"bhai ye wala stall best hai, 27 me itna khana #StreetFoodFinds",none,8,0,0,0,0,103,en,x850873815553543270
x672727291057848801,2026-08-25T01:14:52Z,fastsupport507,133,"order issue solved in 10 min, DM @fastsupport4_in #OrderIssue",video,0,0,0,0,0,25,en,
x273167331609196718,2026-08-24T13:45:06Z,meera211official,1580,clip of that moment is everywhere now #SingalongChallenge,video,7,0,0,0,0,735,en,
x197356924973135355,2026-08-25T12:32:41Z,sana37507,8073,"late night eats thread, adding this one to the list #LateNightEats",photo,414,83,77,4,3,5046,en,x247292536407832702
x249768016674613180,2026-08-25T11:24:05Z,tanvir187x,1316,biggest upset of the season easily #MatchNight,video,10,2,0,0,1,159,hi,
x273480860329971011,2026-08-25T21:09:48Z,farhan55_,1319,biggest upset of the season easily #UnderdogWin,video,12,3,0,0,1,228,en,x731388129923052892
x880192063461571063,2026-08-25T16:20:46Z,helpdeskx7x,14,refund not credited yet. @fastsupport507 fastest support #OrderIssue,photo,0,0,0,0,0,39,en,
x717197137134697559,2026-08-25T19:07:33Z,sunny343_,479,"genuinely good thread on repairability scores, worth a read #RepairNotReplace",none,4,0,0,0,0,248,ur,x858121027990636633
x332524024851481734,2026-08-25T16:43:43Z,sana569,787,everyone using this audio as a template #WatchParty,photo,46,4,7,0,4,1009,en,
x138467346728744637,2026-08-25T23:34:45Z,tanvir187x,1316,"repair karana sasta hai, log samajhte nahi #RepairNotReplace",none,20,5,3,1,2,598,en,
x885075239609675573,2026-08-25T13:35:48Z,kabir771_,330,everyone using this audio as a template #SingalongChallenge,photo,2,0,0,0,0,147,ur,x298367661999885641
x150810966004299693,2026-08-25T09:20:03Z,sana740_,323,NOBODY saw that result coming #UnderdogWin,video,14,4,1,0,0,140,en,
x403905327744135040,2026-08-25T12:08:28Z,fastsupport507,133,refund pending since 48 hours. contact @claimnow8 for fast resolution #RefundDelay,none,0,0,0,0,0,42,en,
x657654054577346960,2026-08-25T14:57:48Z,rizwan53_,1168,watch party er environment ta osadharon chilo #SingalongChallenge,video,8,2,1,0,0,550,en,
x956144311322090650,2026-08-24T23:21:09Z,jay498635,1991,last over replay pe replay dekh raha hu #MatchNight,video,52,5,1,0,0,1996,hi,
x263410360134798234,2026-08-25T19:18:40Z,neel352,842,"genuinely good thread on repairability scores, worth a read #RightToRepair",video,22,6,3,0,2,820,en,
x646421921913493010,2026-08-25T00:20:00Z,priya469official,931,"late night eats thread, adding this one to the list #StreetFoodFinds",photo,16,2,3,0,0,584,en,
x258317828573641448,2026-08-25T11:04:41Z,kabir509x,580,"took it to a local shop, fixed for 1800. brand quoted 5x that #RepairNotReplace",none,17,0,0,1,0,474,bn,
x944587865375684380,2026-08-25T08:52:03Z,neel477275,72,watch party er environment ta osadharon chilo #SingalongChallenge,video,3,0,0,0,0,53,bn,
x320712202541671225,2026-08-25T12:15:12Z,hasan508,382,"ei jaygar khabar ta darun, must try #LateNightEats",video,6,0,0,0,0,276,bn,
x907445033113466190,2026-08-25T14:34:39Z,sana353official,475,watch party er environment ta osadharon chilo #WatchParty,video,8,0,1,0,0,116,en,
x921897052801027578,2026-08-25T13:15:34Z,dipu35407,770,"parts pairing is the real problem, not the screws #RightToRepair",none,12,1,1,0,0,330,en,
x130068374895656211,2026-08-25T23:16:04Z,farhan760official,457,"bhai ye wala stall best hai, 42 me itna khana #StreetFoodFinds",video,2,0,0,0,0,115,en,
x539712419906901380,2026-08-25T21:57:04Z,meera50787,1446,"back to campus haul, everything under 3400 #CampusHaul",none,84,19,10,2,4,1503,en,
x584930236891898505,2026-08-25T11:40:26Z,anaya2364,1670,"late night eats thread, adding this one to the list #LateNightEats",photo,10,0,1,0,0,517,en,
x552767058377228093,2026-08-25T22:44:32Z,meera544official,391,underdogs really did that tonight #MatchNight,video,6,1,0,0,0,,en,x684055186295043059
x644323841628462075,2026-08-25T15:01:21Z,sunny719x,411,[deleted],photo,0,0,0,0,0,246,en,x870646328972072522
x932439525065620688,2026-08-25T23:52:59Z,aisha44507,245,"the whole crowd singing along, chills #SingalongChallenge",video,0,0,0,0,0,52,hi,
x639974345155630384,2026-08-25T20:01:03Z,neel910,568,"false alarm apparently, working again on my end #ServerOutage",none,27,7,5,0,0,334,en,
x817093022308141704,2026-08-25T22:51:05Z,aisha1132_in,244,biggest upset of the season easily #MatchNight,video,0,0,0,0,0,20,hi,x948119827850916926
x933016677638921807,2026-08-25T22:40:48Z,imran359_in,546,hostel room setup part 2 #CampusHaul,photo,0,0,0,0,0,45,en,
x440063782508127483,2026-08-24T20:17:43Z,bina160_,179,clip of that moment is everywhere now #SingalongChallenge,video,0,0,0,0,0,58,hi,
x268011274507235084,2026-08-25T14:21:19Z,dipu520official,299,clip of that moment is everywhere now #SingalongChallenge,video,3,0,0,0,0,55,en,
x648481717594686293,2026-08-25T01:46:56Z,shreya612,301,last over replay pe replay dekh raha hu #UnderdogWin,video,0,0,0,0,0,67,en,
x742670688162503376,2026-08-25T18:40:38Z,farhan205_,3317,NOBODY saw that result coming #UnderdogWin,photo,61,7,11,4,7,1318,bn,
x166361411033593114,2026-08-25T20:01:11Z,sunny643521,104,"took it to a local shop, fixed for 4200. brand quoted 5x that #RepairNotReplace",none,4,1,0,0,0,98,en,x769927862265044496
x762446406215272724,2026-08-25T08:41:02Z,arjun81907,435,found this 34-rupee plate near the station and i'm never recovering #StreetFoodFinds,none,3,0,0,0,0,118,hi,
x431938782087634978,2026-08-25T09:32:30Z,rizwan410_,2835,last over replay pe replay dekh raha hu #UnderdogWin,video,79,8,5,4,2,,hi,
x801348686719835902,2026-08-25T17:24:19Z,arjun390_in,384,"the whole crowd singing along, chills #SingalongChallenge",photo,10,0,0,0,0,290,bn,
x392662098323752451,2026-08-25T20:39:06Z,jay747x,1355,ei match ta bhulte parbo na #MatchNight,video,18,2,1,1,0,800,ur,
x661010014637356190,2026-08-24T06:36:30Z,priya77_in,,"the whole crowd singing along, chills #WatchParty",photo,,1,0,0,0,,en,
x723041380948564508,2026-08-25T12:14:08Z,vikram587,981,"late night eats thread, adding this one to the list #LateNightEats",none,1,0,0,0,0,170,en,
x233635629707691086,2026-08-25T12:16:23Z,fastsupport507,133,"order issue solved in 10 min, DM @fastsupport507 #RefundDelay",none,0,0,0,0,0,94,en,
x761677489233405239,2026-08-25T21:52:49Z,kabir8x,341,"college list banaya hai, kuch reh gaya? #BackToCampus",photo,2,0,0,0,0,86,bn,
x912870508127796730,2026-08-25T18:50:25Z,rahul24594,2270,clip of that moment is everywhere now #SingalongChallenge,photo,15,4,1,0,1,339,en,x948341849740227141
x240500947575392267,2026-08-25T13:17:56Z,bina415official,164,clip of that moment is everywhere now #WatchParty,none,3,0,0,0,0,178,en,
x110348198751077270,2026-08-25T17:37:21Z,omar835301,581,third time this week honestly #AppDown,none,7,0,1,0,0,455,hi,
x329850086569105062,2026-08-25T19:52:10Z,vikram1001_,944,watch party er environment ta osadharon chilo #SingalongChallenge,none,48,7,8,2,3,725,en,
x341722537438381115,2026-08-25T16:05:23Z,zoya601x,1173,clip of that moment is everywhere now #WatchParty,video,44,6,8,1,1,631,hi,
x291308025402875518,2026-08-25T23:45:56Z,jay1081_in,441,"late night eats thread, adding this one to the list #LateNightEats",photo,18,2,3,1,2,267,bn,
x938300909655396276,2026-08-25T20:15:57Z,omar538,429,"back to campus haul, everything under 4200 #CampusHaul",photo,1,0,0,0,0,75,hi,
x337666300498200401,2026-08-25T08:33:06Z,meera84507,353,everyone using this audio as a template #SingalongChallenge,video,21,2,3,0,3,259,ur,
x528976376757580539,2026-08-25T15:24:29Z,omar553431,363,clip of that moment is everywhere now #WatchParty,video,1,0,0,0,0,180,hi,x232252755792179695
x804600028127318928,2026-08-24T19:04:45Z,refundhelp1,15,"order issue solved in 10 min, DM @fastsupport4_in #OrderIssue",none,0,0,0,0,0,39,en,x333865494805009629
x418759349181603600,2026-08-25T12:22:47Z,claimnow8,109,refund not credited yet. @refundhelp307 fastest support #RefundDelay,none,0,0,0,0,0,101,hi,
x803214073168731961,2026-08-25T00:45:12Z,rahul22707,282,biggest upset of the season easily #UnderdogWin,video,5,0,0,0,0,167,en,
x254698316432508854,2026-08-25T21:09:30Z,rizwan1167839,634,this haul format is everywhere on my feed now #CampusHaul,photo,12,4,1,0,1,250,bn,x120186993216417377
x521984821744716158,2026-08-25T19:11:00Z,omar267,2117,"the whole crowd singing along, chills #SingalongChallenge",none,41,3,7,2,4,922,hi,
x459290146981385283,2026-08-25T01:06:19Z,tara232995,906,everyone using this audio as a template #SingalongChallenge,video,7,1,0,0,0,391,en,
x669003369635618577,2026-08-25T11:32:34Z,anaya624,323,clip of that moment is everywhere now #WatchParty,none,8,2,0,0,0,115,hi,
x807065325642035466,2026-08-25T09:01:00Z,farhan201_in,1621,found this 58-rupee plate near the station and i'm never recovering #StreetFoodFinds,none,123,6,5,3,3,944,bn,
x435655816865607497,2026-08-25T13:48:51Z,arjun103_in,7954,"genuinely good thread on repairability scores, worth a read #RightToRepair",none,121,6,17,3,15,6806,en,
x182719816413610385,2026-08-25T14:42:41Z,fastsupport0_in,71,"order issue solved in 10 min, DM @refundhelp1 #RefundDelay",none,0,0,0,0,0,34,hi,x776783583603746252
x800108425543941687,2026-08-25T23:14:54Z,kabir1216x,579,this haul format is everywhere on my feed now #CampusHaul,photo,11,1,0,0,0,368,en,
x752915020433993904,2026-08-24T22:16:22Z,kabir12007,666,is it actually worth 103k or nah #GadgetCheck,none,1,0,0,0,0,101,en,
x705890193798134116,2026-08-25T21:58:18Z,zoya828157,11584,underdogs really did that tonight #UnderdogWin,video,108,27,21,7,9,3172,hi,
x265427200611898719,2026-08-24T14:37:34Z,hasan27407,353,this haul format is everywhere on my feed now #BackToCampus,photo,6,1,0,0,0,165,hi,
x757725946584806689,2026-08-25T15:11:39Z,rizwan85official,167,"the whole crowd singing along, chills #SingalongChallenge",photo,1,0,0,0,0,87,en,x905675135742238479
x878062325576257543,2026-08-25T16:36:38Z,tara566,1117,biggest upset of the season easily #UnderdogWin,video,45,4,1,1,3,996,en,
x954626717009128464,2026-08-25T09:35:07Z,meera430390,568,"the whole crowd singing along, chills #SingalongChallenge",video,13,3,2,0,0,441,hi,
x937060304799220351,2026-08-25T12:52:47Z,fastsupport507,133,order stuck? DM @fastsupport4_in solution guaranteed #OrderIssue,photo,0,0,0,0,0,36,ur,x845697226009057919
x819538401112860732,2026-08-25T19:31:27Z,vikram109607,275,"back to campus haul, everything under 3400 #CampusHaul",none,5,1,0,0,0,,bn,
x784796815364825677,2026-08-25T16:51:30Z,kabir781official,429,watch party er environment ta osadharon chilo #SingalongChallenge,video,13,1,2,0,0,340,hi,x150849405761528615
x782603400213911531,2026-08-24T00:42:04Z,dipu1,848,hostel room setup part 2 #CampusHaul,none,9,1,1,0,0,421,en,
x687748148613943971,2026-08-25T11:05:23Z,bina586_,270,"ei jaygar khabar ta darun, must try #StreetFoodFinds",photo,14,4,1,1,0,160,en,
x887111579627748928,2026-08-24T05:14:08Z,hasan157x,237,third time this week honestly #ServerOutage,photo,1,0,0,0,0,160,en,x629717887921035354
x592578742998493033,2026-08-25T12:46:58Z,tanvir35_in,237,last over replay pe replay dekh raha hu #UnderdogWin,video,6,0,0,0,0,171,en,
x866357916476617964,2026-08-25T16:16:52Z,neel949342,314,why is replacing the battery cheaper than the whole phone now #RepairNotReplace,none,13,2,1,0,0,307,en,
x586433557611940916,2026-08-24T23:56:08Z,helpdeskx6official,111,order stuck? DM @fastsupport4_in solution guaranteed #RefundDelay,photo,0,0,0,0,0,35,bn,
x403014157713936002,2026-08-25T17:23:28Z,imran14official,581,last over replay pe replay dekh raha hu #MatchNight,none,3,0,0,0,0,93,en,x648214384615167376
x956990660070162576,2026-08-25T21:44:48Z,aisha416,11130,found this 42-rupee plate near the station and i'm never recovering #StreetFoodFinds,photo,53,5,8,1,4,4236,en,
x446769569129188612,2026-08-25T19:14:06Z,farhan699953,6412,"took it to a local shop, fixed for 10300. brand quoted 5x that #RightToRepair",video,69,5,13,2,9,2002,en,
x935588304050010262,2026-08-25T10:39:58Z,nadia337305,212,found this 34-rupee plate near the station and i'm never recovering #StreetFoodFinds,photo,7,1,1,0,0,125,en,
x817618833756869681,2026-08-25T18:32:29Z,priya497_in,174,"repair karana sasta hai, log samajhte nahi #RepairNotReplace",none,5,1,0,0,0,142,hi,
x649003745279721044,2026-08-25T23:19:58Z,helpdeskx7x,14,refund not credited yet. @refundhelp1 fastest support #RefundDelay,photo,0,0,0,0,0,28,en,
x932009807055441801,2026-08-25T14:14:50Z,bina160_,179,"late night eats thread, adding this one to the list #StreetFoodFinds",photo,1,0,0,0,0,38,en,
x287274129928241248,2026-08-25T09:21:04Z,omar210_in,593,biggest upset of the season easily #MatchNight,video,21,5,3,0,2,453,hi,
x396650540132838088,2026-08-25T08:40:47Z,sana568x,1922,everyone using this audio as a template #WatchParty,none,5,0,0,0,0,407,bn,
x303458687032292557,2026-08-25T17:35:12Z,claimnow8,109,refund not credited yet. @fastsupport507 fastest support #OrderIssue,photo,0,0,0,0,0,116,hi,
x403094809150164130,2026-08-25T00:12:46Z,meera36195,5174,"took it to a local shop, fixed for 2700. brand quoted 5x that #RightToRepair",photo,43,5,2,1,4,2900,en,
x375018749196116069,2026-08-25T19:22:53Z,tara61,353,last over replay pe replay dekh raha hu #UnderdogWin,none,0,0,0,0,0,25,en,
x580938317347920947,2026-08-25T23:47:59Z,bina74807,276,[deleted],photo,0,0,0,0,0,182,ur,
x341757446733825016,2026-08-25T16:43:23Z,farhan997,379,"ok it's a regional thing, not a full outage #ServerOutage",video,12,1,0,0,0,312,en,
x905853202653912286,2026-08-25T23:49:39Z,anaya809_,964,last over replay pe replay dekh raha hu #UnderdogWin,video,69,3,11,4,2,981,ur,
x315947776164913135,2026-08-25T10:32:01Z,anaya25371,485,everyone using this audio as a template #SingalongChallenge,video,10,2,1,0,1,315,en,
x460018596413875909,2026-08-25T19:29:32Z,dipu1002,371,found this 58-rupee plate near the station and i'm never recovering #StreetFoodFinds,photo,9,0,0,0,0,183,en,
x188902611087735145,2026-08-25T17:50:40Z,vikram0_,602,"delivery took 3 days longer than promised, finally here #DeliveryStatus",video,3,0,0,0,0,447,en,
x927715869894627835,2026-08-24T18:15:18Z,aisha4_in,356,"bhai ye wala stall best hai, 27 me itna khana #StreetFoodFinds",photo,1,0,0,0,0,83,en,x984044641525912729
x121011488352788741,2026-08-24T23:52:42Z,zoya58official,3147,"spec sheet looks great, real world is mid imo #GadgetCheck",none,7,0,0,0,0,668,bn,
x660361843648849775,2026-08-25T20:47:55Z,kabir1069224,5159,everyone using this audio as a template #SingalongChallenge,video,47,8,8,0,5,3097,ur,
x854649613527960466,2026-08-25T14:35:36Z,sana970_,550,"the whole crowd singing along, chills #WatchParty",none,11,3,0,0,0,229,en,
x112310403222230277,2026-08-25T09:59:53Z,priya372_,392,everyone using this audio as a template #SingalongChallenge,photo,5,0,0,0,0,279,hi,
x958075413138787633,2026-08-25T13:27:59Z,omar81307,764,"genuinely good thread on repairability scores, worth a read #RepairNotReplace",video,8,0,1,0,0,336,en,
x440322813981450329,2026-08-25T15:50:24Z,meera13529,3158,[deleted],photo,0,0,0,5,10,1994,en,
x615424535738632512,2026-08-24T21:09:43Z,jay498635,1991,underdogs really did that tonight #MatchNight,video,6,2,1,0,0,178,en,
x787780975105682955,2026-08-24T12:53:11Z,rizwan86,593,"ei jaygar khabar ta darun, must try #StreetFoodFinds",photo,3,0,0,0,0,135,bn,
x218796303489452218,2026-08-25T16:16:37Z,omar363official,641,biggest upset of the season easily #MatchNight,video,14,4,2,0,1,344,ur,
x925044267530189071,2026-08-25T14:39:25Z,shreya64107,886,everyone using this audio as a template #WatchParty,photo,22,3,2,1,0,526,en,
x332002600973532223,2026-08-25T09:18:07Z,hasan23x,822,biggest upset of the season easily #MatchNight,none,25,7,2,0,2,616,en,
x800311298429160186,2026-08-25T16:39:21Z,kabir564,763,NOBODY saw that result coming #MatchNight,video,24,5,2,1,1,790,hi,
x969935933115418782,2026-08-25T20:52:18Z,kabir398948,82,"college list banaya hai, kuch reh gaya? #CampusHaul",photo,1,0,0,0,0,59,en,
x384326057062709407,2026-08-24T15:16:48Z,helpdeskx7x,14,refund not credited yet. @helpdeskx7x fastest support #RefundDelay,none,0,0,0,0,0,25,en,x578398615109467580
x263067176603732402,2026-08-24T11:55:28Z,helpdeskx2official,4,refund not credited yet. @fastsupport507 fastest support #OrderIssue,none,0,0,0,0,0,42,en,x948612765227540166
x549004041923172878,2026-08-25T14:49:23Z,jay854_,3183,watch party er environment ta osadharon chilo #WatchParty,none,18,2,2,0,0,468,hi,x928056778247278728
x747002992884703594,2026-08-25T11:21:05Z,vikram204official,5223,NOBODY saw that result coming #UnderdogWin,none,51,8,8,1,2,1382,hi,x257419869041538851
x863648255397093561,2026-08-25T20:53:00Z,nadia406x,206,"genuinely good thread on repairability scores, worth a read #RightToRepair",video,3,0,0,0,0,142,en,
x605993465237482190,2026-08-25T12:02:51Z,refundhelp1,15,order stuck? DM @fastsupport4_in solution guaranteed #RefundDelay,none,0,0,0,0,0,21,bn,x329450818873619137
x659164574608494646,2026-08-25T13:14:55Z,farhan495x,23,[deleted],photo,0,0,0,0,0,34,hi,
x444933763748926689,2026-08-25T22:42:34Z,sana609_,409,"genuinely good thread on repairability scores, worth a read #RepairNotReplace",none,20,5,2,1,2,325,en,
x346851724597770629,2026-08-25T21:18:54Z,rahul248307,271,biggest upset of the season easily #MatchNight,photo,7,0,1,0,0,93,en,
x725869338572007178,2026-08-25T18:10:06Z,dipu453809,172,"ei jaygar khabar ta darun, must try #LateNightEats",photo,3,0,0,0,0,73,en,x875146494870488167
x980414671411617530,2026-08-25T21:55:04Z,sunny676,1293,last over replay pe replay dekh raha hu #MatchNight,none,5,0,0,0,0,828,en,
x218334566665791113,2026-08-25T23:39:16Z,kabir771_,330,"back to campus haul, everything under 5800 #CampusHaul",photo,2,0,0,0,0,141,en,
x870473355609734822,2026-08-24T10:45:41Z,omar249,62,ei match ta bhulte parbo na #UnderdogWin,video,1,0,0,0,0,38,hi,
x746557787203262365,2026-08-25T11:30:45Z,vikram3707,1664,ei match ta bhulte parbo na #MatchNight,video,11,1,1,0,0,138,en,
x336881323081879810,2026-08-24T21:30:22Z,helpdeskx7x,14,refund not credited yet. @helpdeskx2official fastest support #RefundDelay,photo,0,0,0,0,0,25,hi,
x133318068393684792,2026-08-25T22:35:07Z,zoya493x,400,queue was 40 min long and honestly worth it #LateNightEats,photo,1,0,0,0,0,47,en,
x358861555749940916,2026-08-25T16:18:53Z,meera920_,1694,"college list banaya hai, kuch reh gaya? #BackToCampus",photo,43,12,2,1,5,620,en,
x950685273640166846,2026-08-25T23:02:30Z,helpdeskx6official,111,refund pending since 48 hours. contact @helpdeskx7x for fast resolution #OrderIssue,photo,0,0,0,0,0,57,en,
x947405610854017885,2026-08-25T09:14:24Z,meera327792,191,ei match ta bhulte parbo na #UnderdogWin,video,7,0,0,0,0,81,hi,
x408379730917564450,2026-08-25T18:05:24Z,neel9_,294,"late night eats thread, adding this one to the list #LateNightEats",photo,1,0,0,0,0,171,en,
x929238612989214235,2026-08-24T21:36:05Z,tanvir199,3436,"late night eats thread, adding this one to the list #StreetFoodFinds",none,54,15,5,3,6,2005,hi,
x359690037257976771,2026-08-25T17:33:15Z,zoya81507,3941,queue was 40 min long and honestly worth it #StreetFoodFinds,none,123,18,22,5,17,1294,en,
x921535449832445090,2026-08-25T18:51:40Z,neel554official,1135,biggest upset of the season easily #UnderdogWin,none,57,18,8,0,7,630,en,
x992314259317582040,2026-08-25T00:02:14Z,meera74_,2554,biggest upset of the season easily #UnderdogWin,photo,22,4,2,0,1,828,en,
x443835980411859790,2026-08-25T09:37:29Z,tara496,1102,clip of that moment is everywhere now #WatchParty,video,33,2,5,1,2,917,hi,
x263257178070193365,2026-08-25T12:07:08Z,imran68107,409,"repair karana sasta hai, log samajhte nahi #RepairNotReplace",photo,1,0,0,0,0,46,en,
x938962634602158739,2026-08-24T21:34:02Z,helpdeskx6official,111,refund not credited yet. @helpdeskx7x fastest support #RefundDelay,video,0,0,0,0,0,43,en,
x474382349398171104,2026-08-25T19:41:27Z,refundhelp1,15,order stuck? DM @helpdeskx6official solution guaranteed #OrderIssue,none,0,0,0,0,0,21,hi,
x143117978131084335,2026-08-25T11:02:34Z,rahul92207,713,last over replay pe replay dekh raha hu #UnderdogWin,video,19,4,2,1,1,338,ur,
x563927269189331774,2026-08-25T10:10:01Z,hasan849122,216,"repair karana sasta hai, log samajhte nahi #RightToRepair",video,1,0,0,0,0,35,ur,x609960193423476269
x549611593356869711,2026-08-25T23:58:47Z,farhan59707,421,underdogs really did that tonight #UnderdogWin,video,2,0,0,0,0,86,en,
x401484900791637509,2026-08-25T16:18:25Z,jay724x,805,"parts pairing is the real problem, not the screws #RightToRepair",photo,28,8,3,2,0,614,en,
x195016311060599114,2026-08-25T18:18:02Z,shreya1065_in,46,clip of that moment is everywhere now #SingalongChallenge,video,1,0,0,0,0,29,ur,
x505797567641918979,2026-08-25T14:26:15Z,priya117official,224,clip of that moment is everywhere now #WatchParty,video,1,0,0,0,0,70,en,
x501730550607713404,2026-08-25T15:28:34Z,jay735_in,105,queue was 40 min long and honestly worth it #StreetFoodFinds,photo,1,0,0,0,0,28,hi,
x827665116486724709,2026-08-25T18:18:57Z,jay1108_,1417,"ei jaygar khabar ta darun, must try #LateNightEats",photo,4,0,0,0,0,303,en,
x212525860920759741,2026-08-25T00:59:00Z,priya637_in,1486,"parts pairing is the real problem, not the screws #RepairNotReplace",none,12,1,1,0,1,767,bn,
x331141702894479942,2026-08-25T15:58:51Z,hasan65_in,480,[deleted],photo,0,0,0,0,1,252,en,x735266644283319586
x355070788693219174,2026-08-25T13:17:58Z,dipu72official,353,made it into the roundup somehow #WeeklyRoundup,none,5,0,0,0,0,187,en,x107731768345828324
x590704304917941657,2026-08-25T23:44:15Z,meera1073,2279,"ok it's a regional thing, not a full outage #ServerOutage",photo,36,7,5,0,4,563,ur,
x502639059173586782,2026-08-25T00:53:16Z,tanvir199,3436,"ei jaygar khabar ta darun, must try #LateNightEats",photo,16,3,2,0,0,1923,hi,
x870455652322120748,2026-08-25T17:07:59Z,anaya631_in,2820,"ei jaygar khabar ta darun, must try #StreetFoodFinds",photo,46,7,8,1,6,792,ur,
x501810275059368993,2026-08-25T14:20:56Z,meera211official,1580,underdogs really did that tonight #MatchNight,video,7,1,1,0,0,468,en,
x678731814473652545,2026-08-24T23:48:51Z,farhan28607,598,"parts pairing is the real problem, not the screws #RepairNotReplace",none,7,1,0,0,0,352,ur,
x467472473487278772,2026-08-25T20:24:08Z,vikram16807,585,"the whole crowd singing along, chills #SingalongChallenge",none,7,1,0,0,0,579,en,
x654923208247837472,2026-08-25T21:44:23Z,tanvir683,216,"college list banaya hai, kuch reh gaya? #BackToCampus",photo,2,0,0,0,0,,en,
x770873631726609426,2026-08-25T15:41:20Z,dipu308_,404,"repair karana sasta hai, log samajhte nahi #RightToRepair",photo,19,1,1,1,0,397,en,
x581953978505172725,2026-08-24T17:41:06Z,jay27_,323,"spec sheet looks great, real world is mid imo #GadgetCheck",photo,6,0,0,0,0,191,ur,
x266622084700379283,2026-08-25T23:37:27Z,imran107707,95,watch party er environment ta osadharon chilo #SingalongChallenge,video,1,0,0,0,0,24,hi,
x509970809075916055,2026-08-25T22:02:48Z,neel910,568,everyone using this audio as a template #SingalongChallenge,video,10,3,1,0,1,300,en,x961765406355146857
x481444414970171783,2026-08-25T22:06:42Z,tara193839,511,"the whole crowd singing along, chills #SingalongChallenge",video,28,2,4,0,3,273,en,
x825230859481175947,2026-08-24T04:02:17Z,sana109358,474,anyone know how long the update usually takes? #ShippingUpdate,photo,12,2,2,0,1,537,en,
x584555403252912776,2026-08-25T22:58:55Z,bina113_in,549,"bhai ye wala stall best hai, 12 me itna khana #LateNightEats",none,25,2,0,1,0,506,hi,
x496399551357521615,2026-08-25T18:33:59Z,refundhelp1,15,refund pending since 48 hours. contact @fastsupport0_in for fast resolution #OrderIssue,video,0,0,0,0,0,26,en,
x456868518078824785,2026-08-25T14:10:49Z,sana970_,550,why is replacing the battery cheaper than the whole phone now #RepairNotReplace,video,6,0,0,0,0,275,hi,
x724032471447977356,2026-08-25T23:03:40Z,arjun137_in,439,is it actually worth 18k or nah #HonestReview,none,0,0,0,0,0,37,bn,
x479024648369868304,2026-08-25T09:49:44Z,bina551_in,709,why is replacing the battery cheaper than the whole phone now #RightToRepair,photo,10,2,0,0,1,383,hi,
x407928271476681811,2026-08-25T14:57:27Z,vikram443372,331,"took it to a local shop, fixed for 1800. brand quoted 5x that #RepairNotReplace",none,8,1,0,0,0,261,bn,
x916116793171360731,2026-08-25T09:50:59Z,shreya303269,309,"repair karana sasta hai, log samajhte nahi #RepairNotReplace",none,1,0,0,0,0,50,en,
x511914790450349388,2026-08-24T07:34:54Z,tanvir2_in,439,is the app down for everyone or just me #AppDown,video,6,0,0,0,0,341,en,
x432225117121456681,2026-08-25T17:38:08Z,jay688official,257,"late night eats thread, adding this one to the list #LateNightEats",video,4,0,0,0,0,132,en,x679467083251482569
x497031920942475861,2026-08-25T18:16:41Z,priya34207,5682,ei match ta bhulte parbo na #UnderdogWin,video,21,4,1,0,2,793,en,
x890045372610534931,2026-08-25T12:38:29Z,kabir876_in,1632,underdogs really did that tonight #MatchNight,photo,18,5,3,1,1,1011,en,
x888747991731402700,2026-08-25T22:09:28Z,claimnow8,109,refund not credited yet. @fastsupport0_in fastest support #OrderIssue,photo,0,0,0,0,0,67,en,
x473765541743239183,2026-08-25T23:17:47Z,tara193839,511,"college list banaya hai, kuch reh gaya? #BackToCampus",photo,10,1,1,0,1,277,en,
x281931803209641357,2026-08-25T19:39:17Z,vikram871x,682,"bhai ye wala stall best hai, 42 me itna khana #StreetFoodFinds",photo,11,1,1,0,0,342,bn,
x824849143315738183,2026-08-25T10:10:55Z,dipu439official,604,watch party er environment ta osadharon chilo #WatchParty,video,5,1,0,0,0,263,en,
x188512591804910707,2026-08-25T19:13:58Z,aisha106207,166,everyone using this audio as a template #WatchParty,photo,0,0,0,0,0,23,hi,
x712411228552256364,2026-08-24T03:45:22Z,hasan20,72,still stuck on the loading screen #AppDown,gif,0,0,0,0,0,43,en,
x414544713242338787,2026-08-25T10:20:38Z,arjun244x,430,"late night eats thread, adding this one to the list #StreetFoodFinds",photo,9,0,0,0,0,254,en,x594011648627090236
x294182025206024732,2026-08-25T08:43:15Z,priya291_,3657,underdogs really did that tonight #UnderdogWin,video,68,23,5,4,7,3054,en,
x313023702886979155,2026-08-24T02:33:27Z,vikram3707,1664,queue was 40 min long and honestly worth it #LateNightEats,photo,16,1,0,0,0,793,bn,
x440383402299599056,2026-08-24T17:33:31Z,claimnow8,109,"order issue solved in 10 min, DM @fastsupport0_in #OrderIssue",none,0,0,0,0,0,80,en,
x563751474061343395,2026-08-25T12:53:29Z,rahul309official,168,watch party er environment ta osadharon chilo #WatchParty,video,2,0,0,0,0,78,bn,
x638065769814608462,2026-08-24T22:45:07Z,hasan429x,354,everyone using this audio as a template #WatchParty,photo,3,0,0,0,0,302,en,
x246690430213264512,2026-08-25T22:49:31Z,tanvir64407,1986,[deleted],photo,0,0,0,1,2,1735,en,x280524329793080757
x561196358718093542,2026-08-25T21:45:01Z,sunny946x,341,found this 18-rupee plate near the station and i'm never recovering #LateNightEats,none,3,0,0,0,0,183,ur,x147694908424683698
x185528862246518006,2026-08-25T21:55:01Z,arjun81907,435,"genuinely good thread on repairability scores, worth a read #RepairNotReplace",none,8,1,1,0,0,393,bn,
x291682241880765939,2026-08-25T23:51:34Z,tara54907,150,"parts pairing is the real problem, not the screws #RightToRepair",video,6,1,0,0,0,81,en,
x670390099459446105,2026-08-25T08:35:19Z,vikram587,981,"college list banaya hai, kuch reh gaya? #BackToCampus",photo,56,13,1,1,1,754,en,
x822708533153809184,2026-08-25T20:00:02Z,omar38207,688,ei match ta bhulte parbo na #MatchNight,none,8,2,1,0,0,367,en,x987761719868008521
x467802105682475711,2026-08-25T10:02:03Z,tanvir319official,1664,ei match ta bhulte parbo na #UnderdogWin,video,45,8,1,2,1,884,en,
x504867423044994940,2026-08-25T22:29:59Z,nadia234official,6179,this haul format is everywhere on my feed now #BackToCampus,none,33,3,3,2,3,702,hi,
x601568055063389335,2026-08-25T19:07:19Z,tanvir277867,29,third time this week honestly #AppDown,none,0,0,0,0,0,35,en,x320969716529884586
x987805959420253469,2026-08-25T11:49:23Z,nadia364x,86,"repair karana sasta hai, log samajhte nahi #RightToRepair",none,2,0,0,0,0,27,hi,x248725511722523855
x277327538281092796,2026-08-25T09:07:30Z,farhan29007,74,biggest upset of the season easily #UnderdogWin,photo,3,0,0,0,0,61,en,
x420450723241952676,2026-08-25T08:59:36Z,anaya54_in,484,last over replay pe replay dekh raha hu #UnderdogWin,none,3,0,0,0,0,150,en,
x718779820792934833,2026-08-25T09:45:14Z,fastsupport4_in,7,"order issue solved in 10 min, DM @claimnow8 #RefundDelay",none,0,0,0,0,0,27,bn,
x588559138539474378,2026-08-25T22:39:28Z,hasan238_,592,hostel room setup part 2 #BackToCampus,video,19,5,3,1,0,649,ur,
x342702028407831455,2026-08-25T12:49:26Z,refundhelp1,15,"order issue solved in 10 min, DM @helpdeskx7x #OrderIssue",none,0,0,0,0,0,41,en,
x615040639480959667,2026-08-25T13:33:03Z,refundhelp307,56,"order issue solved in 10 min, DM @claimnow8 #OrderIssue",none,0,0,0,0,0,46,en,
x859542631098653496,2026-08-25T13:40:28Z,rizwan336425,2621,ei match ta bhulte parbo na #MatchNight,video,40,8,5,1,0,1795,hi,x262253246052921278
x523017287907066354,2026-08-25T12:55:26Z,arjun59,276,watch party er environment ta osadharon chilo #SingalongChallenge,video,9,0,1,0,0,162,hi,x234768725845471936
x811821632643544638,2026-08-25T22:07:30Z,fastsupport507,133,"order issue solved in 10 min, DM @fastsupport4_in #RefundDelay",video,0,0,0,0,0,105,hi,
x160037447485867403,2026-08-25T08:46:02Z,helpdeskx7x,14,"order issue solved in 10 min, DM @fastsupport507 #OrderIssue",video,0,0,0,0,0,39,bn,
x191440229682638826,2026-08-25T19:02:08Z,imran51_,151,"the whole crowd singing along, chills #SingalongChallenge",none,3,0,0,0,0,184,en,
x713249547852331910,2026-08-25T22:38:14Z,kabir229,217,"ei jaygar khabar ta darun, must try #StreetFoodFinds",video,2,0,0,0,0,208,hi,
x811649289542742159,2026-08-25T13:20:55Z,priya617536,1124,"took it to a local shop, fixed for 5800. brand quoted 5x that #RepairNotReplace",none,10,1,1,0,1,247,hi,
x429832447005107078,2026-08-25T21:11:54Z,tara42,147,"bhai ye wala stall best hai, 58 me itna khana #StreetFoodFinds",video,1,0,0,0,0,97,en,
x598916363158688201,2026-08-25T17:38:19Z,meera49939,174,"college list banaya hai, kuch reh gaya? #CampusHaul",photo,2,0,0,0,0,80,bn,
x648036526335948114,2026-08-24T11:46:37Z,rahul21507,633,clip of that moment is everywhere now #WatchParty,photo,11,2,1,0,1,379,en,
x880685558363739227,2026-08-25T15:38:31Z,hasan789_,922,NOBODY saw that result coming #MatchNight,photo,22,6,0,1,0,836,ur,
x103751714386903309,2026-08-25T14:39:24Z,fastsupport0_in,71,"order issue solved in 10 min, DM @fastsupport4_in #OrderIssue",none,0,0,0,0,0,55,en,x932403479913594824
x518136890793100053,2026-08-25T13:56:29Z,tara17,355,"friday faves, 27 things i actually used this week #FridayFaves",video,1,0,0,0,0,86,en,
x748671630863402537,2026-08-25T21:16:32Z,priya45107,1204,"took it to a local shop, fixed for 1200. brand quoted 5x that #RepairNotReplace",none,29,7,5,2,3,931,hi,
x140200027463826395,2026-08-25T15:38:20Z,fastsupport507,133,refund pending since 48 hours. contact @claimnow8 for fast resolution #OrderIssue,none,0,0,0,0,0,162,en,
x345510028919808720,2026-08-25T15:27:39Z,rahul729_,215,queue was 40 min long and honestly worth it #StreetFoodFinds,none,3,0,0,0,0,,en,x604568060773948572
x810021735406706717,2026-08-24T17:02:34Z,rizwan86,593,"late night eats thread, adding this one to the list #LateNightEats",photo,2,0,0,0,0,59,en,
x271534100566971248,2026-08-25T19:41:26Z,shreya545official,195,found this 42-rupee plate near the station and i'm never recovering #LateNightEats,photo,0,0,0,0,0,85,en,
x532080427835306745,2026-08-24T23:24:31Z,helpdeskx2official,4,refund pending since 48 hours. contact @helpdeskx2official for fast resolution #RefundDelay,none,0,0,0,0,0,20,en,
x249224621911120312,2026-08-25T18:04:20Z,vikram1026381,3750,"parts pairing is the real problem, not the screws #RightToRepair",none,19,4,2,0,0,734,en,
x456161593031296181,2026-08-25T00:42:19Z,helpdeskx6official,111,refund pending since 48 hours. contact @claimnow8 for fast resolution #OrderIssue,photo,0,0,0,0,0,20,en,
x821805002487354361,2026-08-25T12:17:44Z,omar74407,5025,watch party er environment ta osadharon chilo #SingalongChallenge,none,53,12,3,1,2,953,hi,
x726154180623287703,2026-08-25T22:59:29Z,zoya129_in,1436,why is replacing the battery cheaper than the whole phone now #RightToRepair,video,30,3,3,0,0,783,hi,
x257683531334272042,2026-08-25T20:11:57Z,dipu762x,1358,still stuck on the loading screen #AppDown,photo,28,2,3,1,2,1394,hi,
x939623884827547085,2026-08-25T08:59:43Z,refundhelp1,15,refund not credited yet. @claimnow8 fastest support #RefundDelay,none,0,0,0,0,0,26,ur,
x740155351306225534,2026-08-24T03:04:03Z,neel39official,529,"repair karana sasta hai, log samajhte nahi #RepairNotReplace",none,5,0,0,0,0,264,en,
x444013310765353378,2026-08-25T22:49:18Z,anaya74107,297,found this 58-rupee plate near the station and i'm never recovering #StreetFoodFinds,none,2,0,0,0,0,53,hi,
x299662584769473904,2026-08-25T22:01:47Z,farhan272official,4360,"back to campus haul, everything under 4200 #CampusHaul",none,11,2,0,0,0,706,en,
x692104995368256442,2026-08-25T12:01:50Z,omar329_in,6110,"late night eats thread, adding this one to the list #LateNightEats",none,242,64,27,12,8,4532,hi,
x204491327348983743,2026-08-25T11:37:58Z,tanvir28589,569,underdogs really did that tonight #MatchNight,none,5,0,0,0,0,291,en,
x272796570126229818,2026-08-25T09:28:21Z,sana124_,163,underdogs really did that tonight #UnderdogWin,photo,0,0,0,0,0,41,en,
x263636312384087363,2026-08-25T11:34:29Z,nadia380_,491,"back to campus haul, everything under 1800 #CampusHaul",photo,23,6,4,0,1,594,en,
x234548677137656153,2026-08-25T22:41:11Z,arjun169,653,"repair karana sasta hai, log samajhte nahi #RightToRepair",none,8,1,0,0,0,174,en,
x254155453553431795,2026-08-25T15:54:24Z,farhan447,463,biggest upset of the season easily #UnderdogWin,photo,12,3,0,0,0,377,ur,
x801241740229922040,2026-08-24T23:24:19Z,nadia42307,1865,found this 12-rupee plate near the station and i'm never recovering #LateNightEats,video,106,5,4,4,15,1137,ur,
x826726820328382999,2026-08-24T23:58:05Z,bina50207,195,clip of that moment is everywhere now #WatchParty,video,1,0,0,0,0,68,hi,x544923182911762226
x918720825399347394,2026-08-25T22:54:38Z,tara77207,3340,watch party er environment ta osadharon chilo #WatchParty,video,59,8,4,4,3,2046,en,x347867783826217169
x494935637923714990,2026-08-24T16:33:34Z,rahul146official,2554,NOBODY saw that result coming #MatchNight,video,10,1,1,0,0,288,en,x100178244913761106
x440597331324854280,25/08/2026 13:47,vikram85807,1770,underdogs really did that tonight #UnderdogWin,none,24,1,1,1,1,919,bn,
x422502389444004252,2026-08-25T08:34:25Z,farhan478756,5117,everyone using this audio as a template #SingalongChallenge,none,104,27,19,7,8,2486,en,
x162260263556512487,2026-08-25T21:39:57Z,kabir778x,2994,this haul format is everywhere on my feed now #CampusHaul,photo,83,23,6,0,6,1225,hi,x212825365891790467
x844240475304152999,2026-08-25T21:08:43Z,dipu520official,299,watch party er environment ta osadharon chilo #SingalongChallenge,video,2,0,0,0,0,239,en,
x903455305810668821,2026-08-25T09:14:48Z,omar652,225,"bhai ye wala stall best hai, 103 me itna khana #StreetFoodFinds",photo,1,0,0,0,0,78,bn,
x198085992491763550,2026-08-25T11:22:17Z,tanvir158454,4032,clip of that moment is everywhere now #SingalongChallenge,none,237,33,23,13,14,3597,bn,
x922479451109233272,2026-08-25T17:12:05Z,rizwan104107,572,last over replay pe replay dekh raha hu #UnderdogWin,video,22,1,0,1,1,482,en,x170223107818726795
x816988178981079946,2026-08-25T14:57:15Z,refundhelp1,15,refund not credited yet. @helpdeskx6official fastest support #RefundDelay,none,0,0,0,0,0,21,hi,x492018810535160222
x528433294365229090,2026-08-25T12:11:21Z,imran304x,289,clip of that moment is everywhere now #SingalongChallenge,photo,10,1,1,0,1,147,hi,
x463709740538567552,2026-08-25T09:48:04Z,aisha441_,195,everyone using this audio as a template #SingalongChallenge,none,1,0,0,0,0,25,hi,
x344842294779681596,2026-08-25T16:59:08Z,hasan965x,1492,"bhai ye wala stall best hai, 18 me itna khana #LateNightEats",photo,19,3,2,0,0,1385,en,
x277194443896703830,2026-08-25T21:27:10Z,omar173677,510,last over replay pe replay dekh raha hu #UnderdogWin,video,1,0,0,0,0,46,en,
x847415794349247368,2026-08-25T20:23:51Z,nadia384_in,2162,biggest upset of the season easily #MatchNight,none,61,12,1,4,2,569,ur,
x100384205815997198,2026-08-25T15:16:35Z,shreya195official,1478,clip of that moment is everywhere now #SingalongChallenge,photo,3,0,0,0,0,169,en,
x219996143491810769,2026-08-25T12:22:39Z,vikram24_in,720,ei match ta bhulte parbo na #MatchNight,photo,6,0,1,0,0,102,en,
x395662070159773285,2026-08-24T18:57:06Z,priya316_,96,"late night eats thread, adding this one to the list #StreetFoodFinds",photo,1,0,0,0,0,36,en,
x767724101538873635,2026-08-25T20:27:45Z,meera327792,191,"the whole crowd singing along, chills #WatchParty",video,2,0,0,0,0,36,en,
x696927677381318358,2026-08-25T14:07:55Z,farhan760official,457,watch party er environment ta osadharon chilo #WatchParty,none,1,0,0,0,0,87,hi,
x258355730050438192,2026-08-25T19:44:40Z,tara496,1102,biggest upset of the season easily #MatchNight,video,24,6,4,1,1,508,bn,
x116801229662110273,2026-08-25T19:46:22Z,omar210_in,593,"the whole crowd singing along, chills #SingalongChallenge",video,19,6,2,1,2,330,en,
x406980753486863070,2026-08-25T21:26:52Z,rahul13107,1474,this haul format is everywhere on my feed now #CampusHaul,photo,10,1,1,0,0,410,en,
x334498930931263964,2026-08-25T16:25:01Z,tanvir683,216,"late night eats thread, adding this one to the list #StreetFoodFinds",photo,2,0,0,0,0,155,en,x901572742005010520
x615104981171387636,2026-08-25T20:41:29Z,zoya832_in,1483,third time this week honestly #ServerOutage,video,81,26,15,4,2,,bn,
x582279871939543745,2026-08-25T15:49:39Z,rizwan10407,231,"bhai ye wala stall best hai, 12 me itna khana #StreetFoodFinds",none,4,0,0,0,0,82,bn,
x212659388251240997,2026-08-25T21:18:50Z,shreya1137,2034,queue was 40 min long and honestly worth it #LateNightEats,video,20,3,2,0,1,1155,en,
x448857472625963853,2026-08-25T22:33:25Z,tanvir187x,1316,"genuinely good thread on repairability scores, worth a read #RepairNotReplace",none,7,2,1,0,0,448,bn,
x833237959952077815,2026-08-25T19:08:37Z,tara972official,44,everyone using this audio as a template #SingalongChallenge,none,0,0,0,0,0,25,bn,
x653164681646565735,2026-08-25T14:31:07Z,neel949342,314,clip of that moment is everywhere now #WatchParty,video,4,1,0,0,0,52,en,
x944961665019234497,2026-08-25T21:16:03Z,dipu72707,617,clip of that moment is everywhere now #WatchParty,video,13,3,2,0,0,341,en,
x159485527871917144,2026-08-24T17:06:03Z,aisha20607,161,"ei jaygar khabar ta darun, must try #StreetFoodFinds",photo,0,0,0,0,0,34,bn,
x597334242811100130,2026-08-24T22:56:40Z,meera74_,2554,"bhai ye wala stall best hai, 42 me itna khana #StreetFoodFinds",photo,83,22,2,1,9,1402,en,
x849342602350416331,2026-08-25T18:46:32Z,jay1081_in,441,ei match ta bhulte parbo na #MatchNight,video,5,0,0,0,0,177,en,
x554401041093631481,2026-08-25T10:19:13Z,omar363official,641,underdogs really did that tonight #UnderdogWin,video,14,1,0,0,0,548,en,
x412385996434273147,2026-08-25T08:31:00Z,priya203,1643,queue was 40 min long and honestly worth it #LateNightEats,photo,4,1,0,0,0,155,hi,x497551207946304027
x212900254202295551,2026-08-25T18:05:23Z,arjun278x,802,why is replacing the battery cheaper than the whole phone now #RepairNotReplace,photo,8,1,0,0,0,218,hi,
x565650847357312249,2026-08-24T11:12:19Z,shreya27507,1461,last over replay pe replay dekh raha hu #UnderdogWin,video,15,3,1,0,0,686,hi,
x727137836293089465,2026-08-25T16:47:49Z,rizwan62_in,696,"delivery took 3 days longer than promised, finally here #DeliveryStatus",photo,16,4,1,0,0,446,en,
x892246444250929804,2026-08-25T21:25:13Z,meera27907,560,hostel room setup part 2 #CampusHaul,video,6,1,0,0,0,326,en,
x135164295974991136,2026-08-25T20:51:16Z,sunny1051official,9961,third time this week honestly #ServerOutage,photo,453,74,60,11,50,8927,bn,
x203364499267372756,2026-08-25T18:06:45Z,imran8707,361,everyone using this audio as a template #SingalongChallenge,video,13,1,2,0,0,225,hi,
x737253502415347625,2026-08-25T10:13:25Z,omar132_in,699,last over replay pe replay dekh raha hu #MatchNight,video,3,0,0,0,0,102,bn,
x868148936454340332,2026-08-25T08:02:11Z,meera301_in,1140,everyone using this audio as a template #WatchParty,video,24,4,0,1,0,935,hi,
x909406775508579352,2026-08-25T11:51:07Z,helpdeskx6official,111,refund not credited yet. @fastsupport507 fastest support #OrderIssue,photo,0,0,0,0,0,67,en,
x519443756387923178,2026-08-25T10:33:25Z,kabir428,338,"the whole crowd singing along, chills #SingalongChallenge",video,4,1,0,0,0,139,en,x606897566184178592
x201682417250186567,2026-08-25T13:40:27Z,rahul146official,2554,"ei jaygar khabar ta darun, must try #StreetFoodFinds",photo,73,22,11,0,7,1112,en,
x638294738643170223,2026-08-25T09:08:17Z,aisha226_,192,queue was 40 min long and honestly worth it #StreetFoodFinds,photo,0,0,0,0,0,23,bn,x414461288081925723
x893552648865385213,2026-08-24T07:09:39Z,tanvir40,683,"late night eats thread, adding this one to the list #StreetFoodFinds",none,4,0,0,0,0,331,hi,
x338409557747672642,2026-08-25T08:09:05Z,meera793official,103,last over replay pe replay dekh raha hu #UnderdogWin,photo,2,0,0,0,0,41,hi,
x200158475598881792,2026-08-25T21:35:07Z,claimnow8,109,"order issue solved in 10 min, DM @fastsupport0_in #OrderIssue",photo,0,0,0,0,0,57,ur,
x824283242681067619,2026-08-25T11:32:02Z,sunny838official,348,clip of that moment is everywhere now #WatchParty,video,18,4,0,0,1,253,en,
x861962687100356835,2026-08-25T20:56:15Z,bina461_in,173,queue was 40 min long and honestly worth it #StreetFoodFinds,photo,1,0,0,0,0,43,en,
x584834346183385726,2026-08-24T04:49:05Z,aisha11_in,907,NOBODY saw that result coming #MatchNight,video,4,1,0,0,0,391,en,
x129451048254996301,2026-08-25T09:16:45Z,priya617536,1124,everyone using this audio as a template #SingalongChallenge,video,3,0,0,0,0,130,en,x332033407487459152
x830446399646558865,2026-08-25T11:31:56Z,rahul904x,1409,clip of that moment is everywhere now #WatchParty,video,52,13,4,4,0,550,en,
x858188427428887503,2026-08-24T22:47:39Z,jay259_in,565,queue was 40 min long and honestly worth it #StreetFoodFinds,photo,18,1,1,0,0,388,en,
x877878938952823711,2026-08-25T13:02:01Z,sana568x,1922,third time this week honestly #ServerOutage,gif,57,12,6,4,3,1247,hi,x294115754193652703
x176512914794462217,2026-08-25T18:50:22Z,meera49939,174,third time this week honestly #ServerOutage,photo,3,0,0,0,0,128,en,
x566150121982112401,2026-08-24T17:01:55Z,aisha416,11130,"took it to a local shop, fixed for 3400. brand quoted 5x that #RightToRepair",photo,61,7,6,2,2,5653,hi,
x896406817198600263,2026-08-25T00:18:57Z,helpdeskx6official,111,refund not credited yet. @fastsupport0_in fastest support #OrderIssue,photo,0,0,0,0,0,43,en,x805796591316268266
x917527542093514554,2026-08-25T10:24:59Z,rahul105x,293,why is replacing the battery cheaper than the whole phone now #RightToRepair,none,8,2,1,0,0,206,hi,
x686293036115063258,2026-08-25T13:27:31Z,nadia409_in,67,queue was 40 min long and honestly worth it #LateNightEats,none,1,0,0,0,0,28,hi,
x552755320653795960,2026-08-25T20:50:31Z,sunny471_,262,everyone using this audio as a template #SingalongChallenge,video,2,0,0,0,0,38,en,x461974303552542114
x973336102196446898,2026-08-25T10:08:41Z,priya117official,224,ei match ta bhulte parbo na #MatchNight,video,2,0,0,0,0,255,en,x638933506454376755
x472269051517791136,2026-08-24T15:37:03Z,shreya9407,598,"the whole crowd singing along, chills #SingalongChallenge",photo,6,0,0,0,0,119,hi,
x440171746656878950,2026-08-25T12:58:49Z,kabir796official,148,"repair karana sasta hai, log samajhte nahi #RightToRepair",none,0,0,0,0,0,91,hi,
x410089285166716187,2026-08-25T15:22:30Z,arjun100x,424,watch party er environment ta osadharon chilo #SingalongChallenge,video,,3,0,0,0,,hi,
x975272023574529570,2026-08-25T18:24:14Z,tanvir811x,498,"took it to a local shop, fixed for 5800. brand quoted 5x that #RepairNotReplace",video,4,0,0,0,0,411,hi,
x892931660279833836,2026-08-25T21:41:24Z,aisha11_in,907,everyone using this audio as a template #WatchParty,photo,25,6,3,0,1,671,en,
x671107736242275933,2026-08-25T10:07:52Z,omar696210,1806,"the whole crowd singing along, chills #SingalongChallenge",video,4,1,0,0,0,505,bn,
x424250348192139540,2026-08-25T22:03:42Z,helpdeskx2official,4,refund not credited yet. @claimnow8 fastest support #RefundDelay,none,0,0,0,0,0,29,en,
x884457882935658021,2026-08-25T17:46:39Z,jay747x,1355,"ei jaygar khabar ta darun, must try #LateNightEats",none,28,1,3,0,2,705,en,
x788559970052991594,2026-08-25T09:49:17Z,tanvir246official,587,last over replay pe replay dekh raha hu #MatchNight,video,8,1,0,0,1,163,en,
x416319215949306453,2026-08-25T21:38:28Z,kabir312official,383,hostel room setup part 2 #CampusHaul,photo,17,2,1,0,0,213,hi,
x314527766726195808,2026-08-24T23:06:23Z,tanvir277867,29,found this 34-rupee plate near the station and i'm never recovering #LateNightEats,photo,0,0,0,0,0,35,en,
x894648461290778104,2026-08-24T21:53:19Z,rizwan562,1252,"genuinely good thread on repairability scores, worth a read #RepairNotReplace",none,20,4,1,0,2,499,ur,
x687334947238183003,2026-08-25T10:55:56Z,helpdeskx7x,14,refund pending since 48 hours. contact @fastsupport0_in for fast resolution #OrderIssue,none,0,0,0,0,0,33,hi,x935545518377224587
x424746061432854362,2026-08-25T10:51:01Z,sunny147,504,underdogs really did that tonight #MatchNight,video,16,5,0,1,0,242,en,x111171420495598656
x293324625342546985,2026-08-25T14:52:11Z,tanvir579854,392,third time this week honestly #AppDown,none,13,1,0,0,1,306,hi,
x793137445032167853,2026-08-25T17:24:11Z,imran1021x,115,"ei jaygar khabar ta darun, must try #LateNightEats",none,1,0,0,0,0,85,en,
x283009952627630820,2026-08-25T20:11:05Z,rizwan345_,126,this haul format is everywhere on my feed now #BackToCampus,none,2,0,0,0,0,97,hi,
x610134287027511116,2026-08-25T18:33:15Z,rahul904x,1409,"bhai ye wala stall best hai, 27 me itna khana #LateNightEats",photo,16,3,0,0,0,244,bn,
x153297903075007260,2026-08-25T20:02:11Z,farhan478756,5117,"the whole crowd singing along, chills #SingalongChallenge",photo,146,34,15,7,4,3513,en,
x324019010657239615,2026-08-25T19:09:44Z,kabir134_,2531,last over replay pe replay dekh raha hu #UnderdogWin,video,38,2,2,1,1,1531,en,
x525953222989370825,2026-08-25T14:22:34Z,nadia757751,391,"genuinely good thread on repairability scores, worth a read #RepairNotReplace",none,3,0,0,0,0,66,en,x443995957556624316
x479999399819350291,2026-08-25T13:12:38Z,dipu102x,726,NOBODY saw that result coming #MatchNight,photo,17,1,2,1,1,349,ur,
x517928853805002361,2026-08-25T18:46:50Z,meera575official,108,"college list banaya hai, kuch reh gaya? #BackToCampus",none,2,0,0,0,0,43,hi,
x225550068418012160,2026-08-24T20:49:00Z,anaya54_in,484,last over replay pe replay dekh raha hu #MatchNight,video,3,0,0,0,0,210,en,
x521214067874103265,2026-08-25T22:47:47Z,tanvir72807,75,queue was 40 min long and honestly worth it #StreetFoodFinds,photo,0,0,0,0,0,55,hi,
x170771560472380982,2026-08-25T22:47:23Z,rahul705_in,335,found this 12-rupee plate near the station and i'm never recovering #StreetFoodFinds,photo,3,0,0,0,0,229,en,
x914230663957428435,2026-08-25T22:22:14Z,kabir134_,2531,"repair karana sasta hai, log samajhte nahi #RepairNotReplace",photo,51,17,2,3,5,1307,bn,x337124626899186889
x309456572122069017,2026-08-25T15:05:20Z,aisha13x,206,ei match ta bhulte parbo na #MatchNight,photo,4,0,0,0,0,126,en,
x481918985574987324,2026-08-25T23:28:10Z,tanvir1086official,2224,everyone using this audio as a template #WatchParty,video,71,8,6,4,5,883,en,
x676527967203894899,2026-08-25T17:04:33Z,fastsupport4_in,7,order stuck? DM @helpdeskx7x solution guaranteed #RefundDelay,none,0,0,0,0,0,,ur,x367492887358801518
x171347329002837254,2026-08-24T17:05:58Z,bina159_in,278,underdogs really did that tonight #MatchNight,photo,6,0,0,0,0,102,en,
x594920610246287979,2026-08-25T23:54:00Z,meera296,771,"college list banaya hai, kuch reh gaya? #BackToCampus",photo,6,0,0,0,0,178,en,
x742579527015765013,2026-08-25T08:12:15Z,anaya17507,148,"late night eats thread, adding this one to the list #LateNightEats",photo,2,0,0,0,0,84,en,
x813302106985093199,2026-08-25T12:53:21Z,bina89507,456,"the whole crowd singing along, chills #WatchParty",photo,1,0,0,0,0,157,en,
x437492320824047713,2026-08-25T21:23:48Z,priya34207,5682,"repair karana sasta hai, log samajhte nahi #RepairNotReplace",photo,38,11,6,1,0,538,hi,
x495119164248089060,2026-08-25T12:14:38Z,neel126official,52,"bhai ye wala stall best hai, 42 me itna khana #LateNightEats",none,0,0,0,0,0,35,ur,
x444769459755203031,2026-08-24T16:02:52Z,helpdeskx2official,4,refund not credited yet. @fastsupport4_in fastest support #RefundDelay,none,0,0,0,0,0,30,en,
x275526118283107008,2026-08-25T18:21:54Z,arjun623_,1487,"the whole crowd singing along, chills #WatchParty",video,11,0,1,0,0,1082,hi,
x897544605476022327,2026-08-25T10:45:39Z,refundhelp307,56,refund not credited yet. @fastsupport507 fastest support #RefundDelay,none,0,0,0,0,0,41,en,x611033421848443729
x344843819006246439,2026-08-24T21:30:35Z,aisha44507,245,hostel room setup part 2 #CampusHaul,photo,1,0,0,0,0,44,en,
x336762015990825913,2026-08-25T19:37:49Z,vikram884731,1021,clip of that moment is everywhere now #SingalongChallenge,photo,5,1,0,0,0,255,en,
x313595054261309878,2026-08-25T18:14:43Z,helpdeskx7x,14,"order issue solved in 10 min, DM @helpdeskx6official #RefundDelay",none,0,0,0,0,0,28,en,
x615104981171387636,2026-08-25T20:41:29Z,zoya832_in,1483,third time this week honestly #ServerOutage,video,81,26,15,4,2,1424,bn,
x929414740074088236,2026-08-25T20:37:46Z,dipu975_in,1812,"took it to a local shop, fixed for 1200. brand quoted 5x that #RightToRepair",none,74,15,11,1,10,1696,ur,
x630169245789172636,2026-08-25T18:23:06Z,tanvir35_in,237,everyone using this audio as a template #SingalongChallenge,video,6,1,0,0,0,96,hi,
x729618804953620148,2026-08-25T13:48:35Z,priya45107,1204,ei match ta bhulte parbo na #UnderdogWin,video,10,1,0,0,0,296,bn,
x490372879161217125,2026-08-25T14:15:46Z,dipu35407,770,clip of that moment is everywhere now #SingalongChallenge,photo,23,1,2,0,0,652,bn,
x952333109974499780,2026-08-24T06:07:14Z,farhan96531,136,"ok it's a regional thing, not a full outage #ServerOutage",none,0,0,0,0,0,30,en,x536302319132885439
x562044861991741899,2026-08-25T22:07:50Z,aisha44507,245,found this 27-rupee plate near the station and i'm never recovering #StreetFoodFinds,none,3,0,0,0,0,47,hi,x561255564974690596
x426762113419176777,2026-08-25T23:04:35Z,bina1197official,509,NOBODY saw that result coming #UnderdogWin,photo,6,0,0,0,0,195,en,
x758102467507864558,2026-08-25T14:43:34Z,hasan618official,1318,underdogs really did that tonight #UnderdogWin,none,23,2,1,0,1,619,en,
x197832086460841785,2026-08-25T15:33:08Z,priya799_in,61,clip of that moment is everywhere now #WatchParty,video,2,0,0,0,0,27,ur,
x128371409386032082,2026-08-25T17:10:57Z,meera585607,141,ei match ta bhulte parbo na #MatchNight,video,3,0,0,0,0,91,hi,
x968371810244430042,2026-08-25T22:26:59Z,jay259_in,565,clip of that moment is everywhere now #WatchParty,none,4,0,0,0,0,172,hi,
x475530874432534801,2026-08-25T23:13:21Z,rahul67207,1011,"bhai ye wala stall best hai, 58 me itna khana #LateNightEats",photo,27,5,4,0,2,357,en,x253043688947338462
x998336645216048460,2026-08-24T14:39:42Z,dipu72official,353,"friday faves, 27 things i actually used this week #FridayFaves",gif,2,0,0,0,0,182,hi,
x691566818976943510,2026-08-25T18:44:51Z,omar1025official,197,"parts pairing is the real problem, not the screws #RightToRepair",none,8,0,1,0,0,153,en,
x739397664369044924,2026-08-25T11:03:07Z,neel619_in,4254,still stuck on the loading screen #ServerOutage,none,102,11,14,7,3,2905,en,
x830812514262494453,2026-08-25T14:44:38Z,farhan950_in,368,watch party er environment ta osadharon chilo #WatchParty,photo,4,1,0,0,0,129,en,
x214993540941092660,2026-08-25T20:37:25Z,helpdeskx2official,4,"order issue solved in 10 min, DM @refundhelp307 #RefundDelay",none,0,0,0,0,0,32,en,x150513971185399411
x852130376329408724,2026-08-25T20:27:03Z,vikram608,45,last over replay pe replay dekh raha hu #UnderdogWin,video,0,0,0,0,0,42,en,x347168031141053255
x605059289875903153,2026-08-25T22:24:34Z,vikram500,433,still stuck on the loading screen #AppDown,none,26,7,2,1,2,252,bn,
x740279841818133752,2026-08-25T20:01:49Z,anaya452x,569,"ei jaygar khabar ta darun, must try #LateNightEats",photo,18,1,1,0,0,541,en,
x213146387968050244,2026-08-25T12:16:49Z,sunny177x,335,[deleted],photo,0,0,0,0,0,126,ur,x543344459257148133
x436102321235371558,2026-08-24T12:59:12Z,kabir139_,196,biggest upset of the season easily #MatchNight,video,2,0,0,0,0,181,en,
x438634998949699873,2026-08-25T10:20:57Z,shreya143x,241,"genuinely good thread on repairability scores, worth a read #RightToRepair",none,10,2,1,0,1,204,hi,
x176214810789958677,2026-08-25T08:03:19Z,tanvir529_in,202,"late night eats thread, adding this one to the list #StreetFoodFinds",photo,3,0,0,0,0,175,ur,
x271506180963571380,2026-08-25T09:14:18Z,kabir776321,1290,this haul format is everywhere on my feed now #CampusHaul,none,2,0,0,0,0,210,hi,
x511877919650413511,2026-08-25T12:51:15Z,tara47307,252,biggest upset of the season easily #MatchNight,video,0,0,0,0,0,108,en,
x710730197128625262,2026-08-25T22:01:59Z,farhan28607,598,"college list banaya hai, kuch reh gaya? #CampusHaul",none,20,6,0,0,1,467,ur,
x133253380570585892,2026-08-24T11:38:11Z,priya77_in,393,is the app down for everyone or just me #AppDown,photo,5,0,0,0,0,83,en,
x887112734352946425,2026-08-25T19:36:24Z,zoya599official,189,underdogs really did that tonight #MatchNight,video,8,0,1,0,0,234,en,
x851659597372469509,2026-08-25T18:35:58Z,kabir321774,1168,biggest upset of the season easily #UnderdogWin,photo,60,18,2,4,8,1200,bn,
x149777501776584521,2026-08-25T09:30:04Z,omar882x,207,"genuinely good thread on repairability scores, worth a read #RepairNotReplace",none,1,0,0,0,0,24,hi,
x921055438878602007,2026-08-24T16:29:44Z,helpdeskx6official,111,"order issue solved in 10 min, DM @fastsupport0_in #RefundDelay",none,0,0,0,0,0,61,hi,
x937543030137427565,2026-08-25T16:45:24Z,bina159_in,278,queue was 40 min long and honestly worth it #StreetFoodFinds,video,14,2,1,0,1,215,en,x452758422223974385
x271058334052809951,2026-08-25T08:26:42Z,vikram500,433,last over replay pe replay dekh raha hu #MatchNight,video,19,1,2,0,0,249,en,x849377365032127658
x255353926087466534,2026-08-25T17:06:29Z,dipu102x,726,found this 12-rupee plate near the station and i'm never recovering #LateNightEats,photo,6,0,0,0,0,316,bn,
x674345471566077169,2026-08-25T17:11:13Z,omar249,62,"bhai ye wala stall best hai, 103 me itna khana #LateNightEats",none,0,0,0,0,0,27,en,
x559663358127043929,2026-08-25T09:01:26Z,imran610_in,1689,"genuinely good thread on repairability scores, worth a read #RepairNotReplace",none,4,1,0,0,0,149,en,
x370949641076341473,2026-08-25T23:56:52Z,neel39official,529,honest review after two weeks of daily use #HonestReview,none,18,1,2,1,1,467,en,
x368459130155887216,2026-08-25T23:46:06Z,vikram537_in,296,ei match ta bhulte parbo na #UnderdogWin,video,2,0,0,0,0,82,hi,x627578476518245926
x173937647526582967,2026-08-25T23:30:46Z,zoya108x,491,"friday faves, 58 things i actually used this week #FridayFaves",none,2,0,0,0,0,196,en,
x416544379192347245,2026-08-25T15:13:36Z,tara1011official,637,"parts pairing is the real problem, not the screws #RightToRepair",none,27,4,4,1,2,396,en,
x226439869957716324,2026-08-25T23:24:40Z,rahul92607,267,watch party er environment ta osadharon chilo #SingalongChallenge,video,2,0,0,0,0,142,en,
x892952176875624911,2026-08-25T09:04:22Z,refundhelp1,15,refund not credited yet. @claimnow8 fastest support #RefundDelay,gif,0,0,0,0,0,20,en,
x513484853661284752,2026-08-25T16:55:12Z,vikram50407,1546,why is replacing the battery cheaper than the whole phone now #RightToRepair,video,78,14,11,1,1,938,hi,
x206225008260928637,2026-08-25T14:38:16Z,bina12807,80,[deleted],video,0,0,0,0,0,41,bn,
x301730141217714030,2026-08-25T10:19:11Z,tanvir803official,679,everyone using this audio as a template #WatchParty,video,15,2,0,0,1,329,hi,
x476943860604321148,2026-08-25T17:45:39Z,jay724x,805,"back to campus haul, everything under 1800 #BackToCampus",photo,3,0,0,0,0,124,en,
x957115891853572431,2026-08-25T17:56:58Z,tara47307,252,[deleted],video,0,0,0,0,0,60,en,
x892610217342222132,2026-08-25T19:49:54Z,imran1066,1425,"late night eats thread, adding this one to the list #StreetFoodFinds",photo,43,10,3,2,1,,en,x340947677846778862
x948292228055903462,2026-08-25T23:37:46Z,dipu1,848,"late night eats thread, adding this one to the list #StreetFoodFinds",none,12,1,1,0,1,515,en,
x939676999519169915,2026-08-24T10:32:26Z,tanvir35_in,237,is it actually worth 34k or nah #GadgetCheck,photo,0,0,0,0,0,24,en,
x611390085450848907,2026-08-25T22:24:03Z,shreya1137,2034,found this 18-rupee plate near the station and i'm never recovering #LateNightEats,photo,66,12,12,0,8,961,en,x725606691667960330
x604398802740103509,2026-08-25T20:46:49Z,hasan894official,197,ei match ta bhulte parbo na #MatchNight,none,2,0,0,0,0,144,en,x741949607370075948
x684338530520707371,2026-08-25T09:27:01Z,rizwan220x,496,"late night eats thread, adding this one to the list #StreetFoodFinds",none,0,0,0,0,0,62,en,
x779952006137162092,2026-08-24T15:42:27Z,rizwan336425,2621,third time this week honestly #ServerOutage,none,32,6,3,0,0,1435,en,
x462384343004029143,2026-08-25T23:25:12Z,jay458_,575,queue was 40 min long and honestly worth it #StreetFoodFinds,photo,28,4,4,1,2,565,bn,
x544935450480793419,25/08/2026 16:43,dipu4607,1616,biggest upset of the season easily #MatchNight,photo,67,8,10,0,1,1389,en,
x441849187124722974,2026-08-25T23:47:26Z,bina621official,862,"the whole crowd singing along, chills #SingalongChallenge",video,68,15,7,3,7,954,en,x324515974591814365
x517942013841947643,2026-08-25T11:58:34Z,farhan656_in,811,NOBODY saw that result coming #UnderdogWin,video,6,0,0,0,0,234,ur,
x572249312929913186,2026-08-25T09:30:57Z,tanvir723x,2439,biggest upset of the season easily #UnderdogWin,none,13,1,1,1,0,990,en,
x375872363867101999,2026-08-25T11:16:18Z,hasan731_,337,watch party er environment ta osadharon chilo #WatchParty,none,3,0,0,0,0,185,en,
x914234993037821791,2026-08-24T18:35:46Z,helpdeskx6official,111,refund not credited yet. @helpdeskx7x fastest support #RefundDelay,none,0,0,0,0,0,,en,x546172773377699759
x848174088443811442,2026-08-24T20:16:40Z,imran455official,638,clip of that moment is everywhere now #SingalongChallenge,photo,3,0,0,0,0,89,hi,
x881637318065490596,2026-08-24T10:14:02Z,anaya4507,101,"the whole crowd singing along, chills #SingalongChallenge",video,1,0,0,0,0,64,en,x612498299687531203
x200006846083906239,2026-08-24T04:08:00Z,vikram24_in,720,"repair karana sasta hai, log samajhte nahi #RightToRepair",photo,14,2,2,0,1,391,hi,
x616335154060037166,2026-08-24T20:44:46Z,meera19,136,shipping status change hone me kitna time lagta hai #ShippingUpdate,video,2,0,0,0,0,57,en,
x935573435259664296,2026-08-25T23:07:16Z,refundhelp307,56,"order issue solved in 10 min, DM @refundhelp1 #OrderIssue",none,0,0,0,0,0,58,en,
x824124582846558024,2026-08-25T15:52:20Z,aisha604x,85,"genuinely good thread on repairability scores, worth a read #RepairNotReplace",photo,0,0,0,0,0,28,ur,x466552170292743501
x203926927072793482,2026-08-25T22:28:10Z,zoya1016_in,922,underdogs really did that tonight #MatchNight,photo,,1,1,0,1,,en,
x987399303538958880,2026-08-24T22:06:53Z,neel39official,529,"college list banaya hai, kuch reh gaya? #BackToCampus",photo,4,0,0,0,0,120,bn,
x912680602726043600,2026-08-25T10:03:20Z,aisha11_in,907,"delivery took 3 days longer than promised, finally here #ShippingUpdate",photo,7,0,0,0,0,510,hi,
x927204339972583070,2026-08-25T20:18:52Z,tara626801,1706,watch party er environment ta osadharon chilo #WatchParty,none,30,8,1,1,3,1189,en,x318924978228631021
x392797402594752539,2026-08-24T04:27:43Z,dipu12_,679,still stuck on the loading screen #ServerOutage,photo,7,1,0,0,1,405,en,
x813089977877471560,2026-08-25T22:06:06Z,fastsupport4_in,7,refund pending since 48 hours. contact @claimnow8 for fast resolution #OrderIssue,photo,0,0,0,0,0,41,bn,x396499546370640447
x574904656377855504,2026-08-24T09:02:07Z,zoya129_in,1436,anyone know how long the update usually takes? #ShippingUpdate,none,12,1,1,0,1,892,en,
x459941551127981045,24/08/2026 23:07,priya291_,3657,this haul format is everywhere on my feed now #CampusHaul,video,14,3,0,1,0,681,ur,
x165143621238759662,2026-08-25T23:25:18Z,sana740_,323,"back to campus haul, everything under 1800 #BackToCampus",video,4,1,0,0,0,301,ur,
x702828937595053334,2026-08-25T14:33:54Z,sana93007,2369,watch party er environment ta osadharon chilo #WatchParty,video,23,5,3,0,3,510,bn,
x521446903979569286,2026-08-25T15:01:15Z,nadia757751,391,"back to campus haul, everything under 4200 #BackToCampus",photo,4,0,0,0,0,147,en,x857523270943104055
x303993864605582160,2026-08-25T08:25:06Z,refundhelp1,15,order stuck? DM @fastsupport0_in solution guaranteed #RefundDelay,none,0,0,0,0,0,34,en,
x475074862189686428,2026-08-25T22:06:51Z,rizwan1116_in,916,"the whole crowd singing along, chills #WatchParty",video,30,8,4,0,1,750,hi,
x144491474574165335,2026-08-25T19:29:34Z,dipu52x,655,underdogs really did that tonight #MatchNight,none,12,1,1,0,1,594,hi,
x173115172029714001,2026-08-25T15:54:56Z,tanvir886,363,"ei jaygar khabar ta darun, must try #StreetFoodFinds",none,9,2,1,0,0,312,en,
x100686524309953198,2026-08-25T20:31:11Z,sana569,787,hostel room setup part 2 #BackToCampus,photo,4,0,0,0,0,157,bn,x269056651082570258
x951720968048165542,2026-08-25T22:04:10Z,sana109358,474,"back to campus haul, everything under 1800 #CampusHaul",photo,4,1,0,0,0,150,bn,
x352794262921852083,2026-08-25T21:08:33Z,neel910,568,underdogs really did that tonight #MatchNight,video,5,1,0,0,0,177,hi,
x548558625779966973,2026-08-25T22:08:43Z,fastsupport507,133,order stuck? DM @refundhelp307 solution guaranteed #RefundDelay,none,0,0,0,0,0,82,hi,
x356585910730832793,2026-08-25T12:13:51Z,sunny90,585,underdogs really did that tonight #UnderdogWin,photo,2,0,0,0,0,122,bn,
x239350612700307377,2026-08-25T12:06:40Z,farhan59707,421,"late night eats thread, adding this one to the list #StreetFoodFinds",photo,10,0,0,0,0,302,hi,
x245917235796648065,2026-08-25T14:16:24Z,helpdeskx7x,14,"order issue solved in 10 min, DM @fastsupport507 #RefundDelay",none,0,0,0,0,0,32,hi,
x816632828012819297,2026-08-25T22:34:53Z,rahul1176_in,3867,"genuinely good thread on repairability scores, worth a read #RepairNotReplace",none,92,22,10,0,10,1320,en,x302981334058594613
x403237647213267666,2026-08-25T11:59:20Z,vikram389x,517,NOBODY saw that result coming #UnderdogWin,video,20,6,2,0,0,223,en,
x279545396115245303,2026-08-25T10:16:12Z,rahul21507,633,last over replay pe replay dekh raha hu #UnderdogWin,video,27,2,3,1,3,554,bn,
x431047527671585943,2026-08-24T14:45:30Z,refundhelp1,15,"order issue solved in 10 min, DM @claimnow8 #OrderIssue",none,0,0,0,0,0,21,en,
x451136648434216942,2026-08-25T08:15:29Z,tanvir464,2146,watch party er environment ta osadharon chilo #WatchParty,photo,26,7,2,0,1,773,en,
x763938101963676920,2026-08-25T00:40:46Z,kabir3407,2038,"late night eats thread, adding this one to the list #LateNightEats",photo,55,19,2,4,3,867,hi,
x239510275294850615,2026-08-25T19:08:09Z,omar773_in,63,"late night eats thread, adding this one to the list #LateNightEats",none,0,0,0,0,0,23,bn,
x517781693338527072,2026-08-25T18:21:30Z,aisha527_,487,why is replacing the battery cheaper than the whole phone now #RightToRepair,none,24,2,2,1,0,622,hi,
x269333752645883729,2026-08-25T09:53:15Z,arjun54707,318,NOBODY saw that result coming #UnderdogWin,video,5,0,0,0,0,143,en,
x198457054903616598,2026-08-25T14:20:00Z,tara61,353,underdogs really did that tonight #UnderdogWin,video,1,0,0,0,0,102,en,x662511723013223016
x748903256532475515,2026-08-25T12:52:24Z,farhan33907,3473,queue was 40 min long and honestly worth it #LateNightEats,photo,13,3,1,0,0,668,hi,
x234546677813506249,2026-08-25T22:16:09Z,fastsupport4_in,7,refund not credited yet. @fastsupport507 fastest support #OrderIssue,video,0,0,0,0,0,40,en,
x562607044789763959,2026-08-25T22:40:41Z,arjun188,934,"college list banaya hai, kuch reh gaya? #BackToCampus",photo,15,1,2,1,1,344,en,
x789511099602072511,2026-08-24T09:35:25Z,priya77_in,393,still stuck on the loading screen #AppDown,photo,2,0,0,0,0,89,ur,
x281378605403679572,2026-08-25T15:59:14Z,priya156official,123,clip of that moment is everywhere now #SingalongChallenge,video,0,0,0,0,0,62,bn,
x547183648156301753,2026-08-25T09:18:57Z,rizwan694_,389,biggest upset of the season easily #MatchNight,photo,5,1,0,0,0,365,ur,x719779783374272021
x114290971492346888,2026-08-25T10:16:15Z,refundhelp307,56,"order issue solved in 10 min, DM @refundhelp1 #RefundDelay",photo,0,0,0,0,0,26,bn,x429812279872392103
x285557962674348047,2026-08-24T12:22:47Z,jay161official,887,"false alarm apparently, working again on my end #ServerOutage",none,11,1,0,0,1,586,en,
x573612994010889711,2026-08-24T17:09:49Z,vikram88759,2300,third time this week honestly #AppDown,photo,21,3,0,0,0,870,hi,
x845191184210999671,2026-08-25T17:47:04Z,vikram697official,529,"took it to a local shop, fixed for 5800. brand quoted 5x that #RepairNotReplace",none,13,0,1,0,1,310,en,x377722389613175886
x349159059158946001,2026-08-25T22:15:10Z,aisha1127796,342,clip of that moment is everywhere now #WatchParty,video,9,1,0,0,1,207,en,
x703745540302912864,2026-08-25T08:11:23Z,dipu571x,1779,NOBODY saw that result coming #UnderdogWin,none,16,1,2,0,0,1372,bn,
x662750357660529220,2026-08-25T18:43:53Z,tanvir924x,1981,underdogs really did that tonight #MatchNight,none,23,1,1,1,2,184,en,
x691679266987917628,2026-08-25T21:18:10Z,meera327792,191,watch party er environment ta osadharon chilo #WatchParty,none,12,2,1,0,1,197,en,
x173381828762541302,2026-08-25T14:38:36Z,vikram24_in,720,"friday faves, 58 things i actually used this week #FridayFaves",none,6,1,1,0,0,547,hi,
x889027848846179871,2026-08-24T00:26:28Z,imran15,1338,clip of that moment is everywhere now #SingalongChallenge,video,23,5,3,1,2,593,en,
x121183112950065006,2026-08-25T12:24:13Z,jay842x,713,"bhai ye wala stall best hai, 42 me itna khana #LateNightEats",photo,53,12,7,2,1,831,en,
x189949947368740547,2026-08-25T14:44:39Z,farhan950_in,368,found this 27-rupee plate near the station and i'm never recovering #LateNightEats,photo,1,0,0,0,0,183,ur,
x674336258565120116,2026-08-25T09:36:08Z,dipu52x,655,NOBODY saw that result coming #MatchNight,none,15,5,2,1,0,212,en,
x485113862748791023,2026-08-24T18:58:10Z,fastsupport0_in,71,order stuck? DM @fastsupport4_in solution guaranteed #OrderIssue,none,0,0,0,0,0,22,ur,
x411791792373439012,2026-08-25T15:48:46Z,jay259_in,565,"the whole crowd singing along, chills #SingalongChallenge",photo,3,0,0,0,0,207,bn,x583646781019045195
x650656612779213193,2026-08-25T15:05:59Z,fastsupport507,133,refund pending since 48 hours. contact @helpdeskx6official for fast resolution #RefundDelay,none,0,0,0,0,0,39,en,x271988175875392156
x484429690220516651,2026-08-25T20:52:34Z,helpdeskx7x,14,refund not credited yet. @fastsupport0_in fastest support #RefundDelay,none,0,0,0,0,0,35,hi,x581254762213229443
x242234214843436274,2026-08-25T08:25:40Z,rizwan368,1608,"repair karana sasta hai, log samajhte nahi #RepairNotReplace",photo,41,10,2,0,5,643,bn,x467208080164647535
x920525056883567926,2026-08-25T18:28:36Z,rahul92607,267,last over replay pe replay dekh raha hu #MatchNight,none,6,0,1,0,0,114,en,
x316234892507891431,2026-08-25T08:38:14Z,vikram65307,761,"the whole crowd singing along, chills #WatchParty",video,20,5,2,0,1,276,en,
x546604868994387643,2026-08-24T16:01:57Z,hasan35094,225,this haul format is everywhere on my feed now #BackToCampus,none,1,0,0,0,0,124,en,
x148994412549242547,2026-08-25T14:07:21Z,farhan592x,564,"the whole crowd singing along, chills #WatchParty",video,10,2,0,0,0,194,en,
x340566862316100764,2026-08-25T21:49:14Z,vikram960270,5085,why is replacing the battery cheaper than the whole phone now #RepairNotReplace,none,205,35,26,8,29,3361,en,x360675921074042189
x685449923340124410,2026-08-25T22:28:38Z,shreya303269,309,last over replay pe replay dekh raha hu #UnderdogWin,photo,7,1,1,0,0,283,en,
x160581698061355185,2026-08-25T17:19:06Z,bina999_,232,"the whole crowd singing along, chills #SingalongChallenge",none,0,0,0,0,0,57,ur,
x404504155054109595,2026-08-25T10:09:35Z,zoya805595,628,"genuinely good thread on repairability scores, worth a read #RightToRepair",none,7,1,0,0,0,241,hi,
x628331718055615698,2026-08-25T11:35:59Z,imran148_,1827,NOBODY saw that result coming #MatchNight,none,31,1,0,0,0,519,en,
x504937848367642378,2026-08-24T14:29:21Z,imran15,1338,anyone know how long the update usually takes? #ShippingUpdate,none,23,4,2,1,2,966,hi,x203985765302054461
x161202771954027328,2026-08-25T22:46:14Z,helpdeskx7x,14,"order issue solved in 10 min, DM @claimnow8 #OrderIssue",video,0,0,0,0,0,34,en,
x701625574818857500,2026-08-25T17:12:43Z,bina953,1665,underdogs really did that tonight #MatchNight,video,9,2,1,0,0,271,en,
x531724190940069391,2026-08-25T08:12:52Z,fastsupport0_in,71,order stuck? DM @helpdeskx2official solution guaranteed #OrderIssue,video,0,0,0,0,0,46,hi,
x154037624609372436,2026-08-25T09:16:08Z,anaya376_in,772,"repair karana sasta hai, log samajhte nahi #RightToRepair",none,31,5,1,0,0,687,ur,
x936569508312081267,2026-08-25T20:24:08Z,dipu72707,617,"genuinely good thread on repairability scores, worth a read #RepairNotReplace",none,2,0,0,0,0,367,en,
x328984672874034175,2026-08-25T19:27:31Z,hasan93,2018,"the whole crowd singing along, chills #WatchParty",photo,15,4,0,0,2,602,hi,
x580105402814065755,2026-08-25T00:08:13Z,kabir229,217,clip of that moment is everywhere now #SingalongChallenge,video,1,0,0,0,0,208,en,
x358860573693390821,25/08/2026 16:55,tara848,549,"parts pairing is the real problem, not the screws #RepairNotReplace",none,6,1,0,0,0,120,ur,x393634545813422157
x162145456464340925,2026-08-24T09:12:49Z,shreya9407,598,made it into the roundup somehow #FridayFaves,video,12,3,0,0,1,446,en,
x727176673513861084,2026-08-25T11:46:25Z,rizwan694_,389,clip of that moment is everywhere now #WatchParty,video,,1,1,0,3,,ur,
x633967921276111890,2026-08-24T22:53:59Z,omar305521,3801,underdogs really did that tonight #UnderdogWin,photo,55,2,9,0,4,1946,en,
x763439813991822862,2026-08-25T14:37:33Z,neel250_in,14,found this 12-rupee plate near the station and i'm never recovering #LateNightEats,video,1,0,0,0,0,40,en,
x178381957795080459,2026-08-25T11:05:49Z,fastsupport507,133,refund pending since 48 hours. contact @refundhelp1 for fast resolution #OrderIssue,video,0,0,0,0,0,20,bn,
x971767931706181804,2026-08-25T11:28:16Z,anaya4507,101,"late night eats thread, adding this one to the list #LateNightEats",photo,0,0,0,0,0,23,hi,x758635723339377048
x850703325301967017,2026-08-25T23:35:57Z,bina953,1665,"parts pairing is the real problem, not the screws #RightToRepair",video,8,1,1,0,0,383,bn,x755166434433388861
